:020000040800F2
:1000000078280020C9010008D1010008852B0008CC
:10001000D5010008D7010008D90100080000000040
:10002000000000000000000000000000DB010008EC
:10003000DD01000800000000DF0100088960000801
:10004000E301000899530008E3010008E3010008F8
:10005000E3010008E3010008E3010008E3010008F0
:10006000E3010008291900083D190008E90F0008FC
:10007000E3010008E3010008E3010008E3010008D0
:10008000E3010008E3010008E3010008E3010008C0
:10009000E3010008E3010008E3010008511900082A
:1000A000E3010008E3010008E3010008E3010008A0
:1000B000E3010008E301000895620008E30100087D
:1000C000E3010008E3010008E3010008E301000880
:1000D000E3010008E3010008E3010008E301000870
:1000E00011190008E3010008E301000800F002F81C
:1000F00000F05AF80AA090E8000C82448344AAF168
:100100000107DA4501D100F04FF8AFF2090EBAE865
:100110000F0013F0010F18BFFB1A43F0010318473B
:1001200084D30000A4D300000A444FF0000C10F860
:10013000013B13F0070408BF10F8014B1D1108BF65
:1001400010F8015B641E05D010F8016B641E01F805
:10015000016BF9D113F0080F1EBF10F8014BAD1C55
:100160000C1B09D16D1E58BF01F801CBFAD505E073
:1001700014F8016B01F8016B6D1EF9D59142D6D3CD
:10018000704700000023002400250026103A28BFF5
:1001900078C1FBD8520728BF30C148BF0B607047F9
:1001A0001FB51FBD10B510BD00F066F91146FFF771
:1001B000F7FF08F0EDFA00F084F903B4FFF7F2FF5F
:1001C00003BC00F087F90000094880470948004750
:1001D000FEE7FEE7FEE7FEE7FEE7FEE7FEE7FEE7F7
:1001E000FEE7FEE704480549054A064B7047000054
:1001F00085610008ED0000087822002078280020A2
:100200007824002078240020002800DA404270473B
:10021000032A40F2308010F0030C00F0158011F832
:10022000013BBCF1020F624498BF11F801CB00F80A
:10023000013B38BF11F8013BA2F1040298BF00F85E
:1002400001CB38BF00F8013B11F0030300F06780D9
:10025000083AC0F0088051F8043B083A51F804CB42
:10026000A0E80810F5E7121D5CBF51F8043B40F808
:10027000043BAFF30080D20724BF11F8013B11F813
:1002800001CB48BF11F8012B24BF00F8013B00F857
:1002900001CB48BF00F8012B7047431A28BF9A4290
:1002A0007FF6B6AF10441144032A40F2268010F0C6
:1002B000030F1EBF11F8013D521E00F8013D10F062
:1002C000030F7FF4F6AF11F0030300F0A280083AA9
:1002D000C0F00B8051F8043D083A51F804CD40F8C5
:1002E000043D40F804CDFFF7F3BF121D5CBF51F889
:1002F000043D40F8043DAFF30080D20724BF11F85D
:10030000013D11F801CD48BF11F8012C24BF00F8C0
:10031000013D00F801CD48BF00F8012C704710B531
:10032000203AC0F00B80B1E81850A0E81850B1E8AE
:100330001850A0E81850203ABFF4F5AF5FEA027CED
:1003400024BFB1E81850A0E8185044BF18C918C01D
:10035000BDE810405FEA827C24BF51F8043B40F8BE
:10036000043B08BF7047D20728BF31F8023B48BFA3
:1003700011F8012B28BF20F8023B48BF00F8012BE1
:1003800070474FF0000200B5134694469646203958
:1003900022BFA0E80C50A0E80C50B1F12001BFF43E
:1003A000F7AF090728BFA0E80C5048BF0CC05DF8A4
:1003B00004EB890028BF40F8042B08BF704748BFF2
:1003C00020F8022B11F0804F18BF00F8012B704766
:1003D00070477047704710B500F046F8006810BDD0
:1003E00010B5044600F040F8046010BD431A28BF61
:1003F0009A427FF694AF1044114410F0030F1EBFD1
:1004000011F8013D521E00F8013D10F0030F7FF47A
:10041000F6AF103AC0F00A8010B531E9185020E963
:100420001850103ABFF4F9AFBDE81040530724BF8D
:1004300031E9081020E9081044BF51F8043D40F8A4
:10044000043D12F0030F08BF7047D20728BF31F8F0
:10045000023D48BF11F8012C28BF20F8023D48BFDB
:1004600000F8012C70470000004870473802002057
:1004700000487047380200207546FFF7F9FFAE4686
:1004800005006946534620F00700854618B020B5A0
:10049000FFF7A8FEBDE820404FF000064FF0000730
:1004A0004FF000084FF0000BAC46ACE8C009ACE8D8
:1004B000C009ACE8C009ACE8C00921F007018D46CD
:1004C000704710B50446AFF300802046BDE81040E9
:1004D000FFF773BE01491820ABBEFEE726000200FD
:1004E0007047000080B584B01021C4F2020142F2CE
:1004F0004C40C4F20100086040F2B020C2F200009B
:100500001421C4F2020108600C21C4F2020110207F
:1005100008600821C4F20201086840F6A6221043D0
:100520000860086840F0010008600B20009001217D
:1005300006F0BEF9009806F0A3F942F20841C4F2B1
:1005400001010391086840F0010008600A20019051
:1005500008F042F8019842F60802C4F20102029241
:10056000116841F00101116008F036F8029A039910
:1005700042F23443C4F2010304201860086840F2D8
:100580000313C0F21E031843086042F20443C4F28E
:100590000103186840F400301860186840F48020A7
:1005A000186042F21043C4F20103186820F4E040DE
:1005B0001860186840F400501860186840F48050C3
:1005C000186042F63403C4F2010307201860106873
:1005D0000323C0F21E0318431060086840F00400B3
:1005E0000860FFE742F20840C4F2010000684007DB
:1005F000002801D5FFE7F5E742F60801C4F2010142
:10060000086840F004000860FFE742F60800C4F202
:10061000010000684007002801D5FFE7F5E704B0B6
:1006200080BD000080B586B08DF817009DF81700DA
:10063000013801460491072800F293800499DFE80D
:1006400001F0043435525354557A41F22060C2F21D
:1006500000000078C00738BBFFE740F2A810C2F2E4
:10066000000090F8700058B1FFE740F2A810C2F205
:10067000000090F86F1000EB8101086BC8600AE081
:1006800040F2A810C2F2000090F86F1000EB810158
:10069000C8680863FFE705F099F805F01FFC05F04E
:1006A00019FB05F0CFFAFFE75CE05BE041F2206068
:1006B000C2F200000078C00748B9FFE741F22061AC
:1006C000C2F200010120087004F032F80AE041F2A1
:1006D0002061C2F200010020087005F0F7F905F072
:1006E000FDFBFFE73EE03DE03CE03BE040F2A810D0
:1006F000C2F2000090F86F10084490F854000128EE
:100700000BD1FFE740F2A810C2F2000090F86F1082
:100710000144002081F854000AE040F2A810C2F21F
:10072000000090F86F100144012081F85400FFE7A9
:1007300004F0EAFF16E040F22000C2F20000036875
:100740004068694600228A604FF4FC624A60086093
:100750004CF68442C0F600021E21084603F048FD14
:1007600000E0FFE706B080BD80B584B08DF80F00D3
:100770009DF80F00013801460291072800F2C2815E
:100780000299DFE811F0080032006600C200E300C1
:10079000170138017D0141F22060C2F200000078AB
:1007A000C00708BBFFE740F2A810C2F2000090F8B3
:1007B000700040B1FFE740F2A811C2F20001002032
:1007C00081F8700007E040F2A811C2F20001012098
:1007D00081F87000FFE704F0F9FF05F07FFB05F0FA
:1007E00079FA05F02FFAFFE78DE141F22060C2F2BD
:1007F00000000078C00740BBFFE740F2A810C2F23B
:10080000000090F86F0007280ADCFFE740F2A8110B
:10081000C2F2000191F86F00013081F86F0007E02B
:1008200040F2A811C2F20001002081F86F00FFE73A
:1008300005F05AF804F0CAFF05F050FB05F04AFA3B
:1008400005F000FA04F060FF02E004F0C9FCFFE7E5
:1008500059E141F22060C2F200000078C007002890
:100860004DD1FFE740F29010C2F20000007803285B
:1008700008DCFFE740F29011C2F200010878013075
:10088000087006E040F29011C2F2000100200870EA
:10089000FFE740F2A810C2F2000090F8700078B9AB
:1008A000FFE740F29010C2F20000007840F2A81179
:1008B000C2F2000191F86F20114481F85D00FFE75A
:1008C00040F2A810C2F2000090F8700001280FD189
:1008D000FFE740F29010C2F20000007840F2A81149
:1008E000C2F2000191F86F20114481F86600FFE721
:1008F00005F0F4FA05F0EEF905F0A4F904E003F0D0
:10090000F9FD03F015FFFFE7FDE041F22060C2F2C0
:1009100000000078C007C0B9FFE742F27120C2F2C0
:100920000000007838B1FFE742F27121C2F2000105
:100930000020087006E042F27121C2F2000101209D
:100940000870FFE705F05CFAFFE7DCE041F22060A9
:10095000C2F200000078C00740BBFFE740F2A810D9
:10096000C2F2000090F86F0001280ADBFFE740F2B6
:10097000A811C2F2000191F86F00013881F86F00F0
:1009800007E040F2A811C2F20001082081F86F00D0
:10099000FFE704F0A9FF04F019FF05F09FFA05F046
:1009A00099F905F04FF904F0AFFE02E003F0E2FD23
:1009B000FFE7A8E041F22060C2F200000078C00723
:1009C000C0B9FFE742F27120C2F20000407838B1AE
:1009D000FFE742F27121C2F200010020487006E0F8
:1009E00042F27121C2F2000101204870FFE705F0D8
:1009F00029F9FFE787E040F2A810C2F20000B0F842
:100A00007200014601910A2819D0FFE70198642875
:100A10000DD0FFE70198B0F57A7F18D1FFE740F2DB
:100A2000A811C2F200016420A1F8720018E040F29F
:100A3000A811C2F200010A20A1F8720010E040F2F1
:100A4000A811C2F200010120A1F8720008E040F2F2
:100A5000A811C2F200014FF47A70A1F87200FFE70A
:100A600040F2A810C2F20000B0F8720041F220611A
:100A7000C2F20001097801F0010105F05DF842E0E1
:100A800041F22060C2F200000078C007C8BBFFE757
:100A900042F26400C2F200000078C00738B9FFE7F4
:100AA00042F26401C2F200010120087006E042F245
:100AB0006401C2F2000100200870FFE742F2640006
:100AC000C2F200000078C00768B9FFE7694600205D
:100AD00008602E2067210A224FF4FC6303F058FCC3
:100AE00004F078FD0CE06946002008602E206721A4
:100AF0000B224FF4784303F04BFC05F005FEFFE7B3
:100B0000FFE700E0FFE704B080BD000080B590B0D3
:100B10000F900E910D9240F6DB70C4F249000C90DC
:100B20000C980F9909F0E6FC0E9909F03DFB08F0CE
:100B300045FF0B900B99084609F0DCFC0A9047F63C
:100B4000FA60C3F60A7009900A9800900B98099908
:100B500009F02AFB0146009809F088FA4FF07E510F
:100B6000049109F083FA08900A98089909F01CFB8F
:100B70004FF08D41059109F0BDFC09F00BFC0D997A
:100B800008610A99084609F071FA089909F00CFB06
:100B9000059909F0AFFC09F0FDFB04990D9A50612D
:100BA0000D9A106990610A9809F0AAFD014608465D
:100BB00009F05CFA089909F0F7FA059909F09AFC2E
:100BC00009F0E8FB0D99C8610A9801900B98099902
:100BD00009F0EAFA0146019809F092FD049909F03A
:100BE00045FA089909F0E0FA059909F083FC09F043
:100BF000D1FB0D99086242F60230C3F6A770079048
:100C00000A9802900B98079909F0CEFA01460298CB
:100C100009F02CFA049909F029FA06900A98069925
:100C200009F0C2FA059909F065FC09F0B3FB0D99CA
:100C300048630A99084609F019FA069909F0B4FAC6
:100C4000059909F057FC09F0A5FB04990D9A9063EA
:100C50000D9A506BD0630A9809F052FD0146084680
:100C600009F004FA069909F09FFA059909F042FC87
:100C700009F090FB0D9908640A9803900B98079966
:100C800009F092FA0146039809F03AFD049909F037
:100C9000EDF9069909F088FA059909F02BFC09F09D
:100CA00079FB0D9948640D99002008600D99486002
:100CB0000D9988600D99C8600D9948620D998862F8
:100CC0000D99C8620D99086310B080BD80B59AB0C7
:100CD00019901891179240F6DB70C4F249001690F3
:100CE000189815901998149014980021C4F248414E
:100CF00009F040FA01460820002918BF02208DF8AB
:100D00004F00179828B1FFE79DF84F00179908701A
:100D1000FFE79DF84F0009F071FB0146084609F016
:100D2000A5F912901698149909F0E4FB159909F0A9
:100D30003BFA08F043FE11901199084609F0DAFBDE
:100D4000109000200F90FFE70F989DF84F108842F9
:100D500080F2AF80FFE7169800900F9809F036FBFD
:100D60000146084609F082F94FF07E51049109F0DE
:100D70007DF90146009809F0BDFB019012990846E3
:100D800009F074F90146019809F00EFA0E900E98D8
:100D900008F056FD0146084609F068F90146049836
:100DA00009F002FA0D901098029011980D9909F02F
:100DB000FBF90146029809F059F9049909F056F92E
:100DC0000C9010980C9909F0EFF90B900B990846CC
:100DD00009F04CF904990A900B980990109809F0C1
:100DE0008FFC0146084609F041F90C9909F0DCF93D
:100DF00008901098039011980D9909F0D5F90146C3
:100E0000039809F07DFC049909F030F90C9909F078
:100E1000CBF907900B984FF09D41059109F06AFBC3
:100E200009F0B8FA05990F9A02EB820341F2FC42ED
:100E3000C2F20002069242F823000A9809F05AFB17
:100E400009F0A8FA0599069A0F9B03EB830302EBBE
:100E500083025060099809F04DFB09F09BFA05994F
:100E6000069A0F9B03EB830302EB830290600898C2
:100E700080F0004009F03EFB09F08CFA0599069AD3
:100E80000F9B03EB830302EB8302D060079880F093
:100E9000004009F02FFB09F07DFA06990F9A02EB4A
:100EA000820201EB82010861FFE70F9801300F9089
:100EB0004AE701201AB080BD80B582B041F200013E
:100EC000C4F20201086840F480300860FFE741F294
:100ED0000000C4F2020000688003002802D4FFE78B
:100EE00000BFF4E742F20001C4F2020108680222E6
:100EF00062F30200086041F20401C4F202014FF4FF
:100F00004710086041F20001C4F20201086840F095
:100F100080700860FFE741F20000C4F20200006840
:100F20008001002802D4FFE700BFF4E741F204018A
:100F3000C4F202010868022262F301000860FFE7C0
:100F400041F20400C4F20200006800F00C0008281E
:100F500002D0FFE700BFF3E74EF21401CEF200012A
:100F60004BF27F50C0F2010008604EF21801CEF241
:100F70000001002008604EF21001CEF200010720AF
:100F800008604FF0FF3001900F2105F091FC0198AF
:100F900005F076FC41F21401C4F20201086840F049
:100FA0000100086041F21801C4F20201086840F62D
:100FB0001D621043086041F21C01C4F2020108687E
:100FC00044F20702C1F22002104308600421C4F277
:100FD000010108680222C0F20022104320F0A06044
:100FE000086002B080BD0000B0B59EB00020C4F221
:100FF000020000684007002840F18681FFE70421D5
:10100000C4F20201086840F00400086040F2B02019
:10101000C2F200001D9040F64C60C2F200001C902D
:1010200040F64860C2F200001B9040F63064C2F205
:10103000000420681A9040F6346EC2F2000EDEF80A
:101040000000199040F6386CC2F2000CDCF8000089
:10105000189042F24C03C2F200031868179042F253
:101060005002C2F200021068169042F25401C2F21D
:101070000001086815901D98851C1D9505881A9813
:1010800028441A901A9D199828441990199D189867
:10109000284418901D98851C1D950588179828448C
:1010A0001790179D169828441690169D1598284459
:1010B00015901D98851C1D9505881A9828441A902E
:1010C0001A9D199828441990199D18982844189029
:1010D0001D98851C1D950588179828441790179D05
:1010E000169828441690169D1598284415901D981A
:1010F000851C1D9505881A9828441A901A9D1998E0
:1011000028441990199D1898284418901D98851CFA
:101110001D950588179828441790179D1698284400
:101120001690169D1598284415901D98851C1D95A0
:1011300005881A9828441A901A9D199828441990DD
:10114000199D1898284418901D98851C1D95058890
:10115000179828441790179D169828441690169DA6
:101160001598284415901D98851C1D9505881A987A
:1011700028441A901A9D199828441990199D189876
:10118000284418901D98851C1D950588179828449B
:101190001790179D169828441690169D1598284468
:1011A00015901D98851C1D9505881A9828441A903D
:1011B0001A9D199828441990199D18982844189038
:1011C0001D98851C1D950588179828441790179D14
:1011D000169828441690169D1598284415901D9829
:1011E000851C1D9505881A9828441A901A9D1998EF
:1011F00028441990199D1898284418901D98851C0A
:101200001D950588179828441790179D169828440F
:101210001690169D1598284415901D98851C1D95AF
:1012200005881A9828441A901A9D199828441990EC
:10123000199D1898284418901D98851C1D9505889F
:10124000179828441790179D169828441690169DB5
:101250001598284415901A9820601998CEF8000027
:101260001898CCF800001798186016981060159818
:101270000860189840F61861C2F200010A68801AE6
:10128000149018980860149840F61C61C2F200018E
:101290000A68801A139014980860139840F6206129
:1012A000C2F200010A68801A12901398086015981B
:1012B00042F23401C2F200010A68801A11901598B6
:1012C0000860119842F23801C2F200010A68801ADF
:1012D000109011980860109842F23C01C2F200018F
:1012E0000A68801A0F90109808601298A0F5801074
:1012F00080091C9908800F98A0F5801080091B991F
:10130000088000F02FFBFFE70020C4F20200006815
:101310008007002840F18781FFE70421C4F2020121
:10132000086840F00200086040F2B020C2F20000FD
:1013300020300E9040F64C60C2F200000D9040F656
:101340004860C2F200000C9040F63064C2F2000423
:1013500020680B9040F6346EC2F2000EDEF80000FA
:101360000A9040F6386CC2F2000CDCF800000990DC
:1013700042F24C03C2F200031868089042F2500295
:10138000C2F200021068079042F25401C2F200015A
:10139000086806900E98851C0E9505880B982844C1
:1013A0000B900B9D0A9828440A900A9D099828449E
:1013B00009900E98851C0E95058808982844089079
:1013C000089D079828440790079D06982844069092
:1013D0000E98851C0E9505880B9828440B900B9D44
:1013E0000A9828440A900A9D0998284409900E9862
:1013F000851C0E950588089828440890089D079834
:1014000028440790079D0698284406900E98851C4E
:101410000E9505880B9828440B900B9D0A9828443C
:101420000A900A9D0998284409900E98851C0E95EB
:101430000588089828440890089D07982844079034
:10144000079D0698284406900E98851C0E950588E1
:101450000B9828440B900B9D0A9828440A900A9DEB
:101460000998284409900E98851C0E9505880898BF
:1014700028440890089D079828440790079D0698DF
:10148000284406900E98851C0E9505880B982844D4
:101490000B900B9D0A9828440A900A9D09982844AD
:1014A00009900E98851C0E95058808982844089088
:1014B000089D079828440790079D069828440690A1
:1014C0000E98851C0E9505880B9828440B900B9D53
:1014D0000A9828440A900A9D0998284409900E9871
:1014E000851C0E950588089828440890089D079843
:1014F00028440790079D0698284406900E98851C5E
:101500000E9505880B9828440B900B9D0A9828444B
:101510000A900A9D0998284409900E98851C0E95FA
:101520000588089828440890089D07982844079043
:10153000079D0698284406900E98851C0E950588F0
:101540000B9828440B900B9D0A9828440A900A9DFA
:101550000998284409900E98851C0E9505880898CE
:1015600028440890089D079828440790079D0698EE
:10157000284406900B9820600A98CEF8000009983D
:10158000CCF800000898186007981060069808606A
:10159000099840F61861C2F200010A68801A0590A5
:1015A00009980860059840F61C61C2F200010A68BB
:1015B000801A049005980860049840F62061C2F2F1
:1015C00000010A68801A039004980860069842F2A5
:1015D0003401C2F200010A68801A0290069808607D
:1015E000029842F23801C2F200010A68801A0190A2
:1015F00002980860019842F23C01C2F200010A68B8
:10160000801A0090019808600398A0F58010800966
:101610000D9908800098A0F5801080090C99088029
:1016200000F0A0F9FFE71EB0B0BD000080B588B0A3
:1016300006F046FF40F60861C2F200017F200880F4
:1016400040F28860C2F20000886041F63460C2F265
:1016500000004860FE20079000200690FFE70698F3
:10166000079988420DD2FFE7069A41F63461C2F22B
:101670000001002021F81200FFE7069801300690D3
:10168000EDE740F29010C2F200000290017840F2C3
:10169000E400C2F20000039030F8110008F0AEFE42
:1016A00041F29D52C2F2000205924EF20061C4F274
:1016B000AA61FFF70BFB02990246039841F29C5383
:1016C000C2F200031A70097830F8110008F096FE93
:1016D00040F20012C2F200024BF60021C4F2267161
:1016E0000491FFF713FA02990398097830F8110072
:1016F00008F084FE049940F24812C2F20002FFF79B
:1017000005FA0598017841F2A050C2F200006A463D
:10171000106040F2A020C2F2000041F25C42C2F22E
:10172000000241F2FC43C2F2000305F073F808B076
:1017300080BD000010B58CB0ADF82E00ADF82C10B7
:1017400040F2A210C2F200000088E72807DBFFE7A2
:1017500040F2A411C2F2000100200880D6E040F25D
:10176000A210C2F200000088C0F1E7014FF47040FF
:1017700090FBF1F040F2A411C2F2000108800A20AF
:10178000ADF82A00FFE7BDF82A00EA2811DCFFE7E0
:10179000BDF82C000130BDF82A1080B224220023AD
:1017A00001F0EEFAFFE7BDF82A000130ADF82A009B
:1017B000E9E70A20ADF82A00FFE7BDF82A00EA2889
:1017C00011DCFFE7BDF82C000130BDF82A1080B213
:1017D0002422002301F0D4FAFFE7BDF82A000130EB
:1017E000ADF82A00E9E7BDF92E0040F2A9214843EF
:1017F0000012099000208DF82300FFE79DF82300D8
:101800000E2800F28380FFE79DF8230000EB4001E3
:101810004AF6EC00C0F6000030F8210009990844AF
:1018200080380790079840F2A211C2F2000109889F
:10183000401A06900698B0F1FF3F01DCFFE75FE039
:10184000069840F2A411C2F2000109884843001230
:1018500005900598F12801DBFFE751E00598C0F1FC
:10186000F000ADF81200BDF812000A2805DBFFE712
:10187000BDF81200E72801DBFFE741E09DF82300F7
:1018800000EB40014AF6EC00C0F6000000EB8100DE
:10189000007A40B3FFE7BDF82C000130BDF812100C
:1018A00004399DF8232002EB42034AF6EC02C0F60D
:1018B000000202EB8302526840F2280CC2F2000CD4
:1018C000DCF80030DCF804C0EE460024CEF8084016
:1018D0004FF48064CEF80440CEF800C080B289B2E4
:1018E00002F086FC0BE0BDF82C000130BDF81210B0
:1018F00080B202224FF4806301F042FAFFE7FFE773
:101900009DF8230001308DF8230077E70CB010BD5F
:1019100080B540F21441C4F201014FF40040086068
:1019200004F08EFB80BD000080B540F21441C4F28B
:1019300001010820086004F083FB80BD80B540F2FF
:101940001441C4F201011020086004F079FB80BD4D
:1019500080B540F21441C4F201014020086004F057
:101960006FFB80BD80B5B2B040F64861C2F20001A5
:10197000B1F9000040F2F802C2F20002B2F9002010
:10198000424300EBE2301090109800F30E00088004
:1019900040F64C63C2F20003B3F90000109A40F223
:1019A000FA0CC2F2000CBCF900C002FB0CF200EB16
:1019B000E2300F900F9800F30E0018800888ADF801
:1019C0003A001888ADF83800B1F9000040F29822CA
:1019D000C2F20002B2F900C0A0EB0C0C00EB9C00BC
:1019E0000880B3F9000040F29A21C2F20001B1F977
:1019F00000C0A0EB0C0C00EB9C001880BDF83A0076
:101A00001080BDF8380008800020ADF83600ADF831
:101A1000340042F27720C2F20000007801460B91B8
:101A2000032844D80B99DFE801F00211213240F677
:101A30004860C2F200000088ADF8360040F64C6005
:101A4000C2F200000088ADF8340030E040F64C608F
:101A5000C2F2000000884042ADF8360040F648600F
:101A6000C2F200000088ADF8340020E040F6486083
:101A7000C2F2000000884042ADF8360040F64C60EB
:101A8000C2F2000000884042ADF834000FE040F69A
:101A90004C60C2F200000088ADF8360040F64860A5
:101AA000C2F2000000884042ADF83400FFE742F285
:101AB0007721C2F200010878013000F003000870BD
:101AC000BDF8360040F64861C2F200010880BDF85A
:101AD000342040F64C60C2F200000280B1F90030C0
:101AE00040F63C61C2F200010A681A440A600B68C1
:101AF00040F64061C2F200010A681A440A600B68AD
:101B000040F64462C2F20002116819441160B0F953
:101B1000002042F25800C2F2000001681144016046
:101B2000026842F25C00C2F20000016811440160E8
:101B3000026842F26001C2F20001086810440860C5
:101B400042F27420C2F20000018801310180B0F934
:101B5000000040F23021C2F20001B1F900108842C9
:101B600008DAFFE742F27621C2F200010020087095
:101B700000F025BC42F27421C2F20001002008806E
:101B800040F64460C2F2000000680C900C9840F6E9
:101B90002461C2F200010A68801A40F64A62C2F269
:101BA000000210800C980860B2F900000C900C98AC
:101BB00040F62861C2F200010B68C01A10800C9830
:101BC0000860B2F900000C900C9840F62C61C2F24B
:101BD00000010B68C01A10800C98086042F2600087
:101BE000C2F2000000680C900C9842F24001C2F270
:101BF00000010A68801A40F64E62C2F200021080AC
:101C00000C980860B2F900000C900C9842F2440164
:101C1000C2F200010B68C01A10800C980860B2F97B
:101C200000000C900C9842F24801C2F200010B68CF
:101C3000C01A10800C98086040F23020C2F20000F8
:101C4000B0F90000022811D1FFE740F64A61C2F264
:101C50000001B1F900008008088040F64E61C2F230
:101C60000001B1F900008008088010E040F64A61E8
:101C7000C2F20001B1F900004009088040F64E614F
:101C8000C2F20001B1F9000040090880FFE742F20A
:101C90006400C2F200000078C007002840F009820A
:101CA000FFE740F64E60C2F200000088404240F27A
:101CB0007061C2F200010A8841F25021C2F20001B3
:101CC00021F8120040F27262C2F20002108840F65F
:101CD0008A31C2F2000131F8100041F22E63C2F2E3
:101CE0000003188040F64A60C2F2000000881288A3
:101CF00021F8120040F29010C2F200000078C8B93A
:101D0000FFE740F64A60C2F20000B0F9000040F67A
:101D10004E61C2F20001B1F90010084440F2706156
:101D2000C2F200010A8840F65061C2F2000141F897
:101D30002200FFE740F29010C2F200000078012874
:101D400019D1FFE740F27060C2F20000028841F250
:101D50003060C2F2000030F9120041F22E61C2F28E
:101D60000001B1F90010084440F65061C2F20001D0
:101D700041F82200FFE740F29010C2F20000007824
:101D8000022819D1FFE740F27060C2F20000028819
:101D900041F23060C2F2000030F9120041F22E61CF
:101DA000C2F20001B1F90010401A40F65061C2F2CF
:101DB000000141F82200FFE740F29010C2F200005B
:101DC000007803284CD1FFE740F64A60C2F20000D9
:101DD000B0F90000099000280A9002D50998404205
:101DE0000A900A98129040F64E60C2F20000B0F9D4
:101DF000000007900028089002D5079840420890FC
:101E00000898119012981199884214DDFFE71298F2
:101E1000A0EB6010119900EBA10000EBE10040F293
:101E20007061C2F200010A8840F65061C2F20001FE
:101E300041F8220013E01198A0EB6010129900EB1A
:101E4000A10000EBE10040F27061C2F200010A88DB
:101E500040F65061C2F2000141F82200FFE7FFE7BF
:101E600040F27060C2F20000018841F63000C2F218
:101E7000000050F8210042F26801C2F20001B1F9FD
:101E80000010884211DDFFE740F27060C2F20000EE
:101E9000018841F63000C2F2000050F8210042F201
:101EA0006801C2F200010880FFE740F27060C2F2F0
:101EB0000000018841F63000C2F2000050F8210015
:101EC000309040F29410C2F200002F903098FEF74C
:101ED0009BF92E902E982F994968401A2D902D9895
:101EE00001281ADBFFE72F9890F90100012806DB93
:101EF000FFE72F9890F901000138069002E00020DA
:101F00000690FFE706982C902D982C9940FA01F244
:101F10002F9948681044486026E02F9890F90200F5
:101F2000052806DBFFE72F9890F90200043805909A
:101F300002E001200590FFE705982B902D982B9942
:101F400008412A902A9848B9FFE72D98B0F1FF3F41
:101F500004DCFFE74FF0FF302A90FFE72A9A2F9921
:101F6000486810444860FFE72F9890F9001001205E
:101F7000884029902998A0EBE00028904FF4004079
:101F800027902F984068289988420CDDFFE7289811
:101F9000C00326902F984068259026982599B0FB7D
:101FA000F1F02790FFE727982F998968401A24902D
:101FB0002498B0F1FF3F0ADCFFE724982F9991F9AC
:101FC000012040FA02F288681044886015E02498E5
:101FD0002F9991F9021008412390239838B9FFE70F
:101FE0002498012803DBFFE701202390FFE7239AD1
:101FF0002F99886810448860FFE730982F99896886
:102000004843C0132290229829990139884204DD5F
:10201000FFE7299801382290FFE722982999494241
:10202000884204DAFFE7299840422290FFE72F9880
:1020300090F90000082809DCFFE72F9890F90000CC
:10204000C0F109012298884022900FE02F9890F962
:1020500000000A2809DBFFE72F9890F90000A0F1A3
:102060000901229808412290FFE7FFE7229940F2F8
:102070009210C2F200000180018840F2A810C2F262
:10208000000090F87A00ADF8C6108DF8C500BDF9D3
:10209000C6009DF8C5204DF2DA11C0F6000131F9F5
:1020A00012104843C00B41F63061C2F200010880B3
:1020B00058E140F64E60C2F20000B0F9001040F264
:1020C0007060C2F20000038840F65062C2F2000263
:1020D00042F82310018841F63000C2F2000050F8A7
:1020E000211042F26600C2F200000180B0F9000047
:1020F000B0F1FF3F08DCFFE742F26601C2F20001E7
:10210000088840420880FFE742F26600C2F2000001
:10211000B0F9000042F26801C2F20001B1F900100A
:1021200088420BDDFFE742F26600C2F20000008841
:1021300042F26801C2F200010880FFE740F27060DD
:10214000C2F20000018841F63000C2F2000050F8EF
:102150002100219040F22420C2F20000209021981A
:10216000FEF752F81F901F9820994968401A1E9058
:102170001E9801281ADBFFE7209890F9010001283A
:1021800006DBFFE7209890F901000138049002E097
:1021900000200490FFE704981D901E981D9940FAB6
:1021A00001F2209948681044486026E0209890F990
:1021B0000200052806DBFFE7209890F902000438AA
:1021C000039002E001200390FFE703981C901E9803
:1021D0001C9908411B901B9848B9FFE71E98B0F165
:1021E000FF3F04DCFFE74FF0FF301B90FFE71B9A37
:1021F0002099486810444860FFE7209890F9001043
:10220000012088401A901A98A0EBE00019904FF432
:102210000040189020984068199988420CDDFFE72B
:102220001998C0031790209840681690179816992F
:10223000B0FBF1F01890FFE7189820998968401AD0
:1022400015901598B0F1FF3F0ADCFFE7159820992B
:1022500091F9012040FA02F288681044886015E084
:102260001598209991F9021008411490149838B9E2
:10227000FFE71598012803DBFFE701201490FFE733
:10228000149A2099886810448860FFE72198209963
:1022900089684843C013139013981A9901398842EA
:1022A00004DDFFE71A9801381390FFE713981A9995
:1022B0004942884204DAFFE71A9840421390FFE748
:1022C000209890F90000082809DCFFE7209890F991
:1022D0000000C0F109011398884013900FE0209886
:1022E00090F900000A2809DBFFE7209890F9000028
:1022F000A0F10901139808411390FFE7FFE7139835
:10230000820140F27060C2F20000038841F2502165
:10231000C2F2000121F8132040F27263C2F20003FE
:10232000B3F800C040F68A32C2F2000232F81CC094
:1023300041F22E6EC2F2000EAEF800C0B0F800C03E
:1023400031F81C101B8822F81310018841F230600C
:10235000C2F2000030F8110040F29211C2F2000106
:102360000880FFE740F27060C2F20000018801318E
:1023700001800088B0F5807F07DBFFE740F27061E5
:10238000C2F2000100200880FFE740F27260C2F252
:1023900000000188013101800088B0F59F7F07DDD2
:1023A000FFE740F27261C2F2000100200880FFE7FF
:1023B00042F27621C2F2000101200870FFE742F2EA
:1023C0006400C2F200000078C00700285ED1FFE779
:1023D00041F63060C2F20000029040F24811C2F2B1
:1023E000000100F0C9F8029840F20011C2F20001A9
:1023F00000F0C2F80298008800F5007040F24041F9
:10240000C4F20001088040F27460C2F2000000884B
:1024100040F2FE01C2F200010988884228DAFFE793
:1024200040F61460C2F200000078C00700BBFFE76E
:1024300040F64C60C2F200000088800040F27461F7
:10244000C2F200010B8840F28872C2F2000222F848
:10245000230040F64860C2F200000088404280003D
:102460000B8802EB830250800888013008800CE062
:1024700040F27461C2F200010020088040F614614D
:10248000C2F2000101200870FFE772E041F22E6005
:10249000C2F20000009040F20011C2F2000100F010
:1024A0006BF840F29210C2F20000019040F2481125
:1024B000C2F2000100F060F800990198B1F9001033
:1024C00001F30F0247F6FF710A44920940F23443C8
:1024D000C4F200031A80B0F9000000F30F000844B2
:1024E00080094021C4F20001088040F27460C2F209
:1024F0000000008840F2FE01C2F200010988884213
:1025000029DAFFE740F61460C2F200000078C00745
:1025100008BBFFE741F22E60C2F20000B0F90000F4
:10252000800840F27461C2F200010B8840F28872A8
:10253000C2F2000222F8230040F29210C2F2000020
:10254000B0F9000080080B8802EB830250800888F5
:10255000013008800CE040F27461C2F200010020FA
:10256000088040F61461C2F2000101200870FFE704
:10257000FFE732B080BD0000B0B58AB00990089185
:102580000998B0F900000490049C089B01931D6910
:1025900059691868D3F804E0D3F808C0DA6880FBFA
:1025A0000110C4FB05109C69CEFB0410D3F81CE09D
:1025B0008CFB0EECB1EB0E0160EB0C001B6A82FB96
:1025C0000332C91A90410691079006980799800B2B
:1025D00040EA814005900899086848600498089985
:1025E000086008998868C860059808998860059C03
:1025F000089B02935D6B996B586AD3F828E0D3F877
:102600002CC01A6B80FB0110C4FB0510DC6BCEFBE9
:102610000410D3F840E08CFB0EECB1EB0E0160EB44
:102620000C005B6C82FB0332C91A90410691079043
:1026300006980799800B40EA814003900899486A00
:1026400088620598089948620899C86A08630398DF
:102650000899C8620398B0F5004F04DBFFE747F61E
:10266000FF7003900BE0039810F5004F06DAFFE7C8
:1026700048F20000CFF6FF700390FFE7FFE70398F2
:10268000099908800AB0B0BD81B00090FFE742F21E
:102690000C00C4F202000068C00708B1FFE7F6E7CB
:1026A00042F21001C4F20201086840F00200086022
:1026B000009842F21402C4F202021060086840F06E
:1026C00040000860FFE742F20C00C4F2020000681C
:1026D000C00708B1FFE7F6E742F21001C4F20201B9
:1026E000086820F00200086001B0704742F2100153
:1026F000C4F20201086840F08000086070470000E2
:1027000042F21000C4F202000068000600280FD553
:10271000FFE742F20401C4F2020140F22310C4F2C6
:102720006750086048F6AB10CCF6EF500860FFE742
:1027300042F20C01C4F20201086840F03400086063
:102740007047000087B00690059142F21001C4F274
:102750000201086840F0010008600598049006989E
:1027600003903E20029001208DF807000020009089
:10277000FFE70098029988422FD2FFE7FFE742F275
:102780000C00C4F202000068C00708B1FFE7F6E7DA
:102790000498009A30F81200039921F81200FFE71C
:1027A00042F20C00C4F202000068C00708B1FFE763
:1027B000F6E70398009930F811000499009A31F86F
:1027C0001210884204D0FFE700208DF8070004E0D3
:1027D000FFE7009801300090CBE7FFE742F20C00E2
:1027E000C4F202000068C00708B1FFE7F6E742F252
:1027F0001001C4F20201086820F0010008609DF891
:10280000070000F0010007B07047000040F60442E6
:10281000C4F2010210684FF6FF71C0F60F71084054
:102820001060106840F430001060106840F03040D4
:102830001060106820F070601060106840F08060D8
:10284000106040F60401C4F20101086820F47060D1
:102850000860086840F440700860086820F4704020
:102860000860086840F440500860086820F4702050
:102870000860086840F44030086040F60001C4F287
:102880000101086820F0C0000860086820F03000EE
:102890000860086840F010000860086820F00C002C
:1028A0000860086820F003000860086840F0010034
:1028B000086041F20403C4F20103186820F04040AC
:1028C0001860186820F040501860186840F0805078
:1028D0001860186820F040601860186820F0407098
:1028E0001860186840F080701860186820F4400084
:1028F0001860186820F440101860186840F48010C0
:10290000186040F61403C4F201030720186041F276
:102910001403C4F201034FF440401860106840F4FF
:1029200080701060106820F440601060106840F4FF
:1029300080501060106820F440401060086820F457
:1029400040300860086820F440200860086820F4DF
:1029500040100860086820F440000860086820F013
:1029600040500860086820F040400860086820F483
:1029700070400860086840F420400860086820F053
:1029800070600860086840F02060086040F6004110
:10299000C4F20101086820F0F0000860086840F007
:1029A000A000086041F21001C4F20101086840F47F
:1029B00000500860086840F00050086040F614427B
:1029C000C4F20102106840F40060106040F610414B
:1029D000C4F20101086840F480600860106840F4A7
:1029E00080601060086840F4006008607047000074
:1029F00080B50421C4F201010868022262F31A6062
:102A0000086040F60401C4F20101086820F070403B
:102A10000860086840F00040086040F60C01C4F20D
:102A20000101086840F40040086040F60041C4F22B
:102A30000101086840F6FF72CFF2F0021040086012
:102A4000086848F20002C0F608021043086040F629
:102A50000C41C4F20101086840F0580008600821E8
:102A6000C4F201010868012262F30F3008600C21F2
:102A7000C4F20101086862F303000860086862F3A9
:102A80000B2008601421C4F20101086820F4704092
:102A9000086040F20041C4F20101086848F258029F
:102AA0001043086040F20C41C4F201010868104371
:102AB000086040F20841C4F2010108681043086050
:102AC00040F21441C4F2010108200860102008609F
:102AD000402008604FF400400860092003F0D0FE59
:102AE0000A2003F0CDFE172003F0CAFE282003F0D1
:102AF000C7FE80BD81B000208DF8030040F60800BD
:102B0000C4F2010000680004002807D4FFE79DF824
:102B1000030040F001008DF80300FFE740F6084095
:102B2000C4F2010000680007002807D4FFE79DF801
:102B3000030040F002008DF80300FFE740F6084074
:102B4000C4F201000068C006002807D4FFE79DF822
:102B5000030040F004008DF80300FFE740F6084052
:102B6000C4F2010000684006002807D4FFE79DF882
:102B7000030040F008008DF80300FFE79DF8030014
:102B800001B07047FFE7FEE745F20041C4F20001E3
:102B9000088840F40040088000BF08886FF3DF30E9
:102BA000088045F20442C4F200022420108045F25D
:102BB0001C42C4F200021E20108045F22042C4F2E2
:102BC00000020C201080088840F001000880704747
:102BD00040F60441C4F20101086820F0FF000860DB
:102BE000086840F0FF00086045F20041C4F20001AF
:102BF000088840F40040088008886FF3DF300880C0
:102C000045F20442C4F20002108840F02400108013
:102C100045F21C42C4F20002B420108045F220426A
:102C2000C4F2000225201080088840F001000880CE
:102C30007047000082B0ADF80600009140F6100128
:102C4000C4F201014FF40060086040F61401C4F2C0
:102C500001014FF480500860FFE7009840B3FFE7A0
:102C60009DF8070043F60C01C4F200010870FFE76D
:102C700043F60800C4F2000000888007002801D451
:102C8000FFE7F5E79DF8060043F60C01C4F20001EA
:102C90000870FFE743F60800C4F2000000888007D0
:102CA000002801D4FFE7F5E7009801380090D4E749
:102CB000FFE743F60800C4F2000000888007002800
:102CC00001D4FFE7F5E7FFE743F60800C4F2000090
:102CD00000880006002801D5FFE7F5E740F610015F
:102CE000C4F201014FF48050086002B07047000048
:102CF00010B58AB0ADF82600ADF8241008920898F7
:102D000005A9049105F0E8FC049ABDF82600BDF879
:102D1000241040F2200CC2F2000CDCF80030DCF889
:102D200004C0EE460024CEF808404FF4FC64CEF810
:102D30000440CEF800C001F05BFA9DF81400302882
:102D40001BD1FFE7BDF82600BDF824109DF8142024
:102D500040F2200CC2F2000CDCF80030DCF804C0B9
:102D6000EE460024CEF808404FF48064CEF80440CC
:102D7000CEF800C001F0BCF9FFE70AB010BD0000BA
:102D800080B582B0ADF80600ADF80410ADF80220B1
:102D9000ADF80030BDF8060040F23201C2F2000189
:102DA000098888420ADAFFE7BDF8040040F23001E2
:102DB000C2F200010988884201DBFFE72BE0BDF881
:102DC0000600BDF802100844013840F23201C2F298
:102DD0000001098888420BDBFFE740F23200C2F2B3
:102DE00000000088BDF80610401AADF80200FFE7A9
:102DF000BDF80600BDF80430BDF8021001440139E9
:102E00008AB2194600F088FFBDF80000BDF8021034
:102E1000FFF710FFFFE702B080BD000080B58AB069
:102E2000ADF82600ADF824100892089805A905F021
:102E300053FCBDF82600ADF8120000200390FFE718
:102E4000039905A8415C0020029039B1FFE703997E
:102E500000200C29B8BF01200290FFE70298C007AC
:102E6000002800F08580FFE7039905A8405C2E2824
:102E70000CD0FFE7039905A8405C202806D0FFE7A7
:102E8000039905A8405C2C281AD1FFE7039A05A8EE
:102E9000805C41F22161C2F20001895C884209D064
:102EA000FFE7039A05A8805C41F22161C2F20001AC
:102EB0008854FFE7BDF812000930ADF8120053E066
:102EC000039A05A8805C41F22161C2F20001895C8D
:102ED000884243D0FFE7039905A8405C302834DBE3
:102EE000FFE7039905A8405C39282EDCFFE703982B
:102EF000C0B9FFE7039905A8405C302812D1FFE76D
:102F0000BDF81200BDF82410039B05AAD25C303A2C
:102F1000EC460023CCF80030D2B24FF4806301F0CD
:102F200037FA11E0BDF81200BDF82410039B05AA82
:102F3000D25C303AEC460023CCF80030D2B24FF4E9
:102F4000FC6301F025FAFFE7FFE7039A05A8805C20
:102F500041F22161C2F200018854FFE7BDF812007E
:102F60001230ADF81200FFE703980130039067E7D5
:102F70000AB080BDD0B502AF8EB027F80A0C27F892
:102F80000C1C07F80D2C47F8143C17F80D0C69467B
:102F900047F8181CC11D21F007026946891A8D46A1
:102FA00047F8341C47F81C0C002047F8200CFFE7BA
:102FB00057F8200C17F80D1C88420DDAFFE757F878
:102FC000341C57F8202C20208854FFE757F8200C99
:102FD000013047F8200CEBE757F8341C17F80D2C9C
:102FE0000020885417F80D0C013847F8240C57F8C6
:102FF000140C60B9FFE757F8341C17F80D0C0144A6
:10300000302001F8010C012047F8280C81E057F826
:10301000140CC00F47F82C0C57F82C0C30B1FFE7FC
:1030200057F8140C404247F8380C04E057F8140CD9
:1030300047F8380CFFE757F8380C47F8300CFFE733
:1030400057F8301C002047F83C0C51B1FFE757F807
:10305000241C0020B1F1FF3FC8BF012047F83C0C01
:10306000FFE757F83C0CC00700B3FFE757F8342CD4
:1030700057F8300C4CF6CD41CCF6CC41A0FB01C347
:10308000DB0803EB8303A0EB430040F0300057F86C
:10309000243CA3F1010C47F824CCD05457F8300C51
:1030A000A0FB0110C00847F8300CC9E757F82C0CFA
:1030B00060B1FFE757F8240C002807D4FFE757F862
:1030C000341C57F8242C2D208854FFE757F8342C53
:1030D00037F80A0C37F80C1C40F2200CC2F2000C36
:1030E000DCF80030DCF804C084B0EE46002447F879
:1030F000404CCEF808404FF4FC64CEF80440CEF8C3
:1031000000C001F075F857F8400C04B047F8280CDF
:10311000FFE757F8180C8546A7F10804A546D0BD6F
:1031200080B584B084460698ADF80EC0ADF80C109A
:10313000ADF80A20ADF80830ADF80600BDF80E0075
:1031400040F23201C2F20001098888420ADAFFE740
:10315000BDF80C0040F23001C2F20001098888423B
:1031600001DBFFE74BE0BDF80E00BDF80A10084494
:10317000013840F23201C2F20001098888420BDBBB
:10318000FFE740F23200C2F200000088BDF80E10E6
:10319000401AADF80A00FFE7BDF80C00BDF80810B2
:1031A0000844013840F23001C2F200010988884227
:1031B0000BDBFFE740F23000C2F200000088BDF8F0
:1031C0000C10401AADF80800FFE7BDF80E00BDF87E
:1031D0000C10BDF80A200244013ABDF808300B4437
:1031E000013B92B29BB200F097FDBDF80600BDF81E
:1031F0000810BDF80A205143FFF71CFDFFE704B09B
:1032000080BD0000B0B5AAB00020ADF8A600ADF8B2
:10321000A600FFE7BDF8A600192800F3D581FFE757
:10322000BDF8A600000248F6A331CBF62E21259169
:10323000A0FB0101782000EB511081B2FF20269005
:10324000052227924FF480632893FFF799FDDDF85C
:1032500094C02698279A289BBDF8A6100902A1FBC6
:103260000C1C7721A1EB5C1189B2FFF789FDBDF839
:10327000A600052865D1FFE7BDF8A600000248F6C4
:10328000A331CBF62E212191A0FB010174201D90CA
:1032900000EB511040F22801C2F200011E910B68B0
:1032A00049686A46002595604FF480642494546010
:1032B000116081B24CF61652C0F600022092F32043
:1032C0001F9000F095FF1D99DDF878C01F98209A97
:1032D000DDF884E0BDF8A6301B02A3FB0EE3A1EBF2
:1032E0005311DCF80030DCF804C0EE46CEF808508C
:1032F000CEF80440CEF800C089B200F079FF2199E1
:10330000249BBDF8A6000002A0FB0101782000EB81
:10331000511081B2FA2022900A222392FFF730FD49
:10332000DDF884C02298239A249BBDF8A6100902D8
:10333000A1FB0C1C7721A1EB5C1189B2FFF720FDEA
:10334000FFE7BDF8A6000A2865D1FFE7BDF8A60093
:10335000000248F6A331CBF62E211991A0FB010102
:103360007420159000EB511040F22801C2F20001C8
:1033700016910B6849686A46002595604FF4806491
:103380001C945460116081B24CF6FE42C0F60002FB
:103390001892EC20179000F02BFF1599DDF858C01B
:1033A0001798189ADDF864E0BDF8A6301B02A3FB5D
:1033B0000EE3A1EB5311DCF80030DCF804C0EE465C
:1033C000CEF80850CEF80440CEF800C089B200F024
:1033D0000FFF19991C9BBDF8A6000002A0FB01017C
:1033E000782000EB511081B2FA201A900A221B9229
:1033F000FFF7C6FCDDF864C01A981B9A1C9BBDF849
:10340000A6100902A1FB0C1C7721A1EB5C1189B26B
:10341000FFF7B6FCFFE7BDF8A6000F2865D1FFE770
:10342000BDF8A600000248F6A331CBF62E2111917B
:10343000A0FB010174200D9000EB511040F2280117
:10344000C2F200010E910B6849686A46002595603A
:103450004FF4806414945460116081B24CF61152A0
:10346000C0F600021092EC200F9000F0C1FE0D9902
:10347000DDF838C00F98109ADDF844E0BDF8A630AA
:103480001B02A3FB0EE3A1EB5311DCF80030DCF8C8
:1034900004C0EE46CEF80850CEF80440CEF800C086
:1034A00089B200F0A5FE1199149BBDF8A600000298
:1034B000A0FB0101782000EB511081B2FA2012909C
:1034C0000A221392FFF75CFCDDF844C01298139AAD
:1034D000149BBDF8A6100902A1FB0C1C7721A1EBDF
:1034E0005C1189B2FFF74CFCFFE7BDF8A600142879
:1034F00063D1FFE7BDF8A600000248F6A331CBF682
:103500002E210991A0FB0101722000EB511040F225
:103510002801C2F2000106910B6849686A4600253D
:1035200095604FF480640C945460116081B24CF645
:103530000252C0F600020892EC20079000F058FEFC
:10354000DDF818C00798089A099BBDF8A610090273
:10355000A1FB03137521A1EB5311DCF80030DCF85B
:1035600004C0EE46CEF80850CEF80440CEF800C0B5
:1035700089B200F03DFE09990C9BBDF8A60000023F
:10358000A0FB0101782000EB511081B2FA200A90D3
:103590000A220B92FFF7F4FBDDF824C00A980B9A7D
:1035A0000C9BBDF8A6100902A1FB0C1C7721A1EB16
:1035B0005C1189B2FFF7E4FBFFE7FFE7BDF8A60067
:1035C0000130ADF8A60025E6FA20039077210A2203
:1035D00004924FF4FC630593FFF7D2FB0398049A1F
:1035E000059B7821FFF7CCFB2AB0B0BD80B58CB02D
:1035F000ADF82600BDF9260008900898B0F1FF3F0D
:1036000004DCFFE7089840420890FFE7089818B9E3
:10361000FFE701200890FFE70898079007980A90B5
:103620000A9820B9FFE720208DF82F0005E00A98BE
:10363000B0FA80F08DF82F00FFE79DF82F0006907C
:103640000698C0F11F0005900020049005980328FB
:1036500008D3FFE7079805990339C84000F0070031
:1036600004900AE00798059901228A40013A104027
:10367000C1F1030188400490FFE70599049800EB2D
:1036800001100390039840F2A211C2F200010988D0
:10369000401A02900298B0F1FF3F03DCFFE70020E0
:1036A0000290FFE7029840F2A411C2F200010988DB
:1036B0004843000AADF80600BDF80600F12804DB17
:1036C000FFE7F020ADF80600FFE7BDF8060040F286
:1036D0009C21C2F20001B1F90010884208DDFFE729
:1036E000BDF8060040F29C21C2F20001088022E0F1
:1036F000BDF8060040F29C21C2F20001B1F90010B1
:10370000884217DAFFE740F29C20C2F200000188ED
:1037100001390180B0F90000BDF80610884208DACE
:10372000FFE7BDF8060040F29C21C2F200010880CC
:10373000FFE7FFE7FFE740F29C20C2F200000088AD
:10374000C0F1F000ADF80400BDF8040001280ADB68
:10375000FFE7BDF8043068460021016001200A221D
:10376000FFF7DEFCFFE740F29C20C2F20000B0F958
:103770000000012810DBFFE7BDF8041040F29C2098
:10378000C2F2000003886A464FF4FC60106001201A
:103790000A22FFF7C5FCFFE70CB080BD80B58AB0F8
:1037A0000990099803F0A6F840F29010C2F20000C8
:1037B000027840F2E401C2F2000131F81210ADF8D3
:1037C0001C10BDF81C1047F21F22C3F25912A1FBB6
:1037D00002214909ADF81A10BDF81A10C1F1800193
:1037E000ADF81810BDF81A108031ADF81610007839
:1037F000012809D1FFE78020ADF81800BDF81A00B4
:103800008030ADF8160012E040F29010C2F20000D5
:10381000007802280AD1FFE7BDF81A00C0F1800045
:10382000ADF818008020ADF81600FFE7FFE7002094
:10383000ADF81400FFE7BDF81400FF286CDCFFE7CB
:103840000998BDF8141030F81100ADF82000BDF84B
:103850002000B0F5807F04DBFFE7FF20ADF82000FB
:10386000FFE7BDF820104DF2A420C0F6000030F8AC
:103870001100ADF82200BDF814007F2806DCFFE738
:10388000BDF814008030ADF81E0005E0BDF814004E
:103890008038ADF81E00FFE7BDF91E00BDF8181016
:1038A000884221DBFFE7BDF91E00BDF816108842F3
:1038B0001ADCFFE7BDF822004EF298710840C008FC
:1038C000ADF81200BDF82200BDF81210401AADF894
:1038D0001000E020ADF80E00BDF81000BDF80E108D
:1038E0000844ADF82200FFE79DF82300BDF91E2033
:1038F00040F23031C2F2000101F81200BDF822009E
:10390000BDF91E2001EB42014870FFE7BDF814002D
:103910000130ADF814008EE740F23031C2F2000100
:103920000291072281F8FE20E02081F8FF0081F853
:10393000002181F8010141F25040C2F200000078FC
:10394000C0F5A0720021F023104600F0E5F90298BE
:1039500040F61002C4F201024FF40061116040F61B
:103960001402C4F201024FF4805111605821C4F2D4
:1039700002010A6822F001020A6010306422C4F2D7
:10398000020210605C22C4F202024FF4F070106078
:10399000086840F001000860FFE75C20C4F2020004
:1039A000006810B1FFE700BFF7E7FFE743F6080044
:1039B000C4F2000000880006002802D5FFE700BF1F
:1039C000F4E740F61001C4F201014FF480500860A2
:1039D00000204FF4827100F055FB41F25040C2F2DA
:1039E00000000190007800F085F90198017801311C
:1039F000017000783D2807DBFFE741F25041C2F239
:103A0000000100200870FFE70AB080BD80B584B0D7
:103A1000ADF80E0040F23200C2F2000001900288C0
:103A200040F23000C2F200000290038800210846F4
:103A300000F072F90199029ABDF80E000988128807
:103A40005143FFF7F7F804B080BD000080B590B097
:103A500040F61001C4F201014FF48060086000F0EC
:103A600027F90120009000F027FC42F2107004F0CA
:103A7000B3FDCB2000F020FC392000F051FC2C20BD
:103A800000F04EFC0020029000F04AFC342000F0D0
:103A900047FC022000F044FCCF2000F00DFC02980F
:103AA00000F03EFCC120059000F03AFC302000F010
:103AB00037FCE82000F000FC852000F031FC029883
:103AC00000F02EFC78200E9000F02AFCEA2000F096
:103AD000F3FB029800F024FC029800F021FCED209A
:103AE00000F0EAFB642000F01BFC03200F9000F0C4
:103AF00017FC122000F014FC812000F011FCF720CC
:103B000000F0DAFB202000F00BFCC02000F0D4FB1A
:103B1000232000F005FC059800F0CEFB102001905A
:103B200000F0FEFBC52000F0C7FB3E2000F0F8FBD4
:103B300028200C9000F0F4FBC72000F0BDFB86208D
:103B400000F0EEFB36200A9000F0B6FB482006900D
:103B500000F0E6FB3A2000F0AFFB552000F0E0FB60
:103B6000B12000F0A9FB029800F0DAFB1B2000F066
:103B7000D7FBB62000F0A0FB0820079000F0D0FB98
:103B8000822000F0CDFB272000F0CAFBF22000F0DD
:103B900093FB029800F0C4FB262000F08DFB0098F8
:103BA00000F0BEFBE02000F087FB0F200B9000F040
:103BB000B7FB3120099000F0B3FB2B2000F0B0FBE5
:103BC0000C20089000F0ACFB0E20039000F0A8FB46
:103BD000079800F0A5FB4E2000F0A2FBF12000F0BA
:103BE0009FFB372000F09CFB0720049000F098FB1F
:103BF000019800F095FB0F9800F092FB039800F0FD
:103C00008FFB092000F08CFB029800F089FBE1207B
:103C100000F052FB029800F083FB039800F080FB59
:103C2000142000F07DFB0F9800F07AFB11200D901E
:103C300000F076FB049800F073FB099800F070FB2D
:103C4000059800F06DFB069800F06AFB079800F0FD
:103C500067FB0B9800F064FB089800F061FB099883
:103C600000F05EFB0A9800F05BFB0B9800F058FB3D
:103C7000B42000F021FB0B2000F052FBBB2000F031
:103C80001BFB0C9800F04CFBB72000F015FB352017
:103C900000F046FB0D9800F00FFB0E9804F09CFC22
:103CA000292000F009FB0F9800F068F910B080BDE2
:103CB00080B584B040F61401C4F2010101914FF4C3
:103CC0008060029008604FF4FA60039004F084FC76
:103CD000019A03984FF48051116004F07DFC029921
:103CE000039840F61002C4F20102116004F074FC63
:103CF00004B080BD80B582B0ADF80600372000F07A
:103D0000DBFA9DF8070000F00BFB9DF8060000F0C1
:103D100007FB02B080BD000082B0ADF80600ADF830
:103D20000410ADF80220ADF8003040F61401C4F2E2
:103D300001014FF4006008604FF48050086043F6C2
:103D40000C01C4F200012A200870FFE743F60800C6
:103D5000C4F2000000888007002801D4FFE7F5E7DF
:103D6000FFE743F60800C4F20000008800060028C0
:103D700001D5FFE7F5E740F61001C4F201014FF469
:103D8000006008609DF8070043F60C01C4F20001D2
:103D90000870FFE743F60800C4F2000000888007BF
:103DA000002801D4FFE7F5E79DF8060043F60C0173
:103DB000C4F200010870FFE743F60800C4F20000F7
:103DC00000888007002801D4FFE7F5E79DF803008D
:103DD00043F60C01C4F200010870FFE743F6080047
:103DE000C4F2000000888007002801D4FFE7F5E74F
:103DF0009DF8020043F60C01C4F200010870FFE7D1
:103E000043F60800C4F2000000888007002801D4AF
:103E1000FFE7F5E7FFE743F60800C4F2000000887B
:103E20000006002801D5FFE7F5E740F61401C4F2CB
:103E300001014FF40060086043F60C01C4F2000178
:103E40002B200870FFE743F60800C4F2000000884A
:103E50008007002801D4FFE7F5E7FFE743F60800F5
:103E6000C4F2000000880006002801D5FFE7F5E74E
:103E700040F61001C4F201014FF4006008609DF8A3
:103E8000050043F60C01C4F200010870FFE743F699
:103E90000800C4F2000000888007002801D4FFE772
:103EA000F5E79DF8040043F60C01C4F20001087028
:103EB000FFE743F60800C4F20000008880070028EE
:103EC00001D4FFE7F5E79DF8010043F60C01C4F2C9
:103ED00000010870FFE743F60800C4F20000008804
:103EE0008007002801D4FFE7F5E79DF8000043F6BE
:103EF0000C01C4F200010870FFE743F60800C4F2A9
:103F0000000000888007002801D4FFE7F5E7FFE7FD
:103F100043F60800C4F2000000880006002801D51E
:103F2000FFE7F5E740F61401C4F201014FF4006029
:103F3000086043F60C01C4F200012C200870FFE772
:103F400043F60800C4F2000000888007002801D46E
:103F5000FFE7F5E7FFE743F60800C4F2000000883A
:103F60000006002801D5FFE7F5E740F61001C4F28E
:103F700001014FF48050086002B0704780B582B0F4
:103F80008DF8070040F61401C4F201014FF40060FF
:103F900008604FF48050086043F60C01C4F2000141
:103FA00036200870FFE743F60800C4F200000088DE
:103FB0008007002801D4FFE7F5E7FFE743F6080094
:103FC000C4F2000000880006002801D5FFE7F5E7ED
:103FD00040F61001C4F201014FF4805008609DF8D2
:103FE000070001460091032848D80099DFE801F056
:103FF00002132435202000F093F940F23201C2F27E
:104000000001F020088040F23001C2F200014FF4BC
:10401000A070088033E0802000F082F940F2320185
:10402000C2F200014FF4A070088040F23001C2F2E9
:104030000001F020088022E0E02000F071F940F259
:104040003201C2F20001F020088040F23001C2F2D9
:1040500000014FF4A070088011E0402000F060F9EA
:1040600040F23201C2F200014FF4A070088040F229
:104070003001C2F20001F020088000E0FFE702B04A
:1040800080BD000080B582B0ADF80600ADF8041028
:10409000BDF80600BDF804100844B0F5A07F25DC8B
:1040A000FFE7BDF80600BDF804100844C0F5A07095
:1040B000ADF80200332000F0FFF89DF8070000F093
:1040C0002FF99DF8060000F02BF99DF8030000F091
:1040D00027F99DF8020000F023F99DF8050000F093
:1040E0001FF99DF8040000F01BF9FFE702B080BD46
:1040F000B0B58AB09E460B4684460E9C10980F9928
:104100000994CDF820E0ADF81EC0ADF81C308DF854
:104110001B20ADF81810ADF816000020009001909B
:10412000BDF81E00BDF81C109DF820209DF8213020
:104130000244013A0B44013B92B29BB2FFF7ECFD03
:10414000009840F61002C4F201024FF400611160C1
:1041500040F61402C4F201024FF480511160049041
:10416000FFE704989DF82110884238D2FFE70998AC
:104170009DF81B1020399DF82120049B01FB023182
:1041800030F81100039000200290FFE702989DF89C
:10419000201088421ED2FFE703980299884000044D
:1041A000002809D5FFE79DF8190000F0B9F89DF83F
:1041B000180000F0B5F808E09DF8170000F0B0F81E
:1041C0009DF8160000F0ACF8FFE7FFE70298013019
:1041D0000290DBE7FFE7049801300490C1E740F666
:1041E0001001C4F201014FF4805008600AB0B0BD64
:1041F000B0B588B09E460B4684460C9C0E980D992F
:104200000794CDF818E0ADF816C0ADF8143004925C
:10421000ADF80E10ADF80C00FFE704980078002808
:1042200047D0FFE7BDF816009DF818100844B0F518
:10423000A07F1DDBFFE70020ADF816009DF81910E8
:10424000BDF814000844ADF81400BDF814009DF842
:1042500019100844F02801DBFFE72AE004980078F1
:10426000202804D1FFE7049801300490D5E7FFE748
:10427000BDF81600BDF81410049A1278BDF80E406F
:10428000BDF80C50069BDDF81CC0EE46CEF8085079
:10429000CEF80440CEF800C0FFF72AFF9DF81810B2
:1042A000BDF816000844ADF81600049801300490DB
:1042B000B3E708B0B0BD000081B08DF8030040F650
:1042C0001401C4F201014FF4006008604FF4805003
:1042D00008609DF8030043F60C01C4F20001087069
:1042E000FFE743F60800C4F20000008880070028BA
:1042F00001D4FFE7F5E7FFE743F60800C4F200004A
:1043000000880006002801D5FFE7F5E740F6100118
:10431000C4F201014FF48050086001B07047000002
:1043200081B08DF8030040F61001C4F201014FF492
:104330000060086040F61401C4F201014FF480509F
:1043400008609DF8030043F60C01C4F200010870F8
:10435000FFE743F60800C4F2000000888007002849
:1043600001D4FFE7F5E7FFE743F60800C4F20000D9
:1043700000880006002801D5FFE7F5E740F61001A8
:10438000C4F201014FF48050086001B07047000092
:1043900080B58AB084460C98ADF826C0ADF82410DC
:1043A0008DF82320ADF82030ADF81E0012208DF8D6
:1043B0000D0022208DF80C00032002909DF82300B0
:1043C0000C2801DBFFE785E0BDF82600BDF82410CE
:1043D00000F1110201F1210392B29BB2FFF79CFCA4
:1043E00040F61001C4F201014FF40060086040F68D
:1043F0001401C4F201014FF48050086000200690BF
:10440000FFE7069821285DD8FFE7002001909DF87E
:104410002310069A02EB4203662201FB023104914B
:104420000499019A0A444BF26C61C0F60001895C60
:104430008DF80F108DF80E000590FFE705981128F4
:104440003BD8FFE79DF80E00082811D1FFE701983F
:10445000013001900498019901444BF26C60C0F660
:104460000000405C8DF80F0000208DF80E00FFE783
:104470009DF80F009DF80E1088400006002809D412
:10448000FFE79DF82100FFF74BFF9DF82000FFF7A5
:1044900047FF08E09DF81F00FFF742FF9DF81E0050
:1044A000FFF73EFFFFE79DF80E0001308DF80E008C
:1044B000FFE7059801300590C0E7FFE70698013057
:1044C00006909EE740F61001C4F201014FF48050BF
:1044D0000860FFE70AB080BD80B50020FFF796FABC
:1044E000FEF790FE28200B21FDF724F901F0EEFAEB
:1044F00080BD000042F27020C2F200000078C007C8
:10450000B8B9FFE740F68830C2F20000007807280B
:1045100007D1FFE740F68831C2F2000100200870A1
:1045200006E042F27021C2F2000101200870FFE7AC
:104530001FE040F68930C2F20000007840F6883172
:10454000C2F200010A784CF24801C0F60001895C11
:10455000013988420CD1FFE740F68931C2F20001EF
:104560000020087042F27021C2F200010870FFE7DB
:10457000FFE7704780B586B042F27020C2F20000BB
:104580000078C00700285CD1FFE740F68830C2F20F
:1045900000000590017801EBC1014900027840F26A
:1045A0003400C2F2000050F8222040F22000C2F293
:1045B000000003684068EC464FF0000ECCF808E0BD
:1045C0004FF4806ECCF804E0CCF800002E20FFF70A
:1045D0000FFE05980078012808DBFFE740F68831D8
:1045E000C2F2000108780138087006E040F6883110
:1045F000C2F2000107200870FFE740F68830C2F2DF
:104600000000017801EBC1014900027840F234005A
:10461000C2F2000050F8222040F22000C2F2000056
:1046200003684068EC464FF0000ECCF808E04FF409
:10463000FC6ECCF804E0CCF800002E20FFF7D8FD8B
:1046400073E040F68932C2F200020492107800EB67
:10465000C000410040F68830C2F20000037840F20A
:104660000000C2F2000050F82300127850F8222017
:1046700040F22000C2F2000003684068EC464FF0B0
:10468000000ECCF808E04FF4806ECCF804E0CCF8D3
:1046900000002E20FFF7ACFD04980078012808DB0D
:1046A000FFE740F68931C2F200010878013808704E
:1046B00010E040F68830C2F2000001784CF2480069
:1046C000C0F60000405C013840F68931C2F20001BA
:1046D0000870FFE740F68932C2F20002107800EB62
:1046E000C000410040F68830C2F20000037840F27A
:1046F0000000C2F2000050F82300127850F8222087
:1047000040F22000C2F2000003684068EC464FF01F
:10471000000ECCF808E04FF4FC6ECCF804E0CCF8C6
:1047200000002E20FFF764FDFFE706B080BD00000B
:1047300080B584B06846002101602E20C522F02398
:10474000FEF7EEFC42F27020C2F200000078C007D3
:1047500000285BD1FFE700208DF80F00FFE79DF8F0
:104760000F00072851DCFFE79DF80F0040F6883165
:10477000C2F200010978884220D1FFE79DF80F209E
:1047800002EBC200410040F23400C2F2000050F8D7
:10479000222040F22000C2F2000003684068EC468C
:1047A0004FF0000ECCF808E04FF4FC6ECCF804E0BB
:1047B000CCF800002E20FFF71BFD1FE09DF80F2016
:1047C00002EBC200410040F23400C2F2000050F897
:1047D000222040F22000C2F2000003684068EC464C
:1047E0004FF0000ECCF808E04FF4806ECCF804E0F7
:1047F000CCF800002E20FFF7FBFCFFE7FFE79DF859
:104800000F0001308DF80F00A9E77FE000208DF840
:104810000E00FFE79DF80E0040F68831C2F200015D
:104820000A784CF24801C0F60001895C88426CDAD3
:10483000FFE79DF80E0040F68931C2F200010978C9
:10484000884229D1FFE79DF80E0000EBC00041002F
:1048500040F68830C2F20000027840F20000C2F256
:10486000000050F822009DF80E2050F8222040F25F
:104870002000C2F2000003684068EC464FF0000ED2
:10488000CCF808E04FF4FC6ECCF804E0CCF8000063
:104890002E20FFF7ADFC28E09DF80E0000EBC000D5
:1048A000410040F68830C2F20000027840F2000079
:1048B000C2F2000050F822009DF80E2050F822208D
:1048C00040F22000C2F2000003684068EC464FF05E
:1048D000000ECCF808E04FF4806ECCF804E0CCF881
:1048E00000002E20FFF784FCFFE740F68830C2F27C
:1048F000000000789DF80E1000F01AF8FFE79DF810
:104900000E0001308DF80E0084E7FFE740F2A8109A
:10491000C2F20000B0F8720041F22061C2F2000160
:10492000097801F0010101F007F904B080BD000031
:1049300080B58CB08DF82F008DF82E109DF82F00CB
:1049400001460A91062800F295810A99DFE811F0E4
:1049500007004B007C008900E500410185019DF8BE
:104960002E000146099104283CD80999DFE801F09E
:10497000030E19242F0040F2EE00C2F2000003885B
:10498000982000210422FEF7F5FA2BE040F2EE0019
:10499000C2F200004388982012210422FEF7EAFAAE
:1049A00020E040F2EE00C2F200008388982024212B
:1049B0000422FEF7DFFA15E040F2EE00C2F200003A
:1049C000C388982036210422FEF7D4FA0AE040F288
:1049D000EE00C2F200000389982048210422FEF76D
:1049E000C9FAFFE746E19DF82E0001460891032829
:1049F00029D80899DFE801F0020E1A2640F2FC00DF
:104A0000C2F20000B0F90030982000210622FEF723
:104A1000B1FA18E040F2FA00C2F20000B0F900303A
:104A2000982012210622FEF7A5FA0CE040F2F800C9
:104A3000C2F20000B0F90030982024210622FEF7CF
:104A400099FA00E0FFE715E19DF82E000146079175
:104A500020B1FFE70798012801D001E000E0FFE75F
:104A600008E19DF82E000146069140B1FFE7069847
:104A7000012824D0FFE70698022841D04CE040F2FC
:104A80009410C2F2000090F901104CF25000C0F6F0
:104A9000000050F8212040F22000C2F2000003681C
:104AA0004068EC460021CCF808104FF4FC6ECCF8BE
:104AB00004E0CCF800009820FFF79AFB2CE040F2CD
:104AC0009410C2F2000090F902104CF25000C0F6AF
:104AD000000050F8212040F22000C2F200000368DC
:104AE000406869464FF0000CC1F808C04FF4FC6CF8
:104AF000C1F804C0086098201221FFF779FB0BE091
:104B000040F29410C2F2000090F900309820242165
:104B10000222FEF72FFAFFE7ACE09DF82E000146D7
:104B2000059140B1FFE70598012824D0FFE70598DB
:104B3000022841D04CE040F22420C2F2000090F95B
:104B400001104CF25000C0F6000050F8212040F255
:104B50002000C2F2000003684068EC460021CCF857
:104B600008104FF4FC6ECCF804E0CCF8000098205C
:104B7000FFF73EFB2CE040F22420C2F2000090F947
:104B800002104CF25000C0F6000050F8212040F214
:104B90002000C2F200000368406869464FF0000C34
:104BA000C1F808C04FF4FC6CC1F804C0086098203C
:104BB0001221FFF71DFB0BE040F22420C2F200009F
:104BC00090F90030982024210222FEF7D3F9FFE764
:104BD00050E09DF82E000146049104283CD8049929
:104BE000DFE801F0030E19242F0040F2D000C2F2DA
:104BF00000000368982000210822FEF7BBF92BE093
:104C000040F2D000C2F2000043689820122108222E
:104C1000FEF7B0F920E040F2D000C2F20000836855
:104C2000982024210822FEF7A5F915E040F2D000D3
:104C3000C2F20000C368982036210822FEF79AF9D4
:104C40000AE040F2D000C2F2000003699820482137
:104C50000822FEF78FF9FFE70CE09DF82E000146D1
:104C6000039120B1FFE70398012801D001E000E0A3
:104C7000FFE7FFE70CB080BD80B58EB08DF8370040
:104C80008DF836109DF8370001460B91062800F28A
:104C9000A4820B99DFE811F00700A60051015E0124
:104CA000F001820294029DF8360001460A91042820
:104CB00000F297800A99DFE801F003203D5A77005F
:104CC00040F2EE00C2F2000000880C900CA80A210D
:104CD000002241F2883300F011FC68B1FFE70C9923
:104CE00040F2EE00C2F2000001800388982000210B
:104CF0000422FEF73FF9FFE773E040F2EE00C2F254
:104D0000000040880C900CA80A21002241F2883350
:104D100000F0F4FB68B1FFE70C9940F2EE00C2F23C
:104D2000000041804388982012210422FEF722F9D6
:104D3000FFE756E040F2EE00C2F2000080880C90DF
:104D40000CA80A21002241F2883300F0D7FB68B199
:104D5000FFE70C9940F2EE00C2F2000081808388E8
:104D6000982024210422FEF705F9FFE739E040F2FC
:104D7000EE00C2F20000C0880C900CA80A210022AC
:104D800041F2883300F0BAFB68B1FFE70C9940F2BA
:104D9000EE00C2F20000C180C388982036210422B0
:104DA000FEF7E8F8FFE71CE040F2EE00C2F2000078
:104DB00000890C900CA80A21002241F2883300F0EF
:104DC0009DFB68B1FFE70C9940F2EE00C2F20000D3
:104DD00001810389982048210422FEF7CBF8FFE7E0
:104DE000FFE7FAE19DF8360001460991032800F239
:104DF000A3800999DFE801F00251789F40F2FC009E
:104E0000C2F20000B0F900000C9040F2A810C2F20B
:104E10000000B0F872100CA848F20032CFF6FF7212
:104E20004FF4FA4300F06AFBB0B3FFE70C9940F28D
:104E3000FC00C2F2000008900180B0F90030982018
:104E400000210622FEF796F80898B0F9000003F05A
:104E500097FF40F2A810C2F2000090F8700068B905
:104E6000FFE740F2A810C2F2000090F86F1000EBCC
:104E70008100C068800003F0BBFF0CE040F2A81086
:104E8000C2F2000090F86F1000EB8100006B800010
:104E900003F0AEFFFFE7FFE74EE040F2FA00C2F298
:104EA0000000B0F900000C9040F2A810C2F200001F
:104EB000B0F872100CA848F20032CFF6FF724FF42F
:104EC000FA4300F01BFB70B1FFE70C9940F2FA00C7
:104ED000C2F200000180B0F90030982012210622B1
:104EE000FEF748F8FFE727E040F2F800C2F20000C2
:104EF000B0F900000C9040F2A810C2F20000B0F827
:104F000072100CA848F20032CFF6FF724FF4FA4349
:104F100000F0F4FA70B1FFE70C9940F2F800C2F229
:104F200000000180B0F90030982024210622FEF70D
:104F300021F8FFE7FFE7FFE74FE19DF83600014664
:104F4000079120B1FFE70798012801D001E000E0B8
:104F5000FFE742E19DF836000146069140B1FFE7C8
:104F60000698012836D0FFE70698022865D082E02F
:104F700040F29410C2F2000090F901000C900CA8CD
:104F8000012100220F2300F0B9FA10B3FFE70C99BA
:104F900040F29410C2F20000417090F901104CF2FE
:104FA0005000C0F6000050F8212040F22000C2F26C
:104FB000000003684068EC460021CCF808104FF46C
:104FC000FC6ECCF804E0CCF800009820FFF710F954
:104FD000FFE750E040F29410C2F2000090F90200A6
:104FE0000C900CA8012100220F2300F087FA18B3BF
:104FF000FFE70C9940F29410C2F20000817090F922
:1050000002104CF25000C0F6000050F8212040F28F
:105010002000C2F200000368406869464FF0000CAF
:10502000C1F808C04FF4FC6CC1F804C008609820B7
:105030001221FFF7DDF8FFE71DE040F29410C2F205
:10504000000090F900000C900CA8012100220F2311
:1050500000F054FA70B1FFE70C9940F29410C2F2DC
:105060000000017090F90030982024210222FDF701
:1050700081FFFFE7FFE7B0E09DF8360001460591AC
:1050800040B1FFE70598012836D0FFE705980228D0
:1050900065D082E040F22420C2F2000090F90100C5
:1050A0000C900CA8012100220F2300F027FA10B366
:1050B000FFE70C9940F22420C2F20000417090F901
:1050C00001104CF25000C0F6000050F8212040F2D0
:1050D0002000C2F2000003684068EC460021CCF8D2
:1050E00008104FF4FC6ECCF804E0CCF800009820D7
:1050F000FFF77EF8FFE750E040F22420C2F2000004
:1051000090F902000C900CA8012100220F2300F05E
:10511000F5F918B3FFE70C9940F22420C2F2000021
:10512000817090F902104CF25000C0F6000050F867
:10513000212040F22000C2F2000003684068694666
:105140004FF0000CC1F808C04FF4FC6CC1F804C06B
:10515000086098201221FFF74BF8FFE71DE040F2AE
:105160002420C2F2000090F900000C900CA801214C
:1051700000220F2300F0C2F970B1FFE70C9940F252
:105180002420C2F20000017090F900309820242100
:105190000222FDF7EFFEFFE7FFE71EE09DF8360075
:1051A0000146049104280AD80499DFE801F00304B9
:1051B0000506070003E002E001E000E0FFE70CE085
:1051C0009DF836000146039120B1FFE703980128BE
:1051D00001D001E000E0FFE7FFE70EB080BD000076
:1051E00080B586B042F27020C2F200000078C0079D
:1051F00000285CD1FFE740F68830C2F2000005903D
:10520000017801EBC1014900027840F23400C2F29A
:10521000000050F8222040F22000C2F20000036893
:105220004068EC464FF0000ECCF808E04FF4806E7A
:10523000CCF804E0CCF800002E20FEF7D9FF05984A
:105240000078062808DCFFE740F68831C2F200014A
:1052500008780130087006E040F68831C2F200019B
:1052600000200870FFE740F68830C2F200000178A5
:1052700001EBC1014900027840F23400C2F20000A3
:1052800050F8222040F22000C2F20000036840687B
:10529000EC464FF0000ECCF808E04FF4FC6ECCF872
:1052A00004E0CCF800002E20FEF7A2FF72E040F6EA
:1052B0008932C2F200020392107800EBC000410074
:1052C00040F68830C2F200000490037840F20000FB
:1052D000C2F2000050F82300127850F8222040F269
:1052E0002000C2F2000003684068EC464FF0000E58
:1052F000CCF808E04FF4806ECCF804E0CCF8000065
:105300002E20FEF775FF0398049900780A784CF276
:105310004801C0F60001895C0139884208DAFFE7DC
:1053200040F68931C2F2000108780130087006E0C9
:1053300040F68931C2F2000100200870FFE740F614
:105340008932C2F20002107800EBC000410040F642
:105350008830C2F20000037840F20000C2F2000080
:1053600050F82300127850F8222040F22000C2F2B8
:10537000000003684068EC464FF0000ECCF808E0EF
:105380004FF4FC6ECCF804E0CCF800002E20FEF7C1
:105390002FFFFFE706B080BD80B540F21440C4F295
:1053A00001000068C003002816D5FFE740F2144151
:1053B000C4F201014FF48030086047F20400C4F2E7
:1053C000000000684007002805D5FFE772B601F02D
:1053D00033F9FFE7FEE7FFE780BD00002821C4F2B4
:1053E0000001002008802C21C4F2000140F2FF30AF
:1053F00008801C21C4F20001088840F4C0400880E5
:10540000088840F4006008802021C4F20001088868
:1054100040F4805008804FF08041088840F08000C0
:105420000880088840F0010008804021C4F2000193
:10543000642008807047000040F22841C4F2000157
:105440000020088040F22C41C4F2000140F2FF30FD
:10545000088040F21C41C4F20001088840F4D040AA
:10546000088040F22041C4F20001088840F48050D6
:10547000088040F20041C4F20001088840F00100B9
:105480000880704780B582B047F20001C4F2000185
:10549000086820F0E0000860086840F0E00008605C
:1054A000086840F01000086040F20041C4F20101B9
:1054B000086840F48030086040F20841C4F20101FD
:1054C000086840F48030086040F20C41C4F20101E9
:1054D000086840F48030086040F21441C4F20101D1
:1054E0004FF48030086001200190002101F0E0F9C4
:1054F000019801F0C5F902B080BD000087B00590A9
:1055000004910392029342F62440C4F20100008801
:10551000ADF80600BDF9060000EB90708008ADF80C
:105520000400BDF9040020B9FFE700208DF81B003E
:105530004CE0059800680399884206DBFFE7059870
:1055400000680299884217DDFFE702980399084432
:1055500000EBD070401005990860BDF80600BDF85A
:105560000410A0EB810042F62441C4F2010108803E
:1055700001208DF81B0029E005980268BDF90400A0
:10558000049900FB0120009000980399884203DAF7
:10559000FFE703980090FFE700980299884203DD37
:1055A000FFE702980090FFE7009805990860BDF8B2
:1055B0000600BDF80410A0EB810042F62441C4F2BD
:1055C0000101088001208DF81B00FFE79DF81B00FA
:1055D00007B0704740F61441C4F20101086840F476
:1055E0008060086042F20842C4F2010210684FF67F
:1055F000FD71CFF6BF71084010600823C4F20203AA
:10560000186820F00100186040F60001C4F20001A3
:10561000088820F00100088042F2344CC4F2010CEA
:105620000420CCF8000042F6340CC4F2010C052032
:10563000CCF8000040F20C0CC4F2020C1020CCF8A4
:10564000000040F2040CC4F2020C0120CCF800006F
:1056500040F21C4CC4F2000CBCF8000020F4E04006
:10566000ACF80000BCF8000040F4D040ACF80000FA
:1056700040F23440C4F20000008840F2404CC4F2D2
:10568000000CACF8000040F2204CC4F2000CBCF856
:10569000000020F00100ACF80000BCF8000040F46D
:1056A0008050ACF80000186840F0010018601068E5
:1056B00040F00200106040F27463C2F20003002068
:1056C000188040F27063C2F20003188040F27263E7
:1056D000C2F20003188040F61463C2F2000318708F
:1056E00040F61563C2F20003187042F27623C2F24C
:1056F00000031870106840F480001060088840F0C3
:10570000010008807047000080B584B040F220009E
:10571000C2F2000003684068694600228A604FF4C4
:1057200080624A6008604CF6BC42C0F600029220DB
:10573000C921FEF75DFD40F2A810C2F2000090F80A
:105740006F10084490F8540001281ED1FFE740F282
:105750002000C2F2000003684068694600228A60A7
:105760004FF480624A6008604CF6F942C0F60002CD
:10577000BE20C921FEF73CFD40F61041C4F20101F4
:10578000086840F4006008601DE040F22000C2F2AA
:10579000000003684068694600228A604FF4806216
:1057A0004A6008604CF6CC42C0F60002BE20C92117
:1057B000FEF71EFD40F61441C4F20101086840F4F2
:1057C00000600860FFE704B080BD000080B58AB0CB
:1057D00041F22161C2F20001002008604860886047
:1057E00040F2A810C2F2000090F87000C0BBFFE7C2
:1057F00040F22000C2F200000368406869460022BF
:105800008A604FF4FC624A6008604CF6A642C0F61B
:1058100000022E2052210791FEF7EAFC079940F280
:10582000A810C2F20000089090F86F2000EB8200F0
:10583000026B8220FDF75CFA089890F86F100C302C
:10584000099050F821204E206721FDF7E7FA0899CA
:10585000099891F86F1050F8210003F0C9FA37E069
:1058600040F22000C2F2000003684068694600224E
:105870008A604FF4FC624A6008604CF6A042C0F6B1
:1058800000022E2052210491FEF7B2FC049940F24E
:10589000A810C2F20000059090F86F2000EB820083
:1058A000C2688220FDF724FA059890F86F10303016
:1058B000069050F821204E206721FDF7AFFA059998
:1058C000069891F86F1050F8210003F091FAFFE765
:1058D00040F2A810C2F20000B0F87200002100F0FF
:1058E0002BF90AB080BD000080B584B040F22000E2
:1058F000C2F20000036840686A46002191604FF4DC
:10590000FC6CC2F804C010604CF69142C0F6000274
:105910002E20FEF76DFC40F2A810C2F2000090F8B5
:105920006F0001460391082800F2CE800399DFE85A
:1059300001F0051B31475D73899FB50040F22000DF
:10594000C2F20000036840686A46002191604FF48B
:10595000FC6CC2F804C010604CF6E442C0F60002D1
:105960007B20FEF745FCAFE040F22000C2F20000D1
:10597000036840686A46002191604FF4FC6CC2F8ED
:1059800004C010604CF6E942C0F600027B20FEF72E
:105990002FFC99E040F22000C2F20000036840684A
:1059A0006A46002191604FF4FC6CC2F804C010609C
:1059B0004CF6E042C0F600027B20FEF719FC83E0C3
:1059C00040F22000C2F20000036840686A460021ED
:1059D00091604FF4FC6CC2F804C010604CF6DC42DD
:1059E000C0F600027B20FEF703FC6DE040F22000D1
:1059F000C2F20000036840686A46002191604FF4DB
:105A0000FC6CC2F804C010604CF6D842C0F600022C
:105A10007B20FEF7EDFB57E040F22000C2F20000D1
:105A2000036840686A46002191604FF4FC6CC2F83C
:105A300004C010604CF6F542C0F600027B20FEF771
:105A4000D7FB41E040F22000C2F20000036840684A
:105A50006A46002191604FF4FC6CC2F804C01060EB
:105A60004CF6F142C0F600027B20FEF7C1FB2BE0B2
:105A700040F22000C2F20000036840686A4600213C
:105A800091604FF4FC6CC2F804C010604CF6ED421B
:105A9000C0F600027B20FEF7ABFB15E040F22000D1
:105AA000C2F20000036840686A46002191604FF42A
:105AB000FC6CC2F804C010604CF6D442C0F6000280
:105AC0007B20FEF795FBFFE704B080BD80B582B078
:105AD0006846002101602E20C522F023FDF720FB3F
:105AE00042F26400C2F200000078C00758B9FFE734
:105AF0006946002008602E2067210A224FF4FC63CB
:105B0000FEF746FC0AE06946002008602E20672167
:105B10000B224FF47843FEF73BFCFFE7FFF7E4FE70
:105B2000FFF754FE00F0D6F800F06AF900F08AF8AA
:105B3000FFF7EAFD02B080BD80B586B0ADF8160073
:105B40008DF815109DF8150000285BD1FFE7694618
:105B5000002008608F208A2160220223FDF7E0FAEE
:105B6000BDF8160001460491012813D0FFE7049800
:105B70000A281AD0FFE70498642821D0FFE7049888
:105B8000B0F57A7F27D0FFE7049842F2107188427F
:105B90002CD036E069464FF4FC600860DF208A2193
:105BA00010220223FDF7BCFA2BE069464FF4FC609B
:105BB0000860CF208A2110220223FDF7B1FA20E0ED
:105BC00069464FF4FC600860BF208A21102202233E
:105BD000FDF7A6FA15E069464FF4FC6008609F20C7
:105BE0008A2110220223FDF79BFA0AE069464FF44E
:105BF000FC6008608F208A2110220223FDF790FAB2
:105C0000FFE71DE040F22000C2F200000368406898
:105C1000694600228A604FF4FC624A6008604CF6D4
:105C20009942C0F600022E20DE210391FEF7E0FA31
:105C30000399BDF8163098200422FDF79BF9FFE781
:105C400006B080BD80B584B040F29010C2F2000072
:105C5000017840F2E400C2F2000030F81130BE20BA
:105C6000A0210422FDF786F942F27120C2F2000061
:105C70004078B0B1FFE740F22000C2F200000368B4
:105C80004068694600228A604FF478424A600860A2
:105C90004CF6C042C0F600029220A021FEF7A8FAFE
:105CA00015E040F22000C2F2000003684068694637
:105CB00000228A604FF480624A6008604CF6C0425D
:105CC000C0F600029220A021FEF792FAFFE704B08E
:105CD00080BD000080B584B040F22000C2F2000018
:105CE00003684068694600228A604FF480624A6017
:105CF00008604CF6C742C0F600022E20A021FEF735
:105D000077FA40F29010C2F2000000780146039149
:105D1000042873D80399DFE801F003192F455B00CD
:105D200040F22000C2F20000036840686946002289
:105D30008A604FF4FC624A6008604CF6C342C0F6C9
:105D400000026520A021FEF753FA57E040F2200040
:105D5000C2F2000003684068694600228A604FF47E
:105D6000FC624A6008604CF6AC42C0F60002652056
:105D7000A021FEF73DFA41E040F22000C2F200000F
:105D800003684068694600228A604FF4FC624A60FA
:105D900008604CF6B042C0F600026520A021FEF774
:105DA00027FA2BE040F22000C2F2000003684068AE
:105DB000694600228A604FF4FC624A6008604CF633
:105DC000B442C0F600026520A021FEF711FA15E0EA
:105DD00040F22000C2F200000368406869460022D9
:105DE0008A604FF4FC624A6008604CF6B842C0F624
:105DF00000026520A021FEF7FBF9FFE704B080BD9B
:105E000080B584B040F2A810C2F2000090F87A3059
:105E10006520C9210322FDF7ADF842F27120C2F2DC
:105E200000000078B0B1FFE740F22000C2F20000AD
:105E300003684068694600228A604FF478424A60ED
:105E400008604CF6D042C0F600022E20C921FEF7B1
:105E5000CFF915E040F22000C2F20000036840686C
:105E6000694600228A604FF480624A6008604CF6FE
:105E7000D042C0F600022E20C921FEF7B9F9FFE793
:105E800004B080BD6021C4F2020143F60C00C4F2EC
:105E9000000008605821C4F2020142F2900008603C
:105EA00043F60401C4F20001088840F002000880B3
:105EB0007047000043F60001C4F20001088840F476
:105EC0004170088043F60402C4F200024FF4E0601F
:105ED0001080088840F040000880704780B584B08A
:105EE00040F2A810C2F2000090F8700078B9FFE705
:105EF00040F2A810C2F2000090F86F10084490F829
:105F00005D0040F29011C2F200010870FFE740F21C
:105F1000A810C2F2000090F8700001280FD1FFE72E
:105F200040F2A810C2F2000090F86F10084490F8F8
:105F3000660040F29011C2F200010870FFE740F2E3
:105F40009010C2F200000078012808D0FFE740F26C
:105F50009010C2F200000078022823D1FFE740F23F
:105F60003021C2F200010420088040F29010C2F2F9
:105F70000000017840F2E400C2F2000030F81100A5
:105F800004F03CFA41F29D52C2F200024BF600418D
:105F9000C4F22661FAF79AFE41F29C51C2F2000166
:105FA000087022E040F23021C2F200010220088095
:105FB00040F29010C2F20000017840F2E400C2F218
:105FC000000030F8110004F019FA41F29D52C2F2BB
:105FD00000024EF20061C4F2AA61FAF777FE41F2C4
:105FE0009C51C2F200010870FFE740F29010C2F22B
:105FF00000000190017840F2E400C2F2000002903B
:1060000030F8110004F0FAF940F20012C2F2000276
:106010004BF60021C4F226710391FAF777FD01993E
:106020000298097830F8110004F0E8F9039940F279
:106030004812C2F20002FAF769FD04B080BD000008
:1060400041F25140C2F200000078E0B9FFE741F2AE
:106050005141C2F20001012008704EF21401CEF24B
:1060600000014FF6FF00C0F2150008604EF2180163
:10607000CEF20001002008604EF21001CEF20001C5
:1060800007200860FFE7704780B582B0FCF732FD5B
:106090008DF807009DF8070000283FD0FFE741F288
:1060A0005240C2F20000007860B9FFE741F6326169
:1060B000C2F200010020088041F25841C2F2000102
:1060C000087023E041F63260C2F2000000883128F7
:1060D00008DCFFE741F63261C2F2000108880130B6
:1060E000088012E041F25840C2F20000007858B92E
:1060F000FFE79DF80700FAF795FA41F25841C2F21E
:10610000000101200870FFE7FFE7FFE79DF80700A7
:1061100041F25241C2F20001087031E041F25240B6
:10612000C2F20000007880B1FFE741F25840C2F2AD
:106130000000007840B9FFE741F25240C2F200008F
:106140000078FAF711FBFFE7FFE74EF21001CEF2FD
:1061500000010020086041F25241C2F200010870C3
:1061600041F25141C2F20001087041F63261C2F2BF
:106170000001088041F25841C2F200010870FFE7B7
:1061800002B080BD41F20002C4F20202106840F089
:106190000100106041F20401C4F20201086800230A
:1061A000CFF6FF031840086010684FF6FF73CFF674
:1061B000F66318401060106820F4802010600868B2
:1061C00020F4FE00086041F20801C4F202014FF41D
:1061D0001F0008604EF60851CEF200014FF000603B
:1061E0000860704740F60402C4F20102106820F013
:1061F00003001060106840F008001060106820F084
:106200000400106040F60C01C4F20101086840F47B
:1062100080700860106820F030001060106840F056
:1062200080001060106820F040001060086840F4A2
:106230000070086042F61841C4F2010108884FF668
:10624000FC4210400880088840F201121043088088
:1062500008884FF2F0021043088042F60841C4F269
:106260000101088820F007000880088840F003003A
:10627000088042F62C41C4F201014FF6FF700880FD
:1062800042F60041C4F20101088840F00100088094
:106290007047000080B582B040F61000C4F20000E4
:1062A0000088C007002800F0DF80FFE740F61001FB
:1062B000C4F20001088820F00100088041F29C50DF
:1062C000C2F200000078C0B3FFE741F29D50C2F275
:1062D0000000017841F2A050C2F200006A4610604E
:1062E00040F2A020C2F2000041F25C42C2F2000281
:1062F00041F2FC43C2F2000300F08CFA40F290102D
:10630000C2F200000078012808D0FFE740F29010A8
:10631000C2F200000078022807D1FFE740F62C0106
:10632000C4F20001FF20088006E040F62C01C4F210
:1063300000017F200880FFE7FFE740F27060C2F2B3
:106340000000008880283EDBFFE740F61560C2F2BF
:1063500000000078C007B0B3FFE740F2A020C2F20F
:10636000000040F65061C2F2000141F63002C2F274
:106370000002802300F0F2FA40F29010C2F2000016
:106380000078012808D0FFE740F29010C2F2000028
:106390000078022810D1FFE740F60860C2F2000042
:1063A00041F25021C2F2000141F23062C2F2000219
:1063B000802302F023F9FFE740F61561C2F20001E5
:1063C000002008704FE040F27060C2F200000088C8
:1063D0007F2847DCFFE740F61560C2F20000007836
:1063E000C00700283ED1FFE740F65060C2F200002F
:1063F00000F5007141F63000C2F2000000F50072B5
:1064000040F2A020C2F20000802300F0A7FA40F280
:106410009010C2F200000078012808D0FFE740F297
:106420009010C2F200000078022814D1FFE741F278
:106430005020C2F2000000F5807141F23060C2F2DB
:10644000000000F5807240F60860C2F20000802370
:1064500002F0D4F8FFE740F61561C2F20001012016
:106460000870FFE7FFE7FFE702B080BD80B582B0AC
:1064700040F62801C4F2000141F27F40088040F656
:106480002C01C4F200017F20088040F60C01C4F208
:106490000001088840F0010008801E2001900221C0
:1064A00000F006FA019800F0EBF902B080BD0000A0
:1064B00080B58CB000200B900A904FF60041C0F6DA
:1064C000000109914FF60001C0F60001089142F267
:1064D0000C02C4F20202116841F03401116007900D
:1064E000FFE70798012839DCFFE7079908A850F86B
:1064F000211001F580610691079950F8210005905F
:10650000FFE705987C300699884222D8FFE7059876
:1065100004900498006845F65301C5F25241884240
:1065200012D1FFE70498008903280DD1FFE70498F2
:1065300040680A99884206D9FFE7049840680A90A3
:1065400004980B90FFE7FFE7FFE705987C30059084
:10655000D7E7FFE7079801300790C2E70B9878B1BB
:10656000FFE70B9940F2A810C2F200007C22F9F775
:10657000D6FE0B9841F25441C2F20001086000E0DF
:1065800058E041F25440C2F20000016840F2FF328C
:106590009143039100687C30029002987C3003990B
:1065A00001F58061884242D9FFE703994FF6000068
:1065B000C0F60000814204BF4FF60040C0F6000064
:1065C0000190FCF79DF80198FCF75EF8019840F205
:1065D000A811C2F20001FCF7B5F828B3FFE7019853
:1065E00000900098006845F65301C5F25241884278
:1065F00019D1FFE700980089032814D1FFE700981C
:10660000406840F2A811C2F20001496888420AD1EC
:10661000FFE70398FCF738F8009841F25441C2F2C2
:1066200000010860FFE7FFE7FCF760F802E0FCF715
:106630005DF8FFE70CB080BD80B584B0002003900A
:1066400040F2A811C2F2000145F65300C5F25240D3
:1066500008600320088141F25440C2F20000006843
:1066600068B3FFE741F25440C2F200000168496894
:10667000013140F2A812C2F200025160016840F2FA
:10668000FF329143029100687C30019001987C3088
:10669000029901F58061884203D8FFE701980390D1
:1066A0000CE002994FF60000C0F60000814204BFE2
:1066B0004FF60040C0F600000390FFE70BE040F209
:1066C000A811C2F20001012048604FF60000C0F698
:1066D00000000390FFE7039898B1FFE7FCF710F87C
:1066E000039840F2A811C2F20001FCF72BF838B170
:1066F000FFE7039841F25441C2F200010860FFE74E
:10670000FFE704B080BD000040F61041C4F2010173
:10671000086840F48060086042F20841C4F2010158
:1067200008684FF6FD72CFF6BF721040086008226D
:10673000C4F20202106820F00100106042F23443FB
:10674000C4F201030420186042F63403C4F20103CA
:10675000072018600C23C4F20203102018600423E1
:10676000C4F202030120186040F21843C4F200038F
:10677000188820F070001880188840F06800188091
:1067800040F24040C4F20000008840F23443C4F2BA
:106790000003188040F22043C4F20003188820F45C
:1067A00080501880188840F001001880106840F070
:1067B00001001060086840F00200086040F2746256
:1067C000C2F200020020108040F27062C2F20002A9
:1067D000108040F27262C2F20002108040F6146231
:1067E000C2F20002107040F61562C2F20002107090
:1067F00042F27622C2F200021070086840F4800073
:10680000086040F60001C4F20001088840F0010071
:106810000880704780B584B0DDF818C003908DF80B
:106820000B10019200939DF80B00039908600098EB
:1068300003998860069803994860039901200873BA
:1068400041F29C50C2F200000078B0B1FFE701981D
:1068500000999DF80B2002EB82029200F9F75FFD90
:1068600006989DF80B100901F9F78BFD41F29C5138
:10687000C2F2000100200870FFE704B080BD0000F4
:1068800081B08DF803009DF9030000280ED4FFE7C6
:106890009DF9031001F01F02012090404A094EF2B9
:1068A0000011CEF2000141F82200FFE701B070476D
:1068B00082B08DF8070000919DF9070000280AD4E6
:1068C000FFE7009800019DF907104EF20042CEF25A
:1068D000000288540BE0009800019DF8071001F0B9
:1068E0000F014EF61452CEF200028854FFE702B0B8
:1068F0007047000084B0039045F6EF00ADF80A0041
:1069000000200190FFE70198FF2825DCFFE70199AF
:1069100042F27000C2F2000030F9111042F210721F
:10692000514300910399019A31F91210BDF80A20E0
:10693000009B01FB023100910099C90B019A20F8DC
:106940001210019A30F81200039921F81200FFE7A3
:10695000019801300190D6E704B0704798B01790C5
:1069600016911592149316981390159812901798E3
:10697000406811901798806810901798007B01303C
:1069800003900398C0F120000290179800680090CF
:10699000FFE71098011D109100680D901098011DDF
:1069A000109100680C901098011D109100680B90D8
:1069B0001098011D109100680A901098011D109107
:1069C0000068099011980068089011984068079035
:1069D0001198806806901198C068059014980190ED
:1069E000FFE70198002843D0FFE71398011D13919A
:1069F000006804900D9A049B0C98089980FB010193
:106A0000C2FB03010B9A079BC2FB03010A9A069B78
:106A1000C2FB0301099A059BC2FB03010F910E9073
:106A20000E980F9A0299C840C1F1200302FA03F3AD
:106A30001843A1F1200342FA03FC002B58BF604623
:106A400042FA01F1002B58BFD1170F910E900E980A
:106A500012990A1D129208600898079004980890ED
:106A6000069805900E980690019801380190B8E7B5
:106A7000089811990A1D11920860079811990A1D2A
:106A800011920860069811990A1D119208600598E4
:106A900011990A1D1192086015981390159812907B
:106AA000009801380090FFE7009800287FF471AF4C
:106AB000FFE718B07047000086B00590ADF81210DF
:106AC000039200200090FFE70098BDF81210884262
:106AD00045D2FFE70398009930F811008008ADF81F
:106AE0000A000398009900EB410040888008ADF847
:106AF00008000598BDF80A1030F81100ADF806003E
:106B00000599BDF8080031F81000BDF80A2021F8F9
:106B10001200BDF806000599BDF8082021F8120002
:106B20000598BDF80A1000EB41004088ADF806005A
:106B30000599BDF8080001EB40004088BDF80A2027
:106B400001EB42014880BDF806000599BDF8082018
:106B500001EB42014880009802300090B4E706B093
:106B60007047000082B0019000208DF80300019A68
:106B70004FF480711180019948604CF27020C0F68A
:106B800000008189019A91818168019A9160406831
:106B9000019948609DF9030002B0704780B586B046
:106BA000059004918DF80F208DF80E30059800881F
:106BB00002909DF80F0001283AD1FFE7029801905A
:106BC000102825D0FFE70198202829D0FFE7019859
:106BD00040281DD0FFE70198802821D0FFE70198C9
:106BE000B0F5807F14D0FFE70198B0F5007F17D093
:106BF000FFE70198B0F5806F0AD0FFE70198B0F584
:106C0000006F0DD0FFE70198B0F5805F0FD1FFE76F
:106C100004980299059A5268012300F0C9FA06E027
:106C200004980299059A526800F04AF8FFE739E0A3
:106C300002980090102825D0FFE70098202829D03E
:106C4000FFE7009840281DD0FFE70098802821D05A
:106C5000FFE70098B0F5807F14D0FFE70098B0F50B
:106C6000007F17D0FFE70098B0F5806F0AD0FFE7EC
:106C70000098B0F5006F0DD0FFE70098B0F5805F89
:106C80000FD1FFE704980299059A5268012300F09A
:106C90004FFF06E004980299059A526800F0FEF84A
:106CA000FFE7FFE79DF80E0038B1FFE70498059A6B
:106CB00091899268FFF700FFFFE706B080BD0000F2
:106CC00080B58CB00B900A9109920A984008079001
:106CD00000200890FFE708980799884272D2FFE7E2
:106CE0000998089930F82100ADF80A000998089928
:106CF00000EB81004088ADF8080008980799084427
:106D000004900B99089831F920004008049A31F951
:106D10002210A0EB5100ADF80E000B99089A31F942
:106D200022004008049B31F9233000EB5300400857
:106D300021F822000B99089801EB8000B0F90200BD
:106D40004008049A01EB8201B1F90210A0EB510056
:106D5000ADF80C000B99049801EB8000B0F902002B
:106D60004008089A01EB8201B1F9022000EB5200C1
:106D700040084880BDF90E00BDF90A104843000CD8
:106D8000BDF90C10BDF908205143A0EB11400B993F
:106D9000049A21F82200BDF90C00BDF90A104843FD
:106DA000000CBDF90E10BDF90820514300EB114055
:106DB0000B99049A01EB82014880FFE708980130A3
:106DC000089088E70B980799099A0223019300F02D
:106DD000EFF9019B0B980A9900EB41000799099A7A
:106DE00000F0E6F90A984008079000200890FFE7B5
:106DF0000898079988424FD2FFE70B98089930F816
:106E00003100ADF81A000B98089900EBC1004088DA
:106E1000ADF818000B98089900EBC1008088ADF818
:106E200016000B98089900EBC100C088ADF814005B
:106E3000BDF81A004000ADF81A00BDF81800400077
:106E4000ADF81800BDF816004000ADF81600BDF80A
:106E500014004000ADF81400BDF81A000B99089A10
:106E600021F83200BDF818000B99089A01EBC20115
:106E70004880BDF816000B99089A01EBC201888082
:106E8000BDF814000B99089A01EBC201C880FFE716
:106E9000089801300890ABE70CB080BD80B58CB08D
:106EA0000B900A9109920A984008079000200890D8
:106EB000FFE708980799884272D2FFE70998089976
:106EC00030F82100ADF80A000998089900EB81001C
:106ED0004088ADF8080008980799084404900B9979
:106EE000089831F920004008049A31F92210A0EBEB
:106EF0005100ADF80E000B99089A31F922004008B4
:106F0000049B31F9233000EB5300400821F82200A4
:106F10000B99089801EB8000B0F902004008049A30
:106F200001EB8201B1F90210A0EB5100ADF80C00A9
:106F30000B99049801EB8000B0F902004008089A10
:106F400001EB8201B1F9022000EB520040084880B9
:106F5000BDF90E00BDF90A104843000CBDF90C1034
:106F6000BDF90820514300EB11400B99049A21F818
:106F70002200BDF90C00BDF90A104843000CBDF910
:106F80000E10BDF908205143A0EB11400B99049A53
:106F900001EB82014880FFE708980130089088E7FC
:106FA0000B980799099A0223019300F0C1FD019BF8
:106FB0000B980A9900EB41000799099A00F0B8FD77
:106FC0000A984008079000200890FFE70898079962
:106FD00088424FD2FFE70B98089930F83100ADF89E
:106FE0001A000B98089900EBC1004088ADF8180012
:106FF0000B98089900EBC1008088ADF816000B983B
:10700000089900EBC100C088ADF81400BDF81A0063
:107010004000ADF81A00BDF818004000ADF81800A7
:10702000BDF816004000ADF81600BDF81400400091
:10703000ADF81400BDF81A000B99089A21F8320037
:10704000BDF818000B99089A01EBC2014880BDF801
:1070500016000B99089A01EBC2018880BDF8140054
:107060000B99089A01EBC201C880FFE7089801302C
:107070000890ABE70CB080BD80B590B00F900F9832
:107080004FF68311C3F6226103F034FA4FF07A51C0
:1070900002F0ECFF0C900C9803F07CF908900C982F
:1070A000002103F060F820B9FFE708980138089044
:1070B000FFE70C980690089803F088F901460698B7
:1070C00003F01EFB0C900C984FF0884103F012FA6D
:1070D0000790079803F05EF9ADF82E00BDF82E007A
:1070E000B0F5007F0ADBFFE70020ADF82E0007981F
:1070F0004FF0444102F0BAFF0790FFE70798019074
:10710000BDF82E0003F07AF90146019803F0F8FA71
:107110000D90BDF82E104CF28040C0F6000050F8E3
:1071200021100A91BDF82E1000EB810040680990F3
:107130000D9902914FF07E5003F0E2FA0146029859
:1071400004910A990391099903F0D4F9039902462D
:107150000498059203F0CEF9059902F087FF0E908E
:107160000E9810B080BD000080B586B005900491E7
:1071700003920598019003980290FFE70298A0B14E
:10718000FFE70198011D019100684FF08E4103F067
:10719000B1F903F0FFF800F30F0004998A1C049280
:1071A0000880029801380290E8E706B080BD000030
:1071B00095B0149013911292119313980790079819
:1071C000089007988008079000200690059007987F
:1071D0000190FFE7059807990844049004980799DF
:1071E000084403900398079908440290149805995D
:1071F00030F921008008ADF83A001498059900EBA9
:107200008100B0F902008008ADF8380014980399A5
:1072100030F921008008ADF83E001498039900EB86
:107220008100B0F902008008ADF83C00BDF93A00D9
:10723000BDF93E10084400F30F00ADF84200BDF95F
:107240003800BDF93C10084400F30F00ADF84000D1
:10725000BDF93A00BDF93E10401A00F30F00ADF839
:107260003E00BDF93800BDF93C10401A00F30F0094
:10727000ADF83C001498049930F921008008ADF86D
:107280003A001498049900EB8100B0F902008008DC
:10729000ADF838001498029930F921008008ADF853
:1072A00036001498029900EB8100B0F902008008C2
:1072B000ADF83400BDF93A00BDF93610084400F3CA
:1072C0000F00ADF83A00BDF93800BDF9341008449C
:1072D00000F30F00ADF83800BDF942004008BDF9D9
:1072E0003A1000EB51001499059A21F82200BDF9DB
:1072F00040004008BDF9381000EB51001499059A80
:1073000001EB82014880BDF94200BDF93A10401AF4
:1073100000F30F00ADF84200BDF94000BDF9381090
:10732000401A00F30F00ADF840001298069930F8AB
:107330003100ADF82E001298069900EBC10040888C
:10734000ADF82C00BDF92E00BDF9421000FB01F292
:10735000BDF92C00BDF9401000FB1120000CADF868
:107360002600BDF92C00BDF94210BDF92E20BDF953
:1073700040305A4300FB0120000CADF82400149863
:10738000049930F921008008ADF83A001498049966
:1073900000EB8100B0F902008008ADF83800BDF8BC
:1073A00026001499049A21F82200BDF824001499AB
:1073B000049A01EB820148801498029930F9210067
:1073C0008008ADF836001498029900EB8100B0F9FE
:1073D00002008008ADF83400BDF93A00BDF936105E
:1073E000401A00F30F00ADF83A00BDF93800BDF9BE
:1073F0003410401A00F30F00ADF83800BDF93E001C
:10740000BDF93810084400F30F00ADF84200BDF993
:107410003C00BDF93A10401A00F30F00ADF84000EF
:10742000BDF93E00BDF93810401A00F30F00ADF869
:107430003E00BDF93C00BDF93A10084400F30F00CE
:10744000ADF83C001298069930F82100ADF83200F2
:107450001298069900EB81004088ADF83000BDF924
:107460003200BDF93E1000FB01F2BDF93000BDF95C
:107470003C1000FB1120000CADF82600BDF93000D7
:10748000BDF93E10BDF93220BDF93C305A4300FB36
:107490000120000CADF82400BDF826001499039AD1
:1074A00021F82200BDF824001499039A01EB82010F
:1074B00048801298069901EB410130F82100ADF89F
:1074C0002A001298069901EB410100EB81004088E7
:1074D000ADF82800BDF92A00BDF9421000FB01F209
:1074E000BDF92800BDF9401000FB1120000CADF8DB
:1074F0002600BDF92800BDF94210BDF92A20BDF9CA
:1075000040305A4300FB0120000CADF82400BDF8C8
:1075100026001499029A21F82200BDF8240014993B
:10752000029A01EB8201488006981199084406905E
:10753000059801300590FFE7019801380190002877
:107540007FF448AEFFE711988000119013988008EF
:107550000090FFE700980528C0F0CB81FFE707986F
:107560000890079880080790002006900190FFE798
:10757000019807990139884200F2B381FFE7129818
:10758000069930F82100ADF832001298069900EB08
:1075900081004088ADF830001298069930F831002B
:1075A000ADF82E001298069900EBC1004088ADF8A6
:1075B0002C001298069901EB410130F82100ADF83A
:1075C0002A001298069901EB410100EB81004088E6
:1075D000ADF8280006981199084406900198059086
:1075E000FFE705981399884280F07681FFE70598B8
:1075F0000799084404900498079908440390039855
:107600000799084402901498059930F82100ADF8C4
:107610003A001498059900EB81004088ADF83800D5
:107620001498039930F82100ADF83E00149803999E
:1076300000EB81004088ADF83C00BDF93A00BDF98F
:107640003E10084400F30F00ADF84200BDF93800C9
:10765000BDF93C10084400F30F00ADF84000BDF93F
:107660003A00BDF93E10401A00F30F00ADF83E009D
:10767000BDF93800BDF93C10401A00F30F00ADF819
:107680003C001498049930F82100ADF83A001498A1
:10769000049900EB81004088ADF8380014980299F5
:1076A00030F82100ADF836001498029900EB810003
:1076B0004088ADF83400BDF93A00BDF936100844F1
:1076C00000F30F00ADF83A00BDF93800BDF93410F1
:1076D000084400F30F00ADF83800BDF9420040083F
:1076E000BDF93A1000EB510040081499059A21F8B1
:1076F0002200BDF940004008BDF9381000EB5100F0
:1077000040081499059A01EB82014880BDF94200B6
:107710004008BDF93A10A0EB5100ADF84200BDF9A8
:1077200040004008BDF93810A0EB5100ADF8400012
:10773000BDF92E00BDF9421000FB01F2BDF92C008D
:10774000BDF9401000FB1120000CADF82600BDF97A
:107750002C00BDF94210BDF92E20BDF940305A432E
:1077600000FB0120000CADF824001498049930F8B7
:107770002100ADF83A001498049900EB810040888C
:10778000ADF83800BDF826001499049A21F82200BB
:10779000BDF824001499049A01EB820148801498E2
:1077A000029930F82100ADF836001498029900EBE8
:1077B00081004088ADF83400BDF93A00BDF93610BB
:1077C000401A00F30F00ADF83A00BDF93800BDF9DA
:1077D0003410401A00F30F00ADF83800BDF93E0038
:1077E0004008BDF9381000EB5100ADF84200BDF97A
:1077F0003C004008BDF93A10A0EB5100ADF8400044
:10780000BDF93E004008BDF93810A0EB5100ADF8BD
:107810003E00BDF93C004008BDF93A1000EB5100B4
:10782000ADF83C00BDF93200BDF93E1000FB01F29D
:10783000BDF93000BDF93C1000FB1120000CADF883
:107840002600BDF93000BDF93E10BDF93220BDF96A
:107850003C305A4300FB0120000CADF82400BDF879
:1078600026001499039A21F82200BDF824001499E7
:10787000039A01EB82014880BDF92A00BDF942104C
:1078800000FB01F2BDF92800BDF9401000FB1120FA
:10789000000CADF82600BDF92800BDF94210BDF975
:1078A0002A20BDF940305A4300FB0120000CADF8FE
:1078B0002400BDF826001499029A21F82200BDF890
:1078C00024001499029A01EB82014880FFE708998D
:1078D00005980844059084E6FFE70198013001907F
:1078E00046E6119880001190FFE70098800800900C
:1078F00030E60798089007988008079000200590C8
:10790000FFE705981399089A891A884200F20D81B9
:10791000FFE70598079908440490049807990844DC
:10792000039003980799084402901498059930F839
:107930002100ADF83A001498059900EB81004088C9
:10794000ADF838001498039930F82100ADF83E00E6
:107950001498039900EB81004088ADF83C00BDF914
:107960003A00BDF93E10084400F30F00ADF84200A4
:10797000BDF93800BDF93C10084400F30F00ADF824
:107980004000BDF93A00BDF93E10401A00F30F0067
:10799000ADF83E00BDF93800BDF93C10401A00F3C7
:1079A0000F00ADF83C001498049930F82100ADF8B0
:1079B0003A001498049900EB81004088ADF8380033
:1079C0001498029930F82100ADF836001498029905
:1079D00000EB81004088ADF83400BDF93A00BDF9F4
:1079E0003610084400F30F00ADF83A00BDF9380036
:1079F000BDF93410084400F30F00ADF83800BDF9AC
:107A000042004008BDF93A1000EB51001499059A64
:107A100021F82200BDF940004008BDF9381000EB04
:107A200051001499059A01EB82014880BDF942008A
:107A30004008BDF93A10A0EB5100ADF84200BDF985
:107A400040004008BDF93810A0EB5100ADF84000EF
:107A50001498049930F82100ADF83A00149804996C
:107A600000EB81004088ADF83800BDF84200149961
:107A7000049A21F82200BDF840001499049A01EB01
:107A8000820148801498029930F82100ADF8360040
:107A90001498029900EB81004088ADF83400BDF9DC
:107AA0003A00BDF93610401A00F30F00ADF83A0065
:107AB000BDF93800BDF93410401A00F30F00ADF8DD
:107AC0003800BDF93E004008BDF93810A0EB510068
:107AD0001499039A21F82200BDF93C004008BDF931
:107AE0003A1000EB51001499039A01EB820148808F
:107AF000BDF93E004008BDF9381000EB5100149963
:107B0000029A21F82200BDF93C004008BDF93A1064
:107B1000A0EB51001499029A01EB82014880FFE723
:107B20000899059808440590EBE615B070470000E9
:107B300095B014901391129211931398079007988F
:107B400008900798800807900020069005900798F5
:107B50000190FFE705980799084404900498079955
:107B600008440390039807990844029014980599D3
:107B700030F921008008ADF83A001498059900EB1F
:107B80008100B0F902008008ADF83800149803991C
:107B900030F921008008ADF83E001498039900EBFD
:107BA0008100B0F902008008ADF83C00BDF93A0050
:107BB000BDF93E10084400F30F00ADF84200BDF9D6
:107BC0003800BDF93C10084400F30F00ADF8400048
:107BD000BDF93A00BDF93E10401A00F30F00ADF8B0
:107BE0003E00BDF93800BDF93C10401A00F30F000B
:107BF000ADF83C001498049930F921008008ADF8E4
:107C00003A001498049900EB8100B0F90200800852
:107C1000ADF838001498029930F921008008ADF8C9
:107C200036001498029900EB8100B0F90200800838
:107C3000ADF83400BDF93A00BDF93610084400F340
:107C40000F00ADF83A00BDF93800BDF93410084412
:107C500000F30F00ADF83800BDF942004008BDF94F
:107C60003A1000EB51001499059A21F82200BDF951
:107C700040004008BDF9381000EB51001499059AF6
:107C800001EB82014880BDF94200BDF93A10401A6B
:107C900000F30F00ADF84200BDF94000BDF9381007
:107CA000401A00F30F00ADF840001298069930F822
:107CB0003100ADF82E001298069900EBC100408803
:107CC000ADF82C00BDF92E00BDF94210BDF92C20F5
:107CD000BDF940305A4300FB0120000CADF82600EE
:107CE000BDF92C004042BDF94210BDF92E20BDF96E
:107CF00040305A4300FB0120000CADF824001498DA
:107D0000049930F921008008ADF83A0014980499DC
:107D100000EB8100B0F902008008ADF83800BDF832
:107D200026001499049A21F82200BDF82400149921
:107D3000049A01EB820148801498029930F92100DD
:107D40008008ADF836001498029900EB8100B0F974
:107D500002008008ADF83400BDF93A00BDF93610D4
:107D6000401A00F30F00ADF83A00BDF93800BDF934
:107D70003410401A00F30F00ADF83800BDF93E0092
:107D8000BDF93810401A00F30F00ADF84200BDF9FC
:107D90003C00BDF93A10084400F30F00ADF8400074
:107DA000BDF93E00BDF93810084400F30F00ADF8EE
:107DB0003E00BDF93C00BDF93A10401A00F30F0037
:107DC000ADF83C001298069930F82100ADF8320069
:107DD0001298069900EB81004088ADF83000BDF99B
:107DE0003000BDF93C10BDF93220BDF93E305A4398
:107DF00000FB0120000CADF82600BDF93000404228
:107E0000BDF93E10BDF93220BDF93C305A4300FBAC
:107E10000120000CADF82400BDF826001499039A47
:107E200021F82200BDF824001499039A01EB820185
:107E300048801298069901EB410130F82100ADF815
:107E40002A001298069901EB410100EB810040885D
:107E5000ADF82800BDF92800BDF94010BDF92A2071
:107E6000BDF942305A4300FB0120000CADF826005A
:107E7000BDF928004042BDF94210BDF92A20BDF9E4
:107E800040305A4300FB0120000CADF82400BDF83F
:107E900026001499029A21F82200BDF824001499B2
:107EA000029A01EB820148800698119908440690D5
:107EB000059801300590FFE70198013801900028EE
:107EC0007FF448AEFFE71198800011901398800866
:107ED0000090FFE700980528C0F0D381FFE70798DE
:107EE0000890079880080790002006900190FFE70F
:107EF000019807990139884200F2BB81FFE7129887
:107F0000069930F82100ADF832001298069900EB7E
:107F100081004088ADF830001298069930F83100A1
:107F2000ADF82E001298069900EBC1004088ADF81C
:107F30002C001298069901EB410130F82100ADF8B0
:107F40002A001298069901EB410100EB810040885C
:107F5000ADF82800069811990844069001980590FC
:107F6000FFE705981399884280F07E81FFE7059826
:107F700007990844049004980799084403900398CB
:107F80000799084402901498059930F82100ADF83B
:107F90003A001498059900EB81004088ADF838004C
:107FA0001498039930F82100ADF83E001498039915
:107FB00000EB81004088ADF83C00BDF93A00BDF906
:107FC0003E10084400F30F00ADF84200BDF9380040
:107FD000BDF93C10084400F30F00ADF84000BDF9B6
:107FE0003A00BDF93E10401A00F30F00ADF83E0014
:107FF000BDF93800BDF93C10401A00F30F00ADF890
:108000003C001498049930F82100ADF83A00149817
:10801000049900EB81004088ADF83800149802996B
:1080200030F82100ADF836001498029900EB810079
:108030004088ADF83400BDF93A00BDF93610084467
:1080400000F30F00ADF83A00BDF93800BDF9341067
:10805000084400F30F00ADF83800BDF942004008B5
:10806000BDF93A1000EB51004008ADF82600BDF90B
:1080700040004008BDF9381000EB51004008ADF851
:108080002400BDF826001499059A21F82200BDF8B5
:1080900024001499059A01EB82014880BDF9420041
:1080A0004008BDF93A10A0EB5100ADF84200BDF90F
:1080B00040004008BDF93810A0EB5100ADF8400079
:1080C000BDF92E00BDF94210BDF92C20BDF940309C
:1080D0005A4300FB0120000CADF82600BDF92C002E
:1080E0004042BDF94210BDF92E20BDF940305A433F
:1080F00000FB0120000CADF824001498049930F81E
:108100002100ADF83A001498049900EB81004088F2
:10811000ADF83800BDF826001499049A21F8220021
:10812000BDF824001499049A01EB82014880149848
:10813000029930F82100ADF836001498029900EB4E
:1081400081004088ADF83400BDF93A00BDF9361021
:10815000401A00F30F00ADF83A00BDF93800BDF940
:108160003410401A00F30F00ADF83800BDF93E009E
:108170004008BDF93810A0EB5100ADF84200BDF940
:108180003C004008BDF93A1000EB5100ADF840004A
:10819000BDF93E004008BDF9381000EB5100ADF8C4
:1081A0003E00BDF93C004008BDF93A10A0EB51007B
:1081B000ADF83C00BDF93200BDF93E10BDF93020EC
:1081C000BDF93C305A4300FB0120000CADF82600FD
:1081D000BDF930004042BDF93E10BDF93220BDF975
:1081E0003C305A4300FB0120000CADF82400BDF8E0
:1081F00026001499039A21F82200BDF8240014994E
:10820000039A01EB82014880BDF92800BDF94010B6
:10821000BDF92A20BDF942305A4300FB0120000C71
:10822000ADF82600BDF928004042BDF94210BDF965
:108230002A20BDF940305A4300FB0120000CADF864
:108240002400BDF826001499029A21F82200BDF8F6
:1082500024001499029A01EB82014880FFE70899F3
:108260000598084405907CE6FFE7019801300190ED
:108270003EE6119880001190FFE70098800800907A
:1082800028E6079808900798800807900020059036
:10829000FFE705981399089A891A884200F20D8120
:1082A000FFE7059807990844049004980799084443
:1082B000039003980799084402901498059930F8A0
:1082C0002100ADF83A001498059900EB8100408830
:1082D000ADF838001498039930F82100ADF83E004D
:1082E0001498039900EB81004088ADF83C00BDF97B
:1082F0003A00BDF93E10084400F30F00ADF842000B
:10830000BDF93800BDF93C10084400F30F00ADF88A
:108310004000BDF93A00BDF93E10401A00F30F00CD
:10832000ADF83E00BDF93800BDF93C10401A00F32D
:108330000F00ADF83C001498049930F82100ADF816
:108340003A001498049900EB81004088ADF8380099
:108350001498029930F82100ADF83600149802996B
:1083600000EB81004088ADF83400BDF93A00BDF95A
:108370003610084400F30F00ADF83A00BDF938009C
:10838000BDF93410084400F30F00ADF83800BDF912
:1083900042004008BDF93A1000EB51001499059ACB
:1083A00021F82200BDF940004008BDF9381000EB6B
:1083B00051001499059A01EB82014880BDF94200F1
:1083C0004008BDF93A10A0EB5100ADF84200BDF9EC
:1083D00040004008BDF93810A0EB5100ADF8400056
:1083E0001498049930F82100ADF83A0014980499D3
:1083F00000EB81004088ADF83800BDF842001499C8
:10840000049A21F82200BDF840001499049A01EB67
:10841000820148801498029930F82100ADF83600A6
:108420001498029900EB81004088ADF83400BDF942
:108430003A00BDF93610401A00F30F00ADF83A00CB
:10844000BDF93800BDF93410401A00F30F00ADF843
:108450003800BDF93E004008BDF9381000EB51006E
:108460001499039A21F82200BDF93C004008BDF997
:108470003A10A0EB51001499039A01EB8201488055
:10848000BDF93E004008BDF93810A0EB5100149929
:10849000029A21F82200BDF93C004008BDF93A10CB
:1084A00000EB51001499029A01EB82014880FFE72A
:1084B0000899059808440590EBE615B07047000050
:1084C00080B588B03F20ADF816000120ADF814004B
:1084D000FFE7BDF91400BDF91610884270DCFFE714
:1084E000BDF9140000EBD07121F00101401A88B1F0
:1084F000FFE7BDF9140001F069FF40F6DB71C4F23B
:10850000490101F0F7FF01464FF0804001F04CFEB9
:10851000079002E000200790FFE7BDF81600BDF8C5
:1085200014100844ADF81200BDF81600BDF8141080
:10853000401AADF81000BDF9120001F047FF40F6F7
:10854000DB71C4F2C90101F0D5FF0021C4F2FC21A6
:1085500001F02AFEFEF790FD45F61441CBF6EC61E2
:1085600001F0C8FF4DF2F611C3F6097101F07EFD6E
:1085700006900798069901F0BDFF0390039880F0DC
:1085800000400290BDF9121040F28860C2F2000073
:10859000009000EB410103A801220192FEF7E4FDE7
:1085A0000098019ABDF9101000EB410102A8FEF7F6
:1085B000DBFDFFE7BDF814000130ADF8140088E7DB
:1085C000BDF9162040F28861C2F20001002021F8B6
:1085D000120008B080BD000082B00190019800EB4D
:1085E000C000C00080080090FFE70098411E009185
:1085F00008B1FFE7F9E702B07047000080B58EB020
:108600000D900C910B920A930D98406809900D986B
:10861000806808900D980088079007984008069099
:108620000998079900EB410002380C990A9A520008
:10863000F7F7EEFD0998059000200490FFE70498F5
:108640000A9988423AD2FFE7002003900599079AD9
:1086500001EB420102390291059901910090FFE777
:108660000098069988421AD2FFE70298B0F90000F4
:108670000199B1F90010401A0899009A31F91210C5
:10868000039A00FB0120039002980438029001989D
:1086900004300190FFE7009802300090E0E7039873
:1086A00020F3CF300B998A1C0B920880059802307A
:1086B0000590FFE7049801300490C0E709980A99F3
:1086C00000EB4101079B6FF0010202EB4302F7F759
:1086D000E4FD0EB080BD000085B004900391002041
:1086E0000290FFE70298092809DCFFE70399029A44
:1086F00030208854FFE7029801300290F2E7039996
:108700002E208870039988710399002088720920AF
:108710000190049808B9FFE738E0FFE704990020CA
:10872000009041B1FFE701990020B1F1FF3FC8BFC0
:1087300001200090FFE70098C00738B3FFE70198D9
:10874000062804D0FFE70198022804D1FFE701982A
:1087500001380190FFE704984CF6CD41CCF6CC41AE
:10876000A0FB0132D20802EB8202A0EB420040F0F3
:108770003000039A019BA3F1010CCDF804C0D05442
:108780000498A0FB0110C0080490C7E705B070472B
:1087900080B594B000201390F8F78EFBFAF736F806
:1087A000FDF786FEFDF786FBFCF718FEFCF744FE9E
:1087B000FDF75CFEF7F796FEFDF764FBFAF708FAA3
:1087C00040F2FC00C2F20000B0F9000000F0D8FA5C
:1087D00040F2A810C2F2000090F86F1000EB810088
:1087E000C06800F005FBF8F721FFFDF777FB40F2CA
:1087F0007860C2F20000FEF7B5F942F60801C4F253
:108800000101086840F48000086042F20841C4F2A7
:108810000101086840F48000086040F60001C4F2DD
:108820000001088840F001000880FDF7DBFCFAF742
:10883000DFF8FBF70BF90120FBF7A0FBFBF74CFE81
:1088400042F26400C2F200000078C00768B9FFE796
:108850006946002008602E2067210A224FF4FC633D
:10886000FBF796FDFCF7B6FE0CE0694600200860B9
:108870002E2067210B224FF4FC63FBF789FDFDF7E7
:1088800043FFFFE7FCF7FEFDFFE740F61460C2F28E
:1088900000000078C007002800F09C80FFE700205F
:1088A0001290FFE71298FF2825DCFFE712994CF29F
:1088B0008020C0F6000030F81100ADF84600129A92
:1088C00040F28870C2F2000030F92210BDF9463043
:1088D0005943C90B20F82210129900EB8101B1F91C
:1088E0000200BDF946205043C00B4880FFE71298B4
:1088F00001301290D6E740F27860C2F2000040F2F8
:108900008871C2F20001002208920123FEF746F9A5
:1089100008981090FFE71098FF284EDCFFE71099A9
:1089200040F28870C2F2000030F921100F911099C6
:1089300000EB8100B0F902000E900F98B0F1FF3FFC
:1089400004DCFFE70F9840420F90FFE70E98B0F16C
:10895000FF3F04DCFFE70E9840420E90FFE70F98C0
:108960000E99884203DDFFE70F98079002E00E980A
:108970000790FFE707980D900F980E99884203DD46
:10898000FFE70E98069002E00F980690FFE7069822
:108990000C900D980C9901EB410100EBE1000B905C
:1089A0000B98109A41F63041C2F2000121F81200F2
:1089B000FFE7109801301090ADE741F63040C2F269
:1089C0000000FAF7EBFE40F61461C2F2000100204D
:1089D0000870E9E042F26800C2F200000590B0F9C8
:1089E0000000FAF703FE05990020088041F220609C
:1089F000C2F200000078C007002840F0BE80FFE708
:108A000042F27120C2F200000078F8B1FFE740F2B4
:108A1000A810C2F2000090F87A000A900AA801217A
:108A200000226423FCF76AFD78B1FFE70A9940F25F
:108A3000A810C2F2000080F87A1090F87A30652011
:108A4000C9210322FAF796FAFFE795E042F2712076
:108A5000C2F20000407858B3FFE740F29010C2F233
:108A60000000017840F2E400C2F2000030F811008A
:108A7000099009A80A21002241F28833FCF73EFD43
:108A8000A8B1FFE7099A40F29011C2F200010B78F9
:108A900040F2E400C2F2000020F81320097830F818
:108AA0001130C920A0210422FAF764FAFFE762E03E
:108AB00040F2A810C2F2000090F8700068BBFFE717
:108AC00040F2A811C2F2000191F86F0001EB8000A2
:108AD0000C30B1F8721000224CF28033C0F2C9138E
:108AE000FCF70CFDC0B1FFE740F2A810C2F2000095
:108AF000039090F86F100C30049050F821204E2015
:108B00006721FAF78BF90399049891F86F1050F8E0
:108B1000210000F06DF9FFE72CE040F2A811C2F24D
:108B2000000191F86F0001EB80003030B1F8721055
:108B300000224CF28033C0F2C913FCF7DFFCC0B155
:108B4000FFE740F2A810C2F20000019090F86F1009
:108B50003030029050F821204E206721FAF75EF95C
:108B60000199029891F86F1050F8210000F040F937
:108B7000FFE7FFE7FFE7FFE715E042F27020C2F2F0
:108B800000000078C00768B1FFE740F68830C2F205
:108B90000000007840F68931C2F200010978FCF744
:108BA0006BF8FFE7FFE7FFE76FE6000080B590B0E6
:108BB0000F900E910D920F98B0F5FA5F04DAFFE76F
:108BC0004FF4FA500F900EE00F9846F60101C0F6F0
:108BD0008911884206DBFFE746F60000C0F68910DF
:108BE0000F90FFE7FFE70D99012008700F9844F2FE
:108BF0003F21C0F20F01884207DCFFE70F98800198
:108C00000F900D990620087403E00D990020087458
:108C1000FFE70F98029001F014F900224DF28473DF
:108C2000C4F2971300F084FF0090019142F26C00AF
:108C3000C2F20000006801F004F9024600980B46F9
:108C4000019901F015F901F0CDF801460298401A9A
:108C50000F9047F64000C0F27D100C900F984FF235
:108C60003F61C0F2D341884224DCFFE724200B900F
:108C700000200A90012009904EF60011C3F2A45181
:108C8000049104990F9A91FBF2F108910F9900EB6E
:108C900021500590049A0F9992FBF1F000FB1120EE
:108CA000059990FBF1F007900F98059990FBF1F072
:108CB000069043E00F984DF28011C0F6F001884213
:108CC00003DBFFE7042008900EE00F984EF200113E
:108CD000C0F2F551884203DBFFE70620089002E06E
:108CE00008200890FFE7FFE700200790012006908A
:108CF00008980F9948430390039943F68930C5F2C9
:108D0000E65081FB0012D11501EBD2710B911821B5
:108D10000591039A82FB0001C81500EBD17147F65B
:108D20004000C0F27D1001FB1021059A91FBF2F189
:108D30000A91059990FBF1F00990FFE70B980E99C5
:108D400008600A980E99486009980E9988600898FA
:108D50000D99486007980D99886006980D99C8602C
:108D600010B080BD80B582B08DF807009DF8070077
:108D700080F0FF01032000F011FA02B080BD000076
:108D800080B584B00390039842F26C01C2F20001F6
:108D900008600320FF2100F001FA102080210191DA
:108DA00000F0FCF90199112000F0F8F90199122066
:108DB00000F0F4F90199132000F0F0F90199142062
:108DC00000F0ECF90199152000F0E8F9019916205E
:108DD00000F0E4F90199172000F0E0F9C0208DF8C7
:108DE0000B009DF80B10B72000F0D8F904B080BD3F
:108DF00080B584B0039004208DF80B0000208DF81E
:108E00000A00FFE79DF80A00042818DCFFE7039832
:108E10009DF80A2040F2D001C2F2000151F8221060
:108E2000884205D8FFE79DF80A008DF80B0006E0A0
:108E3000FFE79DF80A0001308DF80A00E2E79DF88F
:108E40000B0040F2A011C2F200010978884267D0FD
:108E5000FFE79DF80B0001460191042858D80199BD
:108E6000DFE801F003132334450040F61001C4F29B
:108E700001010220C0F20100086041F21001C4F2B9
:108E800001014FF06040086042E040F61001C4F27A
:108E900001010120C0F20200086041F21001C4F299
:108EA00001014FF06040086032E040F61001C4F26A
:108EB00001014FF44030086041F21001C4F2010199
:108EC00048F20000C6F20000086021E040F6100100
:108ED000C4F201014FF44030086041F21001C4F2C5
:108EE000010144F20000CAF20000086010E040F600
:108EF0001001C4F201014FF44030086041F210014A
:108F0000C4F2010142F20000CCF200000860FFE769
:108F10009DF80B0040F2A011C2F200010870FFE7BB
:108F2000039945F64410CFF6FF7000EB81000390E3
:108F30000398022100F006F80120FFF713FF04B0A8
:108F400080BD000080B58EB00D908DF833100D9867
:108F500009A9019104AA0392FFF728FE01990020B4
:108F6000029000F0DFF80299039B9DF833206846D9
:108F70000160084600F002F80EB080BD10B590B058
:108F8000844612988DF83BC08DF83A108DF8392040
:108F90000D938DF833000D9840680B900D98806804
:108FA0000A900D98C068099000208DF823009DF864
:108FB0003B00032803DBFFE701200F90AFE00D9893
:108FC000007870B9FFE70B98082807DBFFE70B98DC
:108FD000082806D1FFE70A9818B9FFE702200F908A
:108FE0009DE00B98042809D1FFE700200790069028
:108FF0000120059003208DF8230016E00B990A98B4
:10900000C001099A90FBF2F000EBC110A0F50070CE
:1090100007900A99C801099A90FBF2F05043C0EBFF
:10902000C110069009980590FFE700208DF8130005
:109030008DF812008DF811009DF83B000146039158
:1090400040B1FFE7039801280ED0FFE703980228FC
:1090500014D01DE02A208DF81300A5208DF81200F1
:1090600010208DF8110013E032208DF81300A62097
:109070008DF8120011208DF8110009E03A208DF8CA
:109080001300A7208DF8120012208DF81100FFE7C1
:109090009DF8390040F00C008DF810009DF83A0062
:1090A000012807D1FFE79DF8100040F020008DF85F
:1090B0001000FFE70D98007870B1FFE70A9820B123
:1090C000FFE70B98042807D1FFE79DF8100040F058
:1090D00040008DF81000FFE79DF811009DF810107A
:1090E00000F05CF89DF813000799069A059B9DF81F
:1090F00023C0DDF834E09EF81040EE46CEF8044080
:10910000CEF800C000F064FA9DF812009DF833100C
:1091100001F07F0100F042F800200F90FFE70F9868
:1091200010B010BD80B58CB08DF82F000A910A9850
:10913000006806900A98406805900A988068049034
:1091400006990598C001049A90FBF2F000EBC1105B
:10915000A0F5007009900599C801049A90FBF2F0FF
:109160005043C0EBC1100890049807909DF82F1051
:109170002220002908BF1A208DF80F009DF80F004B
:109180000999089A079BEE464FF0000CCEF804C0F0
:10919000CEF800C000F01CFA0CB080BD80B59EB0C7
:1091A0008DF876008DF875104FF4FA601C90FFE78B
:1091B00045F21840C4F200000088800700283BD523
:1091C000FFE71C9801381C90A8BBFFE740F2200085
:1091D000C2F200001890036840686A4600211B91A3
:1091E00091604FF4FC6CCDF864C0C2F804C010600C
:1091F0004CF63452C0F600022E201A90FAF7F8FF0F
:109200001899DDF864C01A98DDF86CE00B684968BD
:109210006A46C2F808E0C2F804C011604CF6615218
:10922000C0F600021221FAF7E3FFF9F7ADFC1B9834
:109230008DF87700C7E1BBE745F20041C4F20001B9
:10924000088840F4807008804FF4FA601C90FFE7B3
:1092500045F21440C4F200000088C007D8BBFFE705
:109260001C9801381C90A8BBFFE740F22000C2F216
:1092700000001490036840686A46002117919160CD
:109280004FF4FC6CCDF854C0C2F804C010604CF62A
:109290003452C0F600022E201690FAF7A9FF149956
:1092A000DDF854C01698DDF85CE00B6849686A4642
:1092B000C2F808E0C2F804C011604CF65652C0F67D
:1092C00000021221FAF794FFF9F75EFC17988DF867
:1092D000770078E1BCE745F21041C4F20001C020FC
:1092E00008804FF4FA601C90FFE745F21440C4F286
:1092F0000000008840F2024108423BD1FFE71C9881
:1093000001381C90A8BBFFE740F22000C2F2000029
:109310001090036840686A460021139191604FF4F1
:10932000FC6CCDF844C0C2F804C010604CF6345256
:10933000C0F600022E201290FAF75AFF1099DDF8BD
:1093400044C01298DDF84CE00B6849686A46C2F8E0
:1093500008E0C2F804C011604CF66B52C0F600027F
:109360001221FAF745FFF9F70FFC13988DF87700F3
:1093700029E1BAE745F21440C4F200000088400534
:10938000002843D5FFE745F21441C4F200010888E4
:1093900020F48060088045F20041C4F20001088892
:1093A00040F40070088040F22000C2F200000C90EF
:1093B000036840686A4600210F9191604FF4FC6C8D
:1093C000CDF834C0C2F804C010604CF63452C0F678
:1093D00000022E200E90FAF70BFF0C99DDF834C036
:1093E0000E98DDF83CE00B6849686A46C2F808E070
:1093F000C2F804C011604CF62052C0F600021221DF
:10940000FAF7F6FE0F988DF87700DCE045F2184089
:10941000C4F2000000889DF8760045F21041C4F2C5
:109420000001088044F620601C90FFE745F21440DC
:10943000C4F2000000880006002852D4FFE71C9800
:1094400001381C9048B1FFE745F21440C4F2000017
:1094500000884005002843D5FFE745F21441C4F2D7
:109460000001088820F48060088045F20041C4F2C1
:109470000001088840F40070088040F22000C2F229
:1094800000000890036840686A4600210B919160D3
:109490004FF4FC6CCDF824C0C2F804C010604CF648
:1094A0003452C0F600022E200A90FAF7A1FE089965
:1094B000DDF824C00A98DDF82CE00B6849686A469C
:1094C000C2F808E0C2F804C011604CF64C52C0F675
:1094D00000021221FAF78CFE0B988DF8770072E0EB
:1094E000A4E79DF8750045F21041C4F20001088020
:1094F00044F620601C90FFE745F21440C4F20000DF
:1095000000884007002852D4FFE71C9801381C90BF
:1095100048B1FFE745F21440C4F20000008840055E
:10952000002843D5FFE745F21441C4F20001088842
:1095300020F48060088045F20041C4F200010888F0
:1095400040F40070088040F22000C2F20000049055
:10955000036840686A460021079191604FF4FC6CF3
:10956000CDF814C0C2F804C010604CF63452C0F6F6
:1095700000022E200690FAF73BFE0499DDF814C095
:109580000698DDF81CE00B6849686A46C2F808E0F6
:10959000C2F804C011604CF64152C0F6000212211C
:1095A000FAF726FE07988DF877000CE0A4E745F25D
:1095B0000041C4F20001088840F4007008800120D6
:1095C0008DF87700FFE79DF877001EB080BD0000A2
:1095D00010B586B08C468646099808998DF817E034
:1095E000CDF810C0039202938DF807108DF8060095
:1095F0009DF817009DF80910FFF7D0FD9DF81700A2
:1096000001309DF80810C0B2FFF7C8FD9DF81700A3
:109610000230BDF8121001F003019DF8072002F09E
:10962000030241EA82019DF8062002F0070241EAA6
:109630000211C0B2FFF7B2FD9DF8170003309DF88C
:109640001110C0B2FFF7AAFD9DF8170004309DF875
:109650001010C0B2FFF7A2FD9DF817000530029A66
:10966000F02101EA1231BDF80E2002F00F02114480
:10967000C0B2FFF793FD9DF8170006309DF80D105E
:10968000C0B2FFF78BFD9DF8170007309DF80C1056
:10969000C0B2FFF783FD06B010BD4100080218BF3D
:1096A00004200A0E18BF40F001004FF07F4232EA5A
:1096B000010108BF40F00200012808BF05207047E3
:1096C000012101F0C4B80021084600F06DBD6FF023
:1096D0005E01080701F0BBB82DE9F04D0D461446B8
:1096E0004FF07F41B1EB440F9EBF4FF0FF31296037
:1096F000BDE8F08D4FF0004040EA0421C4F3C750AC
:10970000783810F01F024A4B4FEA601CC2F1200665
:109710007B44C4F3C750A0F178004FEA601003EB1C
:10972000800053F82C3008BFD0E901C612D0D0F821
:1097300004C093402CFA06F73B4387680CFA02FCFE
:1097400027FA06F8C06807FA02F2F0404CEA080C63
:1097500042EA0006A3FB0132ACFB01C0A6FB01619B
:1097600001EB0C068E4234BF4FF0010C4FF0000CA1
:10977000C1186144BCF1000F02D0814202D903E05C
:10978000814201D2012000E00020104400F12002BB
:109790004FEA92188006CA0C40EA42304F03C5F8DF
:1097A000008000F013FE8246384600F027FE6FF07E
:1097B000120101F04CF80746304600F01FFE6FF032
:1097C000250101F044F883463946504600F04EFC2E
:1097D000594600F04BFC00F500666FF30B0651464E
:1097E000304600F08DFF394600F08AFF594600F000
:1097F0007DFF104900F07EFE07460F49304600F01D
:1098000079FE394600F032FC07460C49304600F03C
:1098100071FE394600F02AFC14F0004F08BFBDE885
:10982000F08DC8F1805180F000402960BDE8F08DD6
:10983000B8110000DB0FC92F22AAFD290000C92F93
:109840002DE9F843044602464F486946B0EB420F03
:1098500009D94FF0E640B0EB420F94BF00204FF023
:10986000FF30009030E0494B22F00040834271D934
:109870004749204600F03EFE00F008FF804600F019
:1098800089FD00F0030000904249404600F032FE9E
:1098900005464149404600F02DFE06463F494046F8
:1098A00000F028FE07463E49404600F023FE2146D0
:1098B00000F01CFF394600F023FF314600F020FF86
:1098C000294600F01DFF04462546009C002C45DB80
:1098D000294614F0010F08461CD000F00BFE064686
:1098E000304900F007FE304900F0C0FB314600F07F
:1098F00001FE2E4900F0BAFB314600F0FBFD29467F
:1099000000F0F8FD294600F0B1FB14F0020F1CD066
:10991000BDE8F88300F0EEFD0546254900F0EAFDBC
:10992000244900F0A3FB294600F0E4FD224900F0A1
:109930009DFB294600F0DEFD4FF07E5100F096FBC6
:1099400014F0020F08BFBDE8F88380F00040BDE8C6
:10995000F883FFE71046FFF7BFFEB4E76800B0F1F9
:109960007F4F3CBF4FF07E50BDE8F88307D14FF0EA
:109970000100F6F735FDBDE8F843FFF7A4BE284621
:10998000BDE8F843FFF79CBEB61F927E490E4946DC
:1099900083F9223F1A61342C0020A23300A0FD3944
:1099A0000000C93F336D4CB9DA82083CA0AA2ABE38
:1099B000B93AB2BACA9F2A3DDDFFFFBE2DE9F8438E
:1099C000044602464C486946B0EB420F09D94FF0B5
:1099D000E640B0EB420F94BF00204FF0FF30009004
:1099E00030E0464B22F00040834265D9444920468E
:1099F00000F080FD00F04AFE804600F0CBFC00F055
:109A0000030000903F49404600F074FD05463E4982
:109A1000404600F06FFD06463C49404600F06AFDB6
:109A200007463B49404600F065FD214600F05EFEDA
:109A3000394600F065FE314600F062FE294600F02E
:109A40005FFE0446009D002D3ADB2146084600F0EB
:109A500051FD06462F4900F04DFD2F4900F006FB51
:109A6000314600F047FD2D4900F000FB314600F083
:109A700041FD2B4900F0FAFA314600F03BFD29493F
:109A800000F0F4FA314600F035FD274900F0EEFA17
:109A9000314600F02FFD214600F02CFD214600F05C
:109AA000E5FA15F0010F08BFBDE8F8830146BDE8EF
:109AB000F8431E4800F078BB1046FFF70DFEC0E7E4
:109AC0006000B0F17F4F09D22046FFF7E6FD042881
:109AD00008BFFFF7FCFD2046BDE8F88306D1012052
:109AE000F6F77EFCBDE8F843FFF7EDBD2046BDE884
:109AF000F843FFF7E5BD0000B61F927E490E4946C8
:109B000083F9223F1A61342C0020A23300A0FD39D2
:109B10000000C93FBCE9223C0B6D063B8A76CE3C77
:109B2000ACB5593D35A1083E29AAAA3E000080BF28
:109B30002DE9C04130B4DFF8A4C23CEA111418BFCB
:109B40003CEA131400F0ED801CEA111481EA0305CD
:109B500044EAD57418BF1CEA131500F0C880A4EBC2
:109B6000050404F17F7404F500344FF0004545EA24
:109B7000C12145EAC32341EA505143EA52534FEA17
:109B8000C0204FEAC222994208BF904200F09D8057
:109B90004FEA13650FF24416765D4FEA134506FB54
:109BA00005F7C7F1807706FB07F74FEAD737A7FB22
:109BB00003687642A7FB06CEC8F5803838BFA8F107
:109BC000010807FB08E6A6FB028C4FF0000EE6FB3F
:109BD00003CEDCF1000CCEF1004E38BFAEF1010E29
:109BE000A6FB0C584FF00007E6FB0E87A1FB08C64A
:109BF000A0FB07CE16EB0E064FF0000545F1000561
:109C0000E1FB076515F1E04E7EBFA4F580345FEA05
:109C100046066D4116F1800745F100054FEA17270A
:109C200047EA05674FEA15254FEA0666A6F1DE46C4
:109C3000B6F1805F20D9384605EBC47124F0010CE1
:109C400001EB0C11BCF1FE6F02D8F0BCBDE8008145
:109C500024425CBF01F5801E9EEAC47F02D4F0BCA2
:109C6000BDE80081244200F13980A1F1C041F0BC7F
:109C7000BDE8004100F0F4B94FEAD02040EA41507D
:109C80004FEAD1214FEAD22242EA43524FEAD3238C
:109C9000A7FB028607FB036605FB02661EEA0E0FA2
:109CA00058BFA6EB0056B6EB00564FEA520E4EEAEE
:109CB000C37E18EB0E0E56EB530EBCD518EB020804
:109CC0005E417F1C55F10005B5E74FF480154FF05C
:109CD00000074FF000064FF00008ACE701F1C0416B
:109CE00001F000414FF00000F0BCBDE800810CEA3B
:109CF000131511EA0C1F00D00CE013EA0C1F00F042
:109D000026804FF0000081EA030101F00041F0BC21
:109D1000BDE80081F0BCBDE8004181EA030100F02C
:109D20009FB9F0BCBDE8004170B500F04BF900BF31
:109D3000097EFC3E00F007B84FF0000081EA030105
:109D400001F00041704781EA030100F089B9F0BCDD
:109D5000BDE8004122494FF000007047FFFDFBF9CC
:109D6000F7F5F4F2F0EEEDEBE9E8E6E4E3E1E0DE4E
:109D7000DDDBDAD8D7D5D4D3D1D0CFCDCCCBCAC8C0
:109D8000C7C6C5C4C2C1C0BFBEBDBCBBBAB9B8B7E7
:109D9000B6B5B4B3B2B1B0AFAEADACABAAA9A8A8DA
:109DA000A7A6A5A4A3A3A2A1A09F9F9E9D9C9C9BA8
:109DB0009A99999897979695959493939291919053
:109DC0008F8F8E8E8D8C8C8B8B8A898988888787E4
:109DD0008685858484838382828181800000FF0759
:109DE0000000F87F4FEA41034FEA5353A3F5806325
:109DF000D3F11E03C8BFD3F1210C0CDD4FF000429C
:109E000042EAC12242EA505232FA03FC8CEAE17C77
:109E1000ACEBE1707047102BC4BF0020704703F516
:109E2000787CBCF1FF3F04D06FF0004282EA210051
:109E3000704770B500F0C6F8499224800020704742
:109E4000F2E710F0004248BF4042B0FA80F310FA47
:109E500003F10AD0C3F11D0303F5806302EB035243
:109E60004FEA415002EBD12170474FF0000070479C
:109E700070B5DFF848C11CEA111E1EBF1CEA13159D
:109E80009EEA0C0F95EA0C0F00F06F8081EA030444
:109E90004EEAD47EAE4421EA4C1123EA4C1341F43D
:109EA000801143F48013AEF17F7EA1FB024CA0FB36
:109EB0000365361955EB0C05A1FB034C4CF100036F
:109EC000A0FB021C16EB0C06654153F1000309428E
:109ED00018BF46F0010613F4007F0BD14FEA03319F
:109EE0004FEA053041EA155140EA165034036FF04D
:109EF00003020AE04FEAC3214FEAC52041EA555167
:109F000040EA5650F4026FF0020202EB2E4201EBDF
:109F1000025585EACE710AD05FEA440C18BF24F0DE
:109F2000004450F1000041F1000120EAD47040F2F9
:109F3000FE7C624500D270BDA84214BF4FF0804441
:109F40004FF04044002E08BF0024BEF1806FA8BF30
:109F5000A1F1C041BDE8704080F2828001F1C041B2
:109F600001F000414FF0000070470CEA13159EEA23
:109F70000C0F18BF95EA0C0F06D081EA030E4FF0C4
:109F800000000EF0004170BD00F01CF88900013E99
:109F900000F007B800F009B84FEA430C5FEA5C5CD8
:109FA00008D081EA030100F05BB84FEA410C5FEA98
:109FB0005C5CF6D102494FF0000070470000FF07DB
:109FC0000000F87F0EF1020E2EF0030E5EF8046B17
:109FD000364205D4012A43EB030515F5001F12D8BC
:109FE000012841EB010C1CF5001F0CD80ED14FEAE3
:109FF000D17C0CEB4C0C0CF1020C15F5001F08BFCA
:10A000004CEBD37C04E04FF0080C01E04FEAD37C2A
:10A010000CEB4C0526FA05F606F00706B6F1040C23
:10A0200006D20EEB860CBDE870404CF0010C604788
:10A03000DFE80CF0090B02024FF00041A1F500210E
:10A040004FF0000070BD19461046012851EB010485
:10A0500018BFD4F5001484BF002001F0004170BD8A
:10A060000808A0F500114FEA3101704790EA010F8E
:10A0700048BF81F0004100F14A83421A3CBF801A78
:10A0800089184FEAD052A2EBD1534FF07F4C1CEA13
:10A09000410F18BF9CEA026F00F03B804FF0004C6C
:10A0A0004CEA00204CEA012121FA03FC10EB0C0CD5
:10A0B0001ED202F1FF325FEA1C2040EBC25038BFD3
:10A0C00070471CF07F0F4FEA400C18BFBCF17F4F68
:10A0D00038BF7047C3F12003994008BF20F001004A
:10A0E000BCF17F4F38BF7047A0F1C04000F0C9BA43
:10A0F0004FEA3C00000A40EBC25028BF1CF0FF0FA3
:10A100004FEA400CE6D018BFBCF17F4F38BF704714
:10A11000EAE79CEA026F05D010EA5C0F08BF00F086
:10A120000040704710B500F066FA00BF64FBBE3E09
:10A13000014800F05ABB00BF0000C07F10B500F01E
:10A14000F5F80CBF0120002010BD10B500F0EEF8AE
:10A1500014BF0120002010BD10B500F063F98CBFC2
:10A160000120002010BD10B500F05CF92CBF0120CB
:10A17000002010BD10B500F089F994BF0120002027
:10A1800010BD10B500F082F934BF0120002010BDD1
:10A19000401058BFC0F14040491058BFC1F1404184
:10A1A0008142EFF3008070474FF47F0C1CEAD0121D
:10A1B0001EBF1CEAD11392EA0C0F93EA0C0F00F0B9
:10A1C000858090EA010F48BF42F4807240F4000C91
:10A1D00041F400002CF07F4120F07F4000B5A2EB5D
:10A1E000030281420FF2081CACEB504E9EF800E0D7
:10A1F000C0F100004FEA4E0E00FB0EFC38BF4900D4
:10A200004FEA2C1C0CFB0EF34FEACE1E0EEB635EE6
:10A210004FEA112C0EFB0CFC4FEAC1214FEA1C53F4
:10A2200000FB031102F5FA024FEA112C0EFB0CFCA5
:10A230004FEA01314FEADC4C00FB0C1142EB2242A9
:10A24000C14228BF09184CEB03335DF804EB10EB57
:10A25000410143EBC250B2F57C0F38BF704729D59E
:10A2600012F0F00F1CBF00F1C04000F0004070473A
:10A27000008182838485868788898B8C8D8E8F91DF
:10A280009293959697999A9C9D9FA0A2A3A5A7A803
:10A29000AAACAEB0B2B3B5B7B9BCBEC0C2C5C7C92F
:10A2A000CCCED1D4D7D9DCDFE2E6E9ECF0F3F7FA93
:10A2B000FE0000004FEA400C0CF1807CBCF17E4FA8
:10A2C00028BF7047B0F1C04000F0DBB90CEAD113F1
:10A2D00090EA010F48BF42F48072624538BF63457F
:10A2E00007D213F47F0F16D080EA010000F000407F
:10A2F000704710B500F07FF9097EFC3E00F005B80C
:10A3000080EA010000F00040704780EA010000F0A0
:10A31000004000F0B6B912F47F0F04BF0248704746
:10A3200080EA010000F0ADB90000C07F50EA010CE6
:10A3300000F113801CF5000F58BFBCF5000F01D4CD
:10A340008842704707D710F5000F58BF11F5000F6E
:10A3500015D488427047894270471CF5000F04D518
:10A36000BCF5000FF7D5814270474FF0807C1CEBA5
:10A37000400F38BF1CEB410F01D28142704710B52E
:10A3800000F039F9922449004FF000504FF080510D
:10A39000FFF7FEBE41000B0ED3F19E0208D950F428
:10A3A00000034FEA032323FA02F048BF40427047FC
:10A3B00010B500F020F900BF4992248000207047BA
:10A3C0006FF0004282EA20007047000010F0004168
:10A3D00048BF4042B0FA80F310FA03F2C3F19D0384
:10A3E0000BD051EAC35101EB1220530638BF70471E
:10A3F00000F1010008BF20F001007047B0FA80F3BF
:10A4000010FA03F2C3F19D030AD0D90501EB122023
:10A41000530638BF704700F1010008BF20F001006B
:10A420007047000050EA010C00F113801CF5000F8A
:10A4300058BFBCF5000F01D48842704707D710F50C
:10A44000000F58BF11F5000F15D48842704789429C
:10A4500070471CF5000F04D5BCF5000FF7D58142FD
:10A4600070474FF0807C1CEB400F38BF1CEB410F56
:10A4700001D28142704710B500F0BDF89224490026
:10A480004FF080504FF00051FFF782BE50EA010CB0
:10A4900000F113801CF5000F58BFBCF5000F01D46C
:10A4A0008842704707D710F5000F58BF11F5000F0D
:10A4B00015D488427047894270471CF5000F04D5B7
:10A4C000BCF5000FF7D5814270474FF0807C1CEB44
:10A4D000400F38BF1CEB410F01D28142704710B5CD
:10A4E00000F089F8922449004FF000504FF080515D
:10A4F000FFF74EBE4FF47F0C1CEAD0121EBF1CEAC1
:10A50000D11392EA0C0F93EA0C0F00F0478090EA07
:10A51000010F48BF42F480724FF0004C4CEA00201B
:10A520004CEA012102EB0302A0FB0113A2F5000299
:10A53000002918BF43F001035B0028BF4FEA330333
:10A5400042EB22425FEA132C4CEBC2502EBFBCEB15
:10A55000436FB2F57C0F70474FEA036CBCF1004FBC
:10A5600008BF20F00100B2F57C0F38BF70470BD553
:10A5700082F0FF0212F5803FC8BF704700F1C04073
:10A58000D8BF00F00040704700F5000C5FEA4C0CAB
:10A5900048BF7047B0F1C04000F073B80CEAD11367
:10A5A00090EA010F48BF42F48072624538BF6345AC
:10A5B00004D280EA010000F00040704710B500F0BE
:10A5C0001AF800BF8900013E00F007B800F009B892
:10A5D0005FEA410C5FEA1C6C08D080EA010000F0E1
:10A5E00050B85FEA400C5FEA1C6CF6D14FF00040B7
:10A5F000A0F5800070470EF1020E2EF0030E5EF8FB
:10A60000044B244204D44FEA4102B2F17F4F11D8E7
:10A610004FEA4003B3F17F4F0CD80ED14FEAD07C04
:10A620000CEB4C0C0CF1020CB2F17F4F08BF4CEB61
:10A63000D17C04E04FF0080C01E04FEAD17C0CEB38
:10A640004C0324FA03F404F00704B4F1040C06D21A
:10A650000EEB840CBDE810404CF0010C6047DFE8C5
:10A660000CF0070802024FF00040A0F5800010BD7A
:10A670000846420018BFD2F1807288BF00F0004047
:10A6800010BDFF2141EAD050C00570475FEA400C81
:10A690005FEA1C6CBCF17F0314D4D3F1170240F3C2
:10A6A0001C804FF0010C0CFA02FCACF101030340DA
:10A6B00020EA0300B3EB5C0208BF10EA0C0F88BF6E
:10A6C00060447047B3F1FF3F28BF5FEA002C00F001
:10A6D000004088BF40F07E507047BCF1FF0FB8BF0C
:10A6E000704710B5FFF787FF40DBB6BE80F0004033
:10A6F00090EA010F7FF5C1AC81F0004100F007B88E
:10A7000090EA010F48BF81F000413FF5B6AC421A14
:10A7100004D882F00042A0EB020011444FEAD0526C
:10A72000A2EBD1534FF07F4C1CEA410F18BF9CEABB
:10A73000026F4AD04FF0004C4CEA00204CEA012155
:10A7400021FA03FCB0EB0C0C0FD412F0FE0F36D044
:10A750005FEA4C001DD5001240EBC25038BF704775
:10A760001CF03F0F18BF70470BE05FEA1C20A2F1FE
:10A77000010240EBC25038BF70471CF07F0F18BF7A
:10A780007047C3F12003994014BF401E20F0010020
:10A7900070474FEA1223800808BF7047B0FA80FC68
:10A7A000A2EB0C02CCF1280C60FA0CF093EA122F09
:10A7B00004BF00EBC25070474FEAC3707047130AE2
:10A7C0005FEADC1008BF7047F6E79CEA026F04D02E
:10A7D00010EA5C0F08BF0020704710B5FFF70BFFB1
:10A7E00040DFF63E81F0004070470CF00F03092B6C
:10A7F00008BF082000F051800A2B0BD0082B18BF8F
:10A80000704708BF1CF0400F0AD04FF000004FF017
:10A81000000170471CF0400F18BF4FF00040704718
:10A820001CF0100F08D000F07F4220F0704342EA85
:10A83000D3014FEA4370704700F0604021F07F423F
:10A8400042EA000201F07F4040EA727070474FF028
:10A85000FF0212EAD0521CBF92F0FF038B42C2BF2C
:10A86000D14200EBC1507047002A0AD0002B0BD018
:10A8700000F000400029A4BF40F0FE4040F400007A
:10A88000704700F00040704743024FF00B0C18BFB8
:10A890004CF0806C7FF44CAC70471CF4801F11D0DE
:10A8A0001CF4E02F03D06FEACC31490070474FF021
:10A8B0004050EFF3008222F0704242EA000282F33D
:10A8C000008870474FF00000704700000000000053
:10A8D0006E83F9A22915444ED15727FCC0DD34F50B
:10A8E000999562DB4190433CAB6351FE2000000030
:10A8F0000DCD0008010000003000000077CD0008F9
:10A90000000000004000000014CD0008010000001D
:10A910005000000077CD000800000000600000003B
:10A9200018CD0008010000007000000077CD00087D
:10A9300000000000800000001CCD000801000000A5
:10A940008D00000077CD0008000000009B00000093
:10A95000FDCC000801000000A800000077CD000831
:10A9600000000000B500000001CD0008010000005B
:10A97000C200000077CD000800000000D0000000F9
:10A9800005CD000801000000DD00000077CD0008C3
:10A9900000000000EA00000009CD000801000000EE
:10A9A00000000000000000000000000000000000A7
:10A9B0000000000000000000000000000000000097
:10A9C000000000000000000C000C000C000C000C4B
:10A9D000000C000C000C000C000C000C0000000C23
:10A9E000000C0000000000000000001B001B001B0A
:10A9F000001B001B00000000000000000000000021
:10AA000000000000000000000000000000008019AD
:10AA1000801980198019C07FC07F80190033C07FE2
:10AA2000C07F00330033003300330000000000001B
:10AA30000000001E003F807580650074003C001E11
:10AA400000078005806580658075003F001E00045A
:10AA5000000400000000007000D840D8C0D880D9A1
:10AA600000730006000C801BC036C066C046C006DE
:10AA700080030000000000000000001E003F0033C3
:10AA800000330033001E000CC03CC0668063806150
:10AA90008063C03E801C0000000000000000000C2D
:10AAA000000C000C000C000C000000000000000076
:10AAB0000000000000000000000000000000000096
:10AAC000800000010003000600060004000C000CDA
:10AAD000000C000C000C000C000400060006000333
:10AAE00000018000002000100018000C000C000481
:10AAF0000006000600060006000600060004000C22
:10AB0000000C0018001000200000000C002D003F79
:10AB1000001E0033000000000000000000000000E4
:10AB20000000000000000000000000000000000025
:10AB30000000000C000C000C000CC0FFC0FF000C5B
:10AB4000000C000C000C00000000000000000000E1
:10AB500000000000000000000000000000000000F5
:10AB600000000000000000000000000C000C0004C9
:10AB700000040008000000000000000000000000C9
:10AB8000000000000000001E001E00000000000089
:10AB900000000000000000000000000000000000B5
:10ABA00000000000000000000000000000000000A5
:10ABB0000000000C000C000000000000000000037A
:10ABC000000300030006000600060006000C000C4F
:10ABD000000C000C00180018001800000000000015
:10ABE0000000001E003F0033806180618061806D45
:10ABF000806D8061806180610033003F001E000035
:10AC00000000000000000006000E001E00360026B6
:10AC10000006000600060006000600060006000604
:10AC200000060000000000000000001E003F8073CE
:10AC300080618061800100030006000C0018003074
:10AC40000060807F807F0000000000000000001C8A
:10AC5000003E006300630003000E000E000380014D
:10AC6000800180618073003F001E00000000000032
:10AC700000000006000E000E001E001E001600362A
:10AC800000360066807F807F000600060006000018
:10AC9000000000000000007F007F00600060006096
:10ACA000006E007F80638001800180618073003FBF
:10ACB000001E0000000000000000001E003F803366
:10ACC00080610060006E007F8073806180618061C0
:10ACD0008033003F001E0000000000000000807F65
:10ACE000807F80010003000300060006000C000CBA
:10ACF000000C0008001800180018000000000000F8
:10AD00000000001E003F8063806180610021001E02
:10AD1000003F8061806180618061003F001E000013
:10AD2000000000000000001E003F00738061806191
:10AD300080618073803F801D800180610073003FCF
:10AD4000001E0000000000000000000000000000E5
:10AD50000000000C000C00000000000000000000DB
:10AD60000000000C000C00000000000000000000CB
:10AD70000000000000000000000C000C00000000BB
:10AD8000000000000000000C000C0004000400089B
:10AD9000000000000000000080008003000E00386A
:10ADA00000600038000E80038000000000000000FA
:10ADB0000000000000000000000000000000807F94
:10ADC000807F00000000807F807F00000000000086
:10ADD0000000000000000000000000000000000073
:10ADE00000400070001C000780010007001C00707C
:10ADF0000040000000000000000000000000001FF4
:10AE0000803FC071C060C000C00180030007000E19
:10AE1000000C000C0000000C000C00000000000002
:10AE20000000001E003F803180718063806F806D64
:10AE3000806D806F806700600032003E001C000063
:10AE4000000000000000000E000E001B001B001B95
:10AE5000001B80318031803F803F8031C060C06006
:10AE6000C0600000000000000000007C007E006365
:10AE7000006300630063007E007E00638061806188
:10AE80008063007F007E0000000000000000001EC4
:10AE9000003F803180610060006000600060006001
:10AEA000006080618031003F001E00000000000053
:10AEB0000000007C007F00638063806180618061AE
:10AEC00080618061806100630063007E007C00001F
:10AED000000000000000807F807F00600060006054
:10AEE0000060007F007F0060006000600060807F85
:10AEF000807F0000000000000000807F807F0060F5
:10AF0000006000600060007F007F00600060006003
:10AF10000060006000600000000000000000001EF3
:10AF2000003F80318061006000600060806380636A
:10AF3000806180618031803F001E000000000000C1
:10AF40000000806180618061806180618061807FBC
:10AF5000807F8061806180618061806180610000AC
:10AF6000000000000000003F003F000C000C000C3F
:10AF7000000C000C000C000C000C000C000C003F3E
:10AF8000003F0000000000000000800180018001FF
:10AF900080018001800180018001800180618061E9
:10AFA0008073003F001E0000000000000000C06031
:10AFB0008061006300660066006C0078007C0066BB
:10AFC0000066006380618061C060000000000000D6
:10AFD00000000060006000600060006000600060D1
:10AFE00000600060006000600060807F807F000083
:10AFF000000000000000C071C071C07BC07AC06A50
:10B00000C06AC06EC064C060C060C060C060C06024
:10B01000C060000000000000000080718071807935
:10B0200080798079806D806D806D806580678067B4
:10B030008067806380630000000000000000001E45
:10B04000003F003380618061806180618061806148
:10B05000806180610033003F001E0000000000009E
:10B060000000007E007F806380618061806180637A
:10B07000007F007E006000600060006000600000F3
:10B08000000000000000001E003F0033806180616E
:10B090008061806180618061806580670033803F6E
:10B0A000401E0000000000000000007E007F806362
:10B0B000806180618063007F007E006600630063C2
:10B0C00080618061C0600000000000000000000E90
:10B0D000001F8031803100300038001E00078003DF
:10B0E000806180618031003F001E00000000000090
:10B0F0000000C0FFC0FF000C000C000C000C000C96
:10B10000000C000C000C000C000C000C000C0000EB
:10B1100000000000000080618061806180618061CA
:10B120008061806180618061806180618073003FA7
:10B13000001E0000000000000000C060C060C06091
:10B14000803180318031001B001B001B001B000E72
:10B15000000E000E00040000000000000000C0C04F
:10B16000C0C0C0C0C0C0C0C0C0CC804C804C805EDD
:10B170008052805280738061806100000000000076
:10B180000000C0C0806080610033003B001E000CE6
:10B19000000C001E001F003B80718061C0C00000D9
:10B1A000000000000000C0C08061806100330033F7
:10B1B000001E001E000C000C000C000C000C000C0B
:10B1C000000C0000000000000000803F803F800174
:10B1D000000300030006000C000C001800180030EB
:10B1E0000060807F807F000000000000000F000FE3
:10B1F000000C000C000C000C000C000C000C000CEF
:10B20000000C000C000C000C000C000C000F000FD8
:10B210000000001800180018000C000C000C000CB6
:10B2200000060006000600060003000300030000FD
:10B2300000000000001E001E0006000600060006BA
:10B2400000060006000600060006000600060006CE
:10B2500000060006001E001E0000000C000C001E70
:10B2600000120033003380618061000000000000A4
:10B2700000000000000000000000000000000000CE
:10B2800000000000000000000000000000000000BE
:10B29000000000000000000000000000E0FF0000CF
:10B2A000000000380018000C000000000000000042
:10B2B000000000000000000000000000000000008E
:10B2C0000000000000000000000000000000001F5F
:10B2D000803F80618001801F803F80618063807F2C
:10B2E000C038000000000000000000600060006046
:10B2F0000060006E007F807380618061806180618A
:10B300008073007F006E000000000000000000005D
:10B31000000000000000001E003F8073806100609C
:10B32000006080618073003F001E0000000000008C
:10B3300000008001800180018001801D803F8073BA
:10B3400080618061806180618073803F801D00002A
:10B350000000000000000000000000000000001ECF
:10B36000003F00738061807F807F00608071003FBC
:10B37000001E0000000000000000C007C00F000C0D
:10B38000000C807F807F000C000C000C000C000C77
:10B39000000C000C000C0000000000000000000089
:10B3A00000000000801D803F8073806180618061AB
:10B3B00080618073803F801D80018063007F003E3C
:10B3C00000000060006000600060006F807F80719E
:10B3D0008061806180618061806180618061000046
:10B3E0000000000000000006000600000000003E13
:10B3F000003E0006000600060006000600060006E5
:10B40000000600000000000000060006000000002A
:10B41000003E003E0006000600060006000600068C
:10B420000006000600060046007E003C00000060AA
:10B43000006000600060806100630066006C007C5A
:10B440000076006300638061C060000000000000BF
:10B450000000003E003E0006000600060006000652
:10B4600000060006000600060006000600060000B2
:10B47000000000000000000000000000000080DD6F
:10B48000C0FFC0CEC0CCC0CCC0CCC0CCC0CCC0CC27
:10B49000C0CC000000000000000000000000000020
:10B4A0000000006F807F80718061806180618061B9
:10B4B00080618061806100000000000000000000E9
:10B4C000000000000000001E003F8073806180616A
:10B4D000806180618073003F001E0000000000005A
:10B4E0000000000000000000006E007F807380619B
:10B4F0008061806180618073007F006E0060006009
:10B50000006000600000000000000000801D803F1F
:10B51000807380618061806180618073803F801D65
:10B520008001800180018001000000000000000017
:10B5300000000067803F00390030003000300030EC
:10B54000003000300030000000000000000000006B
:10B55000000000000000001E803F80610060007F4E
:10B56000803F80018061007F001E0000000000001D
:10B5700000000000000800180018007F007F00187D
:10B5800000180018001800180018801F800F000015
:10B5900000000000000000000000000000008061CA
:10B5A0008061806180618061806180618063807F73
:10B5B000803D0000000000000000000000000000CE
:10B5C0000000C060803180318031001B001B001BF7
:10B5D000000E000E00060000000000000000000049
:10B5E00000000000000080DD80DD80DD005500559A
:10B5F00000550077007700220022000000000000C4
:10B6000000000000000000000000806100330033F3
:10B61000001E000C000C001E00330033806100008F
:10B620000000000000000000000000008061806158
:10B63000803100330033001B001B001B000E000E86
:10B64000000E001C007C00700000000000000000E4
:10B650000000C07FC07F800100030006000C0018BE
:10B660000030C07FC07F000000000000F81FC0E075
:10B6700007C0C003C08001C08001C00000C00180BD
:10B68000C003C0C003C0C003C0C003C0C003C0C06B
:10B6900003C0C003C0C003C0C003C0C003C0C00318
:10B6A000C0C003C0C003C0C003C0C003C0C003C04B
:10B6B000C003C0C003C0C003C0C003C0C00180C07D
:10B6C0000000C08001C08001C0C003C0E007C0F816
:10B6D0001FC0F80FC0E00FC0C00FC0C00FC0C00F28
:10B6E000C0C00FC0C00FC0CC0FC0FC0FC0FC0FC04B
:10B6F000FC0FC0FC0FC0FC0FC0FC0FC0FC0FC0FC57
:10B700000FC0FC0FC0FC0FC0FC0FC0FC0FC0FC0F33
:10B71000C0FC0FC0FC0FC0FC0FC0FC0FC0FC0FC072
:10B72000FC0FC0FC0FC0FC0FC0FC0FC0FC0FC0FC26
:10B730000FC0FC0FC0FC0FC0F01FC0C007C08003CB
:10B74000C08001C00001C00001C00380C003C0C0B0
:10B7500003C0C003C0C0FFC1C0FF81C0FF81C0FFE4
:10B7600083C0FF03C0FF03C0FE07C0FC07C0FC0F7F
:10B77000C0F80FC0F81FC0F03FC0F03FC0E07FC06E
:10B78000C07FC0C0FFC080FFC081FFC00000C000FC
:10B7900000C00000C00000C00000C00000C0F03FBA
:10B7A000C0C00FC08007C00003C00003C00003C0BA
:10B7B0000301C00781C00781C00781C0FF81C0FFAE
:10B7C00081C0FF03C0F803C0F807C0F80FC0F80736
:10B7D000C0F803C0F801C0FF81C0FF81C0FF81C075
:10B7E000FF81C0FF81C00781C00781C00781C003FE
:10B7F00081C00001C00001C00003C08007C0C00FAD
:10B80000C0F03FC0FF07C0FE0FC0FE0FC0FE0FC05C
:10B81000FC1FC0FC1FC0FC1FC0F81FC0F83FC0F8D1
:10B820003FC0F03FC0F07FC0F07FC0E07FC0E07F4E
:10B83000C0E0C1C0C0C1C0C0C1C0C1C1C081C1C021
:10B8400081C1C083C1C003C1C000004000004000EE
:10B850000040000040000040800040FFC1C0FFC128
:10B86000C0FFC1C0FFC1C0FFC1C00001C00001C016
:10B870000001C00001C00001C00001C003FFC003FF
:10B88000FFC003FFC003FFC003FFC0021FC00007CB
:10B89000C00007C00003C00003C00001C00301C016
:10B8A0000381C0FF81C0FF81C0FF81C0FF81C0FF55
:10B8B00081C0FF81C00781C00781C00701C00001AE
:10B8C000C00003C00003C08007C0C00FC0F03FC06D
:10B8D000FF03C0FE07C0FE07C0FC07C0FC0FC0F896
:10B8E0000FC0F81FC0F81FC0F01FC0F03FC0E03FFE
:10B8F000C0E03FC0E07FC0C07FC0C00FC08003C0B9
:10B900008001C08001C00001C00000C00180C003F0
:10B91000C0C003C0C003C0C003C0C003C0C003C0D8
:10B92000C00180C08000C08001C08001C0C003C0D1
:10B93000E007C0F80FC00001C00001C00001C00056
:10B9400001C00001C00783C00703C00703C007038D
:10B95000C0FF03C0FF07C0FE07C0FE07C0FE07C050
:10B96000FE07C0FE0FC0FC0FC0FC0FC0FC0FC0FCE8
:10B970000FC0FC1FC0F81FC0F81FC0F81FC0F81F81
:10B98000C0F83FC0F03FC0F03FC0F03FC0F03FC044
:10B99000F07FC0E07FC0E07FC0E07FC0FC3FC0E040
:10B9A0000FC0C007C08003C08003C00181C003C1B5
:10B9B000C003C1C003C1C003C1C003C1C003C1C033
:10B9C0008181C08003C0C007C0F00FC0E007C0C0C5
:10B9D00003C08001C08181C003C0C003C0C003C0D8
:10B9E000C003C0C003C0C003C0C003C0C00180C04A
:10B9F0000000C08001C08001C0C003C0E007C0F8E3
:10BA00001FC0F80FC0E007C0C003C08001C08001A4
:10BA1000C08000C00180C003C0C003C0C003C0C05C
:10BA200003C0C003C0C003C0C00180C08000C0808C
:10BA300000C08001C0C001C0E001C0F001C0FF0330
:10BA4000C0FF03C0FE03C0FE07C0FC07C0FC0FC060
:10BA5000FC0FC0F80FC0F81FC0F81FC0F01FC0F0E7
:10BA60003FC0F03FC0E07FC0000FC00003C0000136
:10BA7000C00000C00000C00000C00380C003C0C000
:10BA800003C0C003C0C003C0C003C0C003C0C00324
:10BA900080C00000C00000C00001C00003C000075B
:10BAA000C00007C00203C00303C00303C00381C07A
:10BAB0000381C00381C00380C003C0C003C0C003B2
:10BAC000C0C003C0C003C0C003C0C003C0C00000EA
:10BAD000C00000C00000C00000C00000C00000C0E6
:10BAE000F81FC0F81FC0F81FC0F81FC0F81FC0F82B
:10BAF0001FC0F81FC0F81FC0F81FC0F81FC0F81FF4
:10BB0000C0F81FC0F81FC0F81FC0F81FC0F81FC042
:10BB1000F81FC0F81FC0F81FC0F81FC0F81FC0F8FA
:10BB20001FC0F81FC0F81FC0F81FC0F81FC0F81FC3
:10BB3000C0F81FC00000000000000000000000006E
:10BB400000000000000000000010001000100010B5
:10BB50000010001000000010000000000028002865
:10BB600000280000000000000000000000000000AD
:10BB700000240024007C00240048007C0048004889
:10BB80000000000000380054005000380014005439
:10BB9000005400380010000000200054005800300D
:10BBA00000280054001400080000000000100028C5
:10BBB0000028001000340048004800340000000055
:10BBC0000010001000100000000000000000000045
:10BBD00000000000000800100020002000200020CD
:10BBE00000200020001000080020001000080008BD
:10BBF00000080008000800080010002000100038AD
:10BC000000100028000000000000000000000000FC
:10BC10000000000000100010007C00100010000068
:10BC20000000000000000000000000000000000014
:10BC300000000010001000100000000000000000D4
:10BC400000000038000000000000000000000000BC
:10BC500000000000000000000000001000000000D4
:10BC60000008000800100010001000100020002044
:10BC70000000000000380044004400540044004428
:10BC80000044003800000000001000300050001098
:10BC900000100010001000100000000000380044E8
:10BCA00000440004000800100020007C0000000098
:10BCB0000038004400040018000400040044003868
:10BCC0000000000000080018002800280048007C40
:10BCD0000008000800000000007C004000400078E0
:10BCE0000004000400440038000000000038004454
:10BCF0000040007800440044004400380000000088
:10BD0000007C00040008001000100020002000202B
:10BD100000000000003800440044003800440044A3
:10BD20000044003800000000003800440044004493
:10BD3000003C000400440038000000000000000047
:10BD400000100000000000000000001000000000D3
:10BD500000000000000000100000000000000010C3
:10BD60000010001000000000000C00300040003007
:10BD7000000C000000000000000000000000007C3B
:10BD80000000007C00000000000000000000000037
:10BD900000600018000400180060000000000000AF
:10BDA00000380044000400080010001000000010DB
:10BDB0000000000000380044004C0054005C0040CB
:10BDC0000040003800000000001000280028002873
:10BDD0000028007C0044004400000000007800447B
:10BDE0000044007800440044004400780000000053
:10BDF000003800440040004000400040004400384B
:10BE0000000000000070004800440044004400446A
:10BE10000048007000000000007C00400040007CF2
:10BE2000004000400040007C00000000007C00401A
:10BE3000004000780040004000400040000000004A
:10BE40000038004400400040005C004400440038DA
:10BE500000000000004400440044007C0044004412
:10BE600000440044000000000038001000100010E2
:10BE70000010001000100038000000000004000452
:10BE80000004000400040004004400380000000026
:10BE90000044004800500060005000480048004442
:10BEA0000000000000400040004000400040004012
:10BEB0000040007C000000000044006C006C005456
:10BEC00000440044004400440000000000440064BA
:10BED000006400540054004C004C0044000000007A
:10BEE000003800440044004400440044004400384A
:10BEF0000000000000780044004400440078004046
:10BF000000400040000000000038004400440044AD
:10BF1000004400440054003800040000007800444D
:10BF2000004400440078004800480044000000003D
:10BF3000003800440040003000080004004400388D
:10BF400000000000007C0010001000100010001025
:10BF500000100010000000000044004400440044B1
:10BF60000044004400440038000000000044004445
:10BF700000440028002800280010001000000000E5
:10BF800000440044005400540054006C0028002871
:10BF900000000000004400280028001000100028C5
:10BFA000002800440000000000440044002800284D
:10BFB000001000100010001000000000007C0004C1
:10BFC00000080010001000200040007C000000006D
:10BFD00000180010001000100010001000100010D9
:10BFE00000100018002000200010001000100010A9
:10BFF00000080008000000000030001000100010D1
:10C000000010001000100010001000300010002878
:10C0100000280044000000000000000000000000B4
:10C020000000000000000000000000000000000010
:10C03000000000FE002000100000000000000000D2
:10C0400000000000000000000605030404060300D1
:10C05000BBCE000897CE0008A0CE0008A9CE0008ED
:10C06000C4CE0008B2CE000858CE000873CE000837
:10C0700046CE000861CE000885CE00087CCE0008C0
:10C080004FCE00086ACE00088ECE0008C6CD00084C
:10C090000800000410000002180000062000000143
:10C0A0002800000530000003380000074000800031
:10C0B0004800800450008002580080066000800123
:10C0C00068008005700080037800800788004004C5
:10C0D0009000400298004006A0004001A8004005E2
:10C0E000B0004003B8004007C800C004D000C00240
:10C0F000D800C006E000C001E800C005F000C003A1
:10C10000F800C007080120041001200218012006D1
:10C110002801200530012003380120074801A00430
:10C120005001A0025801A0066001A0016801A0050D
:10C130007001A0037801A0078801600490016002EB
:10C1400098016006A8016005B0016003B8016007AE
:10C15000C801E004D001E002D801E006E801E005F2
:10C16000F001E003F801E0070802100418021006CD
:10C17000280210053002100338021007480290040C
:10C1800050029002580290066802900570029003D7
:10C19000780290078802500498025006A8025005C1
:10C1A000B0025003B8025007C802D004D802D0062B
:10C1B000E802D005F002D003F802D00708033004EB
:10C1C0001803300628033005380330074803B0044D
:10C1D0005803B0066803B0057003B0037803B007D6
:10C1E0008803700498037006A8037005B8037007ED
:10C1F000C803F004D803F006E803F005F803F007DD
:10C2000018040806280408053804080748048804A8
:10C210005804880668048805780488079804480646
:10C22000A8044805B8044807D804C806E804C805A7
:10C23000F804C80718052806380528075805A80671
:10C240006805A8057805A80798056806B805680771
:10C25000D805E806F805E8073806180758069806CE
:10C2600078069807B8065807F806D8077807B80779
:10C2700000010000DACE000890C00008F0000000C5
:10C2800009090D0919092C0948096A099609C809FB
:10C29000010A430A8C0ADD0A340B930BFA0B670C74
:10C2A000DC0C570DDA0D630EF30E8A0F2710CB103E
:10C2B00076112612DD129A135E142615F515CA168C
:10C2C000A41783186819531A421B361C2F1D2D1EE4
:10C2D0002F1F36204121502263237A249525B3262F
:10C2E000D527FA28222A4E2B7C2CAD2DE02E163095
:10C2F0004E318932C533033543368537C8380C3A59
:10C30000513B973CDE3D263F6E40B74100434844D9
:10C310009145D94621486749AD4AF34B374D7A4E8E
:10C32000BC4FFC503A527753B254EB5522575658F3
:10C330008859B75AE35B0D5D335E565F7560916156
:10C34000AA62BF63D064DE65E766ED67EE68EC69FC
:10C35000E46AD96BC86CB36D996E7A6F56702D71A3
:10C36000FF71CC72937355741175C8757976257702
:10C37000CA776A7805799979287AB07A337BB07B65
:10C38000277C977C027D677DC57D1D7E6F7EBB7E91
:10C39000017F407F797FAC7FD87FFE7FFF7FFF7F6B
:10C3A000FF7FFF7FFE7FD87FAC7F797F407F017F5B
:10C3B000BB7E6F7E1D7EC57D677D027D977C277C61
:10C3C000B07B337BB07A287A997905796A78CA7715
:10C3D00025777976C875117555749373CC72FF7192
:10C3E0002D7156707A6F996EB36DC86CD96BE46A13
:10C3F000EC69EE68ED67E766DE65D064BF63AA624C
:10C4000091617560565F335E0D5DE35BB75A885985
:10C4100056582257EB55B25477533A52FC50BC4F02
:10C420007A4E374DF34BAD4A67492148D94691457D
:10C4300048440043B7416E40263FDE3D973C513BA8
:10C440000C3AC8387B3743360335DE3389324E31F8
:10C450001630E02EAD2D7C2C4E2B222AFA28D52723
:10C46000B32695257A2463235022412136202F1F9D
:10C470002D1E2F1D361C421B531A68198318A41732
:10C4800000000000920E493CB10AC93C2BC3163D86
:10C490002EFB483D752B7B3D04A9963D80B6AF3DF4
:10C4A00036BDC83D2FBCE13D73B2FA3D87CF093E92
:10C4B0008340163EB5AB223EA2102F3ECF6E3B3ED0
:10C4C000C2C5473E0115543E135C603E7F9A6C3EE8
:10C4D000CCCF783EC07D823E938E883E229A8E3E9F
:10C4E00032A0943E86A09A3EE59AA03E128FA63EC8
:10C4F000D47CAC3EEF63B23E2A44B83E491DBE3EFA
:10C5000015EFC33E53B9C93ECA7BCF3E4136D53E37
:10C5100080E8DA3E4F92E03E7533E63EBBCBEB3E21
:10C52000EA5AF13ECBE0F63E275DFC3EE4E7003FF1
:10C530003D9C033F824B063F9BF5083F6B9A0B3FA8
:10C54000DA390E3FCDD3103F2A68133FD9F6153F95
:10C55000C07F183FC6021B3FD17F1D3FCBF61F3F58
:10C560009967223F25D2243F5636273F1594293F0D
:10C570004AEB2B3FDE3B2E3FBB85303FC9C8323FE5
:10C58000F304353F233A373F4268393F3B8F3B3F07
:10C59000F9AE3D3F67C73F3F70D8413F01E2433F9F
:10C5A00003E4453F65DE473F12D1493FF8BB4B3FAF
:10C5B000029F4D3F207A4F3F3D4D513F4918533F19
:10C5C00031DB543FE595563F5348583F6AF2593F97
:10C5D0001A945B3F532D5D3F05BE5E3F2146603F91
:10C5E00097C5613F5A3C633F59AA643F880F663F35
:10C5F000D86B673F3CBF683FA7096A3F0C4B6B3F56
:10C600005E836C3F93B26D3F9ED86E3F73F56F3F74
:10C610000809713F5213723F4714733FDD0B743F9B
:10C620000BFA743FC6DE753F07BA763FC58B773F7E
:10C63000F853783F9812793F9DC7793F02737A3F4C
:10C64000BE147B3FCDAC7B3F283B7C3FC9BF7C3FCA
:10C65000AC3A7D3FCCAB7D3F23137E3FB0707E3F35
:10C660006DC47E3F580E7F3F6D4E7F3FAB847F3F52
:10C670000FB17F3F97D37F3F43EC7F3F11FB7F3F5D
:10C680000000803F11FB7F3F43EC7F3F97D37F3F0C
:10C690000FB17F3FAB847F3F6D4E7F3F580E7F3F92
:10C6A0006DC47E3FB0707E3F23137E3FCCAB7D3F99
:10C6B000AC3A7D3FC9BF7C3F283B7C3FCDAC7B3F44
:10C6C000BE147B3F02737A3F9DC7793F9812793F32
:10C6D000F853783FC58B773F07BA763FC6DE753F84
:10C6E0000BFA743FDD0B743F4714733F5213723FD4
:10C6F0000809713F73F56F3F9ED86E3F93B26D3F4F
:10C700005E836C3F0C4B6B3FA7096A3F3CBF683FA1
:10C71000D86B673F880F663F59AA643F5A3C633F16
:10C7200097C5613F2146603F05BE5E3F532D5D3F8B
:10C730001A945B3F6AF2593F5348583FE595563F7C
:10C7400031DB543F4918533F3D4D513F207A4F3F15
:10C75000029F4D3FF8BB4B3F12D1493F65DE473F3B
:10C7600003E4453F01E2433F70D8413F67C73F3F85
:10C77000F9AE3D3F3B8F3B3F4268393F233A373F5D
:10C78000F304353FC9C8323FBB85303FDE3B2E3F07
:10C790004AEB2B3F1594293F5636273F25D2243F9D
:10C7A0009967223FCBF61F3FD17F1D3FC6021B3F3B
:10C7B000C07F183FD9F6153F2A68133FCDD3103FED
:10C7C000DA390E3F6B9A0B3F9BF5083F824B063FD1
:10C7D0003D9C033FE4E7003F275DFC3ECBE0F63E97
:10C7E000EA5AF13EBBCBEB3E7533E63E4F92E03E5C
:10C7F00080E8DA3E4136D53ECA7BCF3E53B9C93ECA
:10C8000015EFC33E491DBE3E2A44B83EEF63B23E1B
:10C81000D47CAC3E128FA63EE59AA03E86A09A3EFE
:10C8200032A0943E229A8E3E938E883EC07D823EF8
:10C83000CCCF783E7F9A6C3E135C603E0115543E2F
:10C84000C2C5473ECF6E3B3EA2102F3EB5AB223E47
:10C850008340163E87CF093E73B2FA3D2FBCE13DBF
:10C8600036BDC83D80B6AF3D04A9963D752B7B3DD6
:10C870002EFB483D2BC3163DB10AC93C920E493CE4
:10C8800000000000920E49BCB10AC9BC2BC316BD02
:10C890002EFB48BD752B7BBD04A996BD80B6AFBDF0
:10C8A00036BDC8BD2FBCE1BD73B2FABD87CF09BE8E
:10C8B000834016BEB5AB22BEA2102FBECF6E3BBECC
:10C8C000C2C547BE011554BE135C60BE7F9A6CBEE4
:10C8D000CCCF78BEC07D82BE938E88BE229A8EBE9B
:10C8E00032A094BE86A09ABEE59AA0BE128FA6BEC4
:10C8F000D47CACBEEF63B2BE2A44B8BE491DBEBEF6
:10C9000015EFC3BE53B9C9BECA7BCFBE4136D5BE33
:10C9100080E8DABE4F92E0BE7533E6BEBBCBEBBE1D
:10C92000EA5AF1BECBE0F6BE275DFCBEE4E700BFED
:10C930003D9C03BF824B06BF9BF508BF6B9A0BBFA4
:10C94000DA390EBFCDD310BF2A6813BFD9F615BF91
:10C95000C07F18BFC6021BBFD17F1DBFCBF61FBF54
:10C96000996722BF25D224BF563627BF159429BF09
:10C970004AEB2BBFDE3B2EBFBB8530BFC9C832BFE1
:10C98000F30435BF233A37BF426839BF3B8F3BBF03
:10C99000F9AE3DBF67C73FBF70D841BF01E243BF9B
:10C9A00003E445BF65DE47BF12D149BFF8BB4BBFAB
:10C9B000029F4DBF207A4FBF3D4D51BF491853BF15
:10C9C00031DB54BFE59556BF534858BF6AF259BF93
:10C9D0001A945BBF532D5DBF05BE5EBF214660BF8D
:10C9E00097C561BF5A3C63BF59AA64BF880F66BF31
:10C9F000D86B67BF3CBF68BFA7096ABF0C4B6BBF52
:10CA00005E836CBF93B26DBF9ED86EBF73F56FBF70
:10CA1000080971BF521372BF471473BFDD0B74BF97
:10CA20000BFA74BFC6DE75BF07BA76BFC58B77BF7A
:10CA3000F85378BF981279BF9DC779BF02737ABF48
:10CA4000BE147BBFCDAC7BBF283B7CBFC9BF7CBFC6
:10CA5000AC3A7DBFCCAB7DBF23137EBFB0707EBF31
:10CA60006DC47EBF580E7FBF6D4E7FBFAB847FBF4E
:10CA70000FB17FBF97D37FBF43EC7FBF11FB7FBF59
:10CA8000000080BF11FB7FBF43EC7FBF97D37FBF08
:10CA90000FB17FBFAB847FBF6D4E7FBF580E7FBF8E
:10CAA0006DC47EBFB0707EBF23137EBFCCAB7DBF95
:10CAB000AC3A7DBFC9BF7CBF283B7CBFCDAC7BBF40
:10CAC000BE147BBF02737ABF9DC779BF981279BF2E
:10CAD000F85378BFC58B77BF07BA76BFC6DE75BF80
:10CAE0000BFA74BFDD0B74BF471473BF521372BFD0
:10CAF000080971BF73F56FBF9ED86EBF93B26DBF4B
:10CB00005E836CBF0C4B6BBFA7096ABF3CBF68BF9D
:10CB1000D86B67BF880F66BF59AA64BF5A3C63BF12
:10CB200097C561BF214660BF05BE5EBF532D5DBF87
:10CB30001A945BBF6AF259BF534858BFE59556BF78
:10CB400031DB54BF491853BF3D4D51BF207A4FBF11
:10CB5000029F4DBFF8BB4BBF12D149BF65DE47BF37
:10CB600003E445BF01E243BF70D841BF67C73FBF81
:10CB7000F9AE3DBF3B8F3BBF426839BF233A37BF59
:10CB8000F30435BFC9C832BFBB8530BFDE3B2EBF03
:10CB90004AEB2BBF159429BF563627BF25D224BF99
:10CBA000996722BFCBF61FBFD17F1DBFC6021BBF37
:10CBB000C07F18BFD9F615BF2A6813BFCDD310BFE9
:10CBC000DA390EBF6B9A0BBF9BF508BF824B06BFCD
:10CBD0003D9C03BFE4E700BF275DFCBECBE0F6BE93
:10CBE000EA5AF1BEBBCBEBBE7533E6BE4F92E0BE58
:10CBF00080E8DABE4136D5BECA7BCFBE53B9C9BEC6
:10CC000015EFC3BE491DBEBE2A44B8BEEF63B2BE17
:10CC1000D47CACBE128FA6BEE59AA0BE86A09ABEFA
:10CC200032A094BE229A8EBE938E88BEC07D82BEF4
:10CC3000CCCF78BE7F9A6CBE135C60BE011554BE2B
:10CC4000C2C547BECF6E3BBEA2102FBEB5AB22BE43
:10CC5000834016BE87CF09BE73B2FABD2FBCE1BDBB
:10CC600036BDC8BD80B6AFBD04A996BD752B7BBDD2
:10CC70002EFB48BD2BC316BDB10AC9BC920E49BCE0
:10CC8000000000804C6F6E67427574746F6E2038C0
:10CC90000042616E64202D200053746570202D00C9
:10CCA00056464F20410056464F2042004C5342000A
:10CCB0005553420020414D0020464D004154540040
:10CCC000425700204357004D6F6465004F66660071
:10CCD000566F6C0031306D0032306D0033306D00B6
:10CCE00034306D003136306D0038306D0031326DCA
:10CCF0000031356D0031376D00204F6E002B313023
:10CD0000002B3230002B3330002B3430002D5333C6
:10CD1000003135002D5335002D5337002D53390088
:10CD20004E6F2041434B2028446973636F6E6E65DC
:10CD3000637429004572726F72205349353335315F
:10CD40000044617461205772697465005265672000
:10CD5000577269746500537461727420466C616720
:10CD60000049324320426C6F636B0041646472205F
:10CD700054696D656F75740052657365727665648C
:10CD800020310046696C7465722031007369353357
:10CD900035310052657365727665642032004669EC
:10CDA0006C74657220320046696C746572203300C1
:10CDB00046696C74657220340046696C7465722033
:10CDC00035004147430020312E3520736563005202
:10CDD000657365727665640054726573686F6C6420
:10CDE0000042616C616E63650052616E676500525E
:10CDF000656C656173650050686173650042616EC2
:10CE0000647769647468004261636B0041747461A3
:10CE1000636B00576174657266616C6C0043616C92
:10CE20006962726174696F6E004D6963204C696D4F
:10CE3000697465720042616E642D5061737320469F
:10CE4000696C746572002031322E30206D730031B0
:10CE500039322E30206D73002020332E30206D7338
:10CE6000002032342E30206D73003338342E3020C1
:10CE70006D73002020362E30206D73002039362E41
:10CE800030206D73002034382E30206D730037361B
:10CE9000382E30206D73002020302E31206D73002D
:10CEA0002020302E32206D73002020302E34206D53
:10CEB00073002020312E35206D730020302E303548
:10CEC000206D73002020302E38206D730050616C6F
:10CED0006C657400457869740000FF7F0000F67F80
:10CEE0002403D87F4706A77F6A09627F8B0C097FDE
:10CEF000AB0F9D7EC8121D7EE2158A7DF818E37C7B
:10CF00000B1C297C191F5D7B23227D7A28258A79B9
:10CF1000262884781F2B6C77112E4176FB30047500
:10CF2000DE33B573BA3655728C39E270563C5F6F9A
:10CF3000173FCA6DCE41246C7A446D6A1C47A668BF
:10CF4000B449CF663F4CE864BF4EF2623351EC60A7
:10CF50009B53D75EF555B45C4258825A825A425868
:10CF6000B45CF555D75E9B53EC603351F262BF4E13
:10CF7000E8643F4CCF66B449A6681C476D6A7A44A2
:10CF8000246CCE41CA6D173F5F6F563CE2708C39FE
:10CF90005572BA36B573DE330475FB304176112E07
:10CFA0006C771F2B847826288A7928257D7A23227E
:10CFB0005D7B191F297C0B1CE37CF8188A7DE21528
:10CFC0001D7EC8129D7EAB0F097F8B0C627F6A09A4
:10CFD000A77F4706D87F2403F67F0000FF7FDBFC96
:10CFE000F67FB8F9D87F95F6A77F74F3627F54F087
:10CFF000097F37ED9D7E1DEA1D7E07E78A7DF4E3FC
:10D00000E37CE6E0297CDCDD5D7BD7DA7D7AD9D76D
:10D010008A79E0D48478EED16C7704CF417621CC44
:10D02000047545C9B57373C65572A9C3E270E8C0EB
:10D030005F6F31BECA6D85BB246CE3B86D6A4BB6B9
:10D04000A668C0B3CF6640B1E864CCAEF26264AC0F
:10D05000EC600AAAD75EBDA7B45C7DA5825A4BA33B
:10D06000425828A1F555139F9B530D9D3351179B93
:10D07000BF4E30993F4C5997B44992951C47DB936A
:10D080007A443592CE41A090173F1D8F563CAA8D11
:10D090008C394A8CBA36FB8ADE33BE89FB309388E2
:10D0A000112E7B871F2B7586262882852825A28432
:10D0B0002322D683191F1C830B1C7582F818E2816A
:10D0C000E2156281C812F680AB0F9D808B0C5880F0
:10D0D0006A09278047060980240300800000098030
:10D0E000DBFC2780B8F9588095F69D8074F3F680B4
:10D0F00054F0628137EDE2811DEA758207E71C83F7
:10D10000F4E3D683E6E0A284DCDD8285D7DA758697
:10D11000D9D77B87E0D49388EED1BE8904CFFB8A30
:10D1200021CC4A8C45C9AA8D73C61D8FA9C3A09076
:10D13000E8C0359231BEDB9385BB9295E3B8599731
:10D140004BB63099C0B3179B40B10D9DCCAE139F29
:10D1500064AC28A10AAA4BA3BDA77DA57DA5BDA748
:10D160004BA30AAA28A164AC139FCCAE0D9D40B17D
:10D17000179BC0B330994BB65997E3B8929585BBCE
:10D18000DB9331BE3592E8C0A090A9C31D8F73C652
:10D19000AA8D45C94A8C21CCFB8A04CFBE89EED129
:10D1A0009388E0D47B87D9D77586D7DA8285DCDD92
:10D1B000A284E6E0D683F4E31C8307E775821DEAC8
:10D1C000E28137ED628154F0F68074F39D8095F62C
:10D1D0005880B8F92780DBFC098000002900660030
:10D1E000B6001B0192011B02B70263032104EF0486
:10D1F000CD05B906B407BC08D209F30A210C590DB4
:10D200009C0EE80F3E119C1202147015E4165F1874
:10D21000DF19651BEF1C7E1E1120A6213E23D92499
:10D2200075261228B0294F2BED2C8B2E2830C431B7
:10D230005E33F7348D362138B2393F3BCA3C513E1C
:10D24000D43F5341CE424544B74524478B48ED492E
:10D25000494BA04CF04D3A4F7E50BB51F2522254F4
:10D260004B556E5689579E58AC59B35AB45BAF5C58
:10D27000A35D915E7B5F5F6040611D62F862D36376
:10D28000AE6490657D667E679A68DB694B6BF86C6F
:10D29000EF6E427103744877997A487DE47E997FF6
:10D2A000DF7FFF7F00000100010002000200030099
:10D2B0000300040004000500050006000600070046
:10D2C000070008000800090009000A000A000B0016
:10D2D0000B000C000C000D000D000E000E000F00E6
:10D2E0000F000F000F080E100E180E200D280D3025
:10D2F0000D380C400C480C500B580B600B680A7032
:10D300000A780A8009880990099808A008A808B036
:10D3100007B807C007C806D006D806E005E805F03C
:10D3200005F804F804F804F804F803F803F803F81F
:10D3300003F802F802F802F802F801F801F801F81F
:10D3400001F800F800F800F800F800F820F840F8BC
:10D3500040F860F880F880F8A0F8C0F8C0F8E0F86D
:10D3600000F900F920F940F940F960F980F980F9F5
:10D37000A0F9C0F9C0F9E0F900FA00FA20FA40FA81
:10D3800040FA60FA80FA80FAA0FAC0FAC0FAE0FA2D
:10D3900000FB00FB20FB40FB40FB60FB80FB80FBB5
:10D3A000A0FBC0FBC0FBE0FB00FC00FC20FC40FC41
:10D3B00040FC60FC80FC80FCA0FCC0FCC0FCE0FCED
:10D3C00000FD00FD20FD40FD40FD60FD80FD80FD75
:10D3D000A0FDC0FDC0FDE0FD00FE00FE20FE40FE01
:10D3E00040FE60FE80FE80FEA0FEC0FEC0FEE0FEAD
:10D3F00000FF00FF02FF04FF06FF09FF0BFF0DFF08
:10D400000FFF11FF14FF16FF18FF1AFF1DFF1FFF6C
:10D4100021FF23FF26FF28FF2AFF2CFF2FFF31FFCC
:10D4200033FF36FF38FF3AFF3CFF3FFF41FF43FF2A
:10D4300045FF48FF4AFF4CFF4EFF51FF53FF55FF8A
:10D4400057FF5AFF5CFF5DFF5FFF61FF63FF65FFF2
:10D4500067FF69FF6BFF6DFF6FFF71FF73FF75FF64
:10D4600077FF79FF7BFF7DFF7FFF81FF83FF85FFD4
:10D4700087FF89FF8BFF8DFF8FFF91FF93FF95FF44
:10D4800097FF99FF9BFF9DFF9FFFA1FFA3FFA5FFB4
:10D49000A7FFA9FFABFFADFFAFFFB1FFB3FFB5FF24
:10D4A000B7FFFFFFC8D400080000002038020000CA
:10D4B0002801000810D6000838020020402600008D
:10D4C000840100080000000022541B206C041A8014
:10D4D000041A8C041A9C041AAC041AC40441230BC9
:10D4E0001213A0A92408070A1334BB1308F015402F
:10D4F00001FDCD14081DCE1B0813041AC20C1A29F5
:10D50000081A35041ACF0C1AD40813C4CC1B08AC63
:10D51000041AB0041AB5041AB9041A07181A8C2090
:10D520001AF7041AE104292C29141AE9081ACD085B
:10D53000290C1A0C041AEF105AD81CE9101A830887
:10D540001A9E041AA7041AB0045AB9181A78085A6D
:10D55000930C2480841E23093D23127A1324F4881B
:10D560000F80C3C901F401F00AF00A881388130A76
:10D5700012641228135D140210011A74124BE70290
:10D580000807125DF1FFFFC003A9240F1C22EDFF65
:10D59000FF760924092A481A0393640803082280A5
:10D5A00012FF123C9A67A6294714389C1C14B063DA
:10D5B0003714502F6C14C87E9A14C0ACD81812704F
:10D5C000F21401D03F4401F0B47C0120E0B2019C90
:10D5D00024141464371AB424142C7F9A1424ADD85C
:10D5E0001AD424180A3440440154B57C0184246AB6
:10D5F0000158290A190439014909130201726412F8
:10D60000147C09010C9019AF5100000000000000CB
:04000005080000ED02
:00000001FF
