:020000040800F2
:10000000F8270020C9010008D10100083D3300088D
:10001000D5010008D7010008D90100080000000040
:10002000000000000000000000000000DB010008EC
:10003000DD01000800000000DF0100085D64000829
:10004000E301000831590008E3010008E30100085A
:10005000E3010008E3010008E3010008E3010008F0
:10006000E3010008C92D0008DD2D0008510E00082D
:10007000E3010008E3010008E3010008E3010008D0
:10008000E3010008E3010008E3010008E3010008C0
:10009000E3010008E3010008E3010008F12D000876
:1000A000E3010008E3010008E3010008E3010008A0
:1000B000E3010008E301000841670008E3010008CC
:1000C000E3010008E3010008E3010008E301000880
:1000D000E3010008E3010008E3010008E301000870
:1000E000B12D0008E3010008E301000800F002F868
:1000F00000F05AF80AA090E8000C82448344AAF168
:100100000107DA4501D100F04FF8AFF2090EBAE865
:100110000F0013F0010F18BFFB1A43F0010318473B
:100120003CEC00005CEC00000A444FF0000C10F8BE
:10013000013B13F0070408BF10F8014B1D1108BF65
:1001400010F8015B641E05D010F8016B641E01F805
:10015000016BF9D113F0080F1EBF10F8014BAD1C55
:100160000C1B09D16D1E58BF01F801CBFAD505E073
:1001700014F8016B01F8016B6D1EF9D59142D6D3CD
:10018000704700000023002400250026103A28BFF5
:1001900078C1FBD8520728BF30C148BF0B607047F9
:1001A0001FB51FBD10B510BD00F088F91146FFF74F
:1001B000F7FF08F093FD00F0A6F903B4FFF7F2FF94
:1001C00003BC00F0A9F9000009488047094800472E
:1001D000FEE7FEE7FEE7FEE7FEE7FEE7FEE7FEE7F7
:1001E000FEE7FEE704480549054A064B7047000054
:1001F00021660008ED000008F8210020F827002003
:10020000F8230020F8230020002800DA404270473D
:10021000032A40F2308010F0030C00F0158011F832
:10022000013BBCF1020F624498BF11F801CB00F80A
:10023000013B38BF11F8013BA2F1040298BF00F85E
:1002400001CB38BF00F8013B11F0030300F06780D9
:10025000083AC0F0088051F8043B083A51F804CB42
:10026000A0E80810F5E7121D5CBF51F8043B40F808
:10027000043BAFF30080D20724BF11F8013B11F813
:1002800001CB48BF11F8012B24BF00F8013B00F857
:1002900001CB48BF00F8012B7047431A28BF9A4290
:1002A0007FF6B6AF10441144032A40F2268010F0C6
:1002B000030F1EBF11F8013D521E00F8013D10F062
:1002C000030F7FF4F6AF11F0030300F0C480083A87
:1002D000C0F00B8051F8043D083A51F804CD40F8C5
:1002E000043D40F804CDFFF7F3BF121D5CBF51F889
:1002F000043D40F8043DAFF30080D20724BF11F85D
:10030000013D11F801CD48BF11F8012C24BF00F8C0
:10031000013D00F801CD48BF00F8012C704710B531
:10032000203AC0F00B80B1E81850A0E81850B1E8AE
:100330001850A0E81850203ABFF4F5AF5FEA027CED
:1003400024BFB1E81850A0E8185044BF18C918C01D
:10035000BDE810405FEA827C24BF51F8043B40F8BE
:10036000043B08BF7047D20728BF31F8023B48BFA3
:1003700011F8012B28BF20F8023B48BF00F8012BE1
:1003800070474FF000020429C0F0128010F0030CF7
:1003900000F01B80CCF1040CBCF1020F18BF00F878
:1003A000012BA8BF20F8022BA1EB0C0100F00DB827
:1003B0005FEAC17C24BF00F8012B00F8012B48BF85
:1003C00000F8012B70474FF0000200B51346944629
:1003D0009646203922BFA0E80C50A0E80C50B1F19D
:1003E0002001BFF4F7AF090728BFA0E80C5048BFB1
:1003F0000CC05DF804EB890028BF40F8042B08BF4F
:10040000704748BF20F8022B11F0804F18BF00F84A
:10041000012B704770477047704710B500F046F8E1
:10042000006810BD10B5044600F040F8046010BD2F
:10043000431A28BF9A427FF672AF1044114410F05D
:10044000030F1EBF11F8013D521E00F8013D10F0D0
:10045000030F7FF4F6AF103AC0F00A8010B531E90F
:10046000185020E91850103ABFF4F9AFBDE8104019
:10047000530724BF31E9081020E9081044BF51F8A0
:10048000043D40F8043D12F0030F08BF7047D20747
:1004900028BF31F8023D48BF11F8012C28BF20F8D1
:1004A000023D48BF00F8012C70470000004870472B
:1004B000A001002000487047A00100207546FFF70A
:1004C000F9FFAE4605006946534620F00700854611
:1004D00018B020B5FFF786FEBDE820404FF00006BB
:1004E0004FF000074FF000084FF0000BAC46ACE8AF
:1004F000C009ACE8C009ACE8C009ACE8C00921F00B
:1005000007018D46704710B50446AFF300802046C2
:10051000BDE81040FFF751BE01491820ABBEFEE711
:10052000260002007047000080B584B041F2180137
:10053000C4F20201086840F4C060086041F214018E
:10054000C4F20201086840F00100086041F20401B1
:10055000C4F20201086840F4404008601021C4F26F
:10056000020142F24C40C4F20100086040F2142043
:10057000C2F200001421C4F2020108600C21C4F28E
:100580000201102008600821C4F20201086840F648
:10059000A62210430860086840F0010008600B20A4
:1005A0000090002106F078FB009806F05DFB42F217
:1005B0000841C4F201010391086840F0010008609D
:1005C0000A20019008F044FA019842F60802C4F2A9
:1005D00001020292116841F00101116008F038FA3D
:1005E000029A039942F23443C4F2010304201860D2
:1005F000086840F20313C0F21E031843086042F279
:100600000443C4F20103186840F40030186018680D
:1006100040F48020186042F21043C4F201031868CD
:1006200020F4E0401860186840F400501860186822
:1006300040F48050186042F63403C4F201030720EE
:10064000186010680323C0F21E0318431060086886
:1006500040F004000860FFE742F20840C4F20100E5
:1006600000684007002801D5FFE7F5E742F60801DA
:10067000C4F20101086840F004000860FFE742F698
:100680000800C4F2010000684007002801D5FFE718
:10069000F5E704B080BD000080B586B08DF8170086
:1006A0009DF81700013801460491072800F2AE803A
:1006B0000499DFE801F0041A32484977949540F232
:1006C0002000C2F2000003684068694600228A6088
:1006D0004FF4FC624A6008604EF22952C0F60002F4
:1006E0001E21084604F0A4F891E042F2F510C2F28F
:1006F0000000007838B1FFE742F2F511C2F20001C4
:100700000020087006E042F2F511C2F2000101205B
:100710000870FFE705F0D2FD79E040F22000C2F258
:10072000000003684068694600228A604FF4FC625A
:100730004A6008604EF23652C0F600021E2108469A
:1007400004F076F863E062E041F2A450C2F20000E7
:100750000078C00728BBFFE740F21810C2F2000083
:1007600090F8700058B1FFE740F21810C2F2000094
:1007700090F86F1000EB8101086BC8600AE040F24E
:100780001810C2F2000090F86F1000EB8101C868E9
:100790000863FFE705F0ACFA05F0EEFD05F0F8FCA4
:1007A000FFE734E041F2A450C2F200000078C00735
:1007B00048B9FFE741F2A451C2F2000101200870DC
:1007C00004F032FA0AE041F2A451C2F20001002022
:1007D000087005F00FFC05F0CFFDFFE717E016E00D
:1007E00040F22000C2F2000003684068694600221F
:1007F0008A604FF4FC624A6008604EF24352C0F6D1
:1008000000021E21084604F013F800E0FFE706B0DE
:1008100080BD000080B586B08DF817009DF81700E8
:10082000013801460491072800F2BB810499DFE8F2
:1008300011F008001E006300C800F80020012F011D
:100840005F0140F22000C2F2000003684068694680
:1008500000228A604FF4FC624A6008604EF21C522B
:10086000C0F600021E21084603F0E2FF9AE140F2C2
:100870001810C2F20000B0F87200014603910A2875
:1008800019D0FFE7039864280DD0FFE70398B0F56F
:100890007A7F18D1FFE740F21811C2F200016420FC
:1008A000A1F8720018E040F21811C2F200010A200B
:1008B000A1F8720010E040F21811C2F2000101200C
:1008C000A1F8720008E040F21811C2F200014FF4E2
:1008D0007A70A1F87200FFE740F21810C2F200002F
:1008E000B0F8720041F2A451C2F20001097801F09F
:1008F000010105F0C7FB55E140F2FE00C2F2000025
:100900000078032808DCFFE740F2FE01C2F2000194
:1009100008780130087006E040F2FE01C2F20001E2
:1009200000200870FFE740F21810C2F2000090F8B3
:10093000700078B9FFE740F2FE00C2F200000078D4
:1009400040F21811C2F2000191F86F20114481F8B1
:100950005D00FFE740F21810C2F2000090F870004E
:1009600001280FD1FFE740F2FE00C2F2000000783C
:1009700040F21811C2F2000191F86F20114481F881
:100980006600FFE740F2FE00C2F20000017840F28C
:10099000EC00C2F2000030F8110009F0C3FF41F290
:1009A0002152C2F200024EF20061C4F2AA6100F0CC
:1009B000FBF841F22051C2F20001087005F0E8FB9B
:1009C000F0E041F2A450C2F200000078C00720BB62
:1009D000FFE740F21810C2F2000090F86F000728FD
:1009E0000ADCFFE740F21811C2F2000191F86F0033
:1009F000013081F86F0007E040F21811C2F20001E7
:100A0000002081F86F00FFE705F002FA05F070F9A9
:100A100005F0B2FC05F0BCFB02E004F0ADFEFFE720
:100A2000C0E041F2A450C2F200000078C007F8B95B
:100A3000FFE740F21810C2F2000090F8700040B1D9
:100A4000FFE740F21811C2F20001002081F87000A7
:100A500007E040F21811C2F20001012081F8700095
:100A6000FFE705F045F905F087FC05F091FBFFE78E
:100A700098E041F2A450C2F200000078C00708B923
:100A8000FFE704E003F0B2FF04F0CEF8FFE789E0EF
:100A900041F2A450C2F200000078C00720BBFFE77B
:100AA00040F21810C2F2000090F86F0001280ADB33
:100AB000FFE740F21811C2F2000191F86F0001380F
:100AC00081F86F0007E040F21811C2F2000108201F
:100AD00081F86F00FFE705F09BF905F009F905F0D3
:100AE0004BFC05F055FB02E003F0C0FFFFE759E0C7
:100AF00041F2A450C2F200000078C00700284FD194
:100B0000FFE741F6E870C2F200000078C00738B98C
:100B1000FFE741F6E871C2F200010120087006E02B
:100B200041F6E871C2F2000100200870FFE741F6CB
:100B3000E870C2F200000078C007C0B9FFE740F2D9
:100B40002800C2F2000003684068694600228A60FB
:100B50004FF4FC624A6008604EF21852C0F6000280
:100B60002E206C2103F064FE05F020F817E040F21F
:100B70002800C2F2000003684068694600228A60CB
:100B80004FF4FC624A6008604EF21A52C0F600024E
:100B90002E206C2103F04CFE05F0D8FFFFE7FFE7A5
:100BA00000E0FFE706B080BD80B59AB019901891BB
:100BB000179240F6DB70C4F2490016901898159011
:100BC0001998149014980021C4F2484109F066FD68
:100BD00001460820002918BF06208DF84F001798FD
:100BE00028B1FFE79DF84F0017990870FFE79DF8BF
:100BF0004F0009F097FE0146084609F0CBFC129021
:100C00001698149909F00AFF159909F061FD09F089
:100C100069F911901199084609F000FF1090002021
:100C20000F90FFE70F989DF84F10884280F2AF8039
:100C3000FFE7169800900F9809F05CFE0146084601
:100C400009F0A8FC4FF07E51049109F0A3FC014685
:100C5000009809F0E3FE01901299084609F09AFC09
:100C60000146019809F034FD0E900E9809F07CF8C9
:100C70000146084609F08EFC0146049809F028FD5B
:100C80000D901098029011980D9909F021FD0146E0
:100C9000029809F07FFC049909F07CFC0C901098F4
:100CA0000C9909F015FD0B900B99084609F072FCA0
:100CB00004990A900B980990109809F0B5FF014625
:100CC000084609F067FC0C9909F002FD089010989D
:100CD000039011980D9909F0FBFC0146039809F067
:100CE000A3FF049909F056FC0C9909F0F1FC079058
:100CF0000B984FF09D41059109F090FE09F0DEFD43
:100D000005990F9A02EB820341F28042C2F200027F
:100D1000069242F823000A9809F080FE09F0CEFD01
:100D20000599069A0F9B03EB830302EB8302506045
:100D3000099809F073FE09F0C1FD0599069A0F9B09
:100D400003EB830302EB83029060089880F000407D
:100D500009F064FE09F0B2FD0599069A0F9B03EBBA
:100D6000830302EB8302D060079880F0004009F013
:100D700055FE09F0A3FD06990F9A02EB820201EBE2
:100D800082010861FFE70F9801300F904AE70120C8
:100D90001AB080BD81B041F20001C4F202010868BE
:100DA00040F480300860FFE741F20000C4F2020026
:100DB00000688003002801D4FFE7F5E742F2000154
:100DC000C4F20201086840F00200086041F2040128
:100DD000C4F20201009108680860086808600868A9
:100DE00040F480600860086820F4701008600868AB
:100DF00040F44410086041F20001C4F202010868A6
:100E000040F080700860FFE741F20000C4F2020089
:100E100000688001002801D4FFE7F5E741F20401F2
:100E2000C4F20201086820F003000860086840F07E
:100E300002000860FFE741F20400C4F2020000680B
:100E400000F00C00082801D0FFE7F4E701B070477C
:100E5000F0B5ADF5017D0020C4F202000068400746
:100E6000002840F12187FFE70421C4F2020108684D
:100E700040F00400086040F21420C2F200003090FC
:100E800040F6C851C2F200012F9140F6CC50C2F298
:100E900000002E9040F6B056C2F2000632682D9245
:100EA00040F6B455C2F200052A682C9240F6B854B8
:100EB000C2F2000422682B9241F6D07EC2F2000EEC
:100EC000DEF800202A9241F6D47CC2F2000CDCF855
:100ED0000020299241F6D873C2F200031A682892C2
:100EE000309A971C309717882D9A3A442D922D9F4F
:100EF0002C9A3A442C922C9F2B9A3A442B92309A5B
:100F0000971C309717882A9A3A442A922A9F299A3E
:100F10003A442992299F289A3A442892309A971C59
:100F2000309717882D9A3A442D922D9F2C9A3A4447
:100F30002C922C9F2B9A3A442B92309A971C3097E4
:100F400017882A9A3A442A922A9F299A3A4429923F
:100F5000299F289A3A442892309A971C30971788EC
:100F60002D9A3A442D922D9F2C9A3A442C922C9FE4
:100F70002B9A3A442B92309A971C309717882A9ACA
:100F80003A442A922A9F299A3A442992299F289AD8
:100F90003A442892309A971C309717882D9A3A44F1
:100FA0002D922D9F2C9A3A442C922C9F2B9A3A44A6
:100FB0002B92309A971C309717882A9A3A442A9293
:100FC0002A9F299A3A442992299F289A3A4428929A
:100FD000309A971C309717882D9A3A442D922D9F5E
:100FE0002C9A3A442C922C9F2B9A3A442B92309A6A
:100FF000971C309717882A9A3A442A922A9F299A4E
:101000003A442992299F289A3A442892309A971C68
:10101000309717882D9A3A442D922D9F2C9A3A4456
:101020002C922C9F2B9A3A442B92309A971C3097F3
:1010300017882A9A3A442A922A9F299A3A4429924E
:10104000299F289A3A442892309A971C30971788FB
:101050002D9A3A442D922D9F2C9A3A442C922C9FF3
:101060002B9A3A442B92309A971C309717882A9AD9
:101070003A442A922A9F299A3A442992299F289AE7
:101080003A442892309A971C309717882D9A3A4400
:101090002D922D9F2C9A3A442C922C9F2B9A3A44B5
:1010A0002B92309A971C309717882A9A3A442A92A2
:1010B0002A9F299A3A442992299F289A3A442892A9
:1010C0002D9A32602C9A2A602B9A22602A9ACEF8A6
:1010D0000020299ACCF80020289A1A602B9A40F612
:1010E0009853C2F20003D3F800C0A2EB0C0227927F
:1010F0002B9A1A60279A40F69C53C2F20003D3F849
:1011000000C0A2EB0C022692279A1A60269A40F69B
:10111000A053C2F20003D3F800C0A2EB0C02259248
:10112000269A1A60289A41F6B873C2F20003D3F8DF
:1011300000C0A2EB0C022492289A1A60249A41F66D
:10114000BC73C2F20003D3F800C0A2EB0C022392DE
:10115000249A1A60239A41F6C073C2F20003D3F8AE
:1011600000C0A2EB0C022292239A1A60259AA2F5E3
:10117000801292092F9B1A80229AA2F5801292095E
:101180002E9B1A80B1F9002040F2F603C2F2000350
:10119000B3F90030534302EBE3323C923C9A02F342
:1011A0000E020A80B0F900203C9B40F2F80CC2F21B
:1011B000000CBCF900C003FB0CF302EBE3323B92E2
:1011C0003B9A02F30E020280B1F9003040F6BC51A6
:1011D000C2F200010A681A440A600B6840F6C05166
:1011E000C2F200010A681A440A600B6840F6C45251
:1011F000C2F20002116819441160B0F9002041F6F2
:10120000DC70C2F20000016811440160026841F61E
:10121000E070C2F20000016811440160026841F60A
:10122000E471C2F2000108681044086042F2F6104E
:10123000C2F200000078C007002800F03484FFE705
:1012400041F6E870C2F200000078C007002840F0C4
:101250009382FFE740F6CE50C2F200000088404281
:1012600040F2F051C2F200010A8841F2D011C2F2FC
:10127000000121F8120040F2F252C2F2000210887E
:1012800040F60A31C2F2000131F8100041F2B253C7
:10129000C2F20003188040F6CA50C2F20000008873
:1012A000128821F8120040F2FE00C2F2000000781D
:1012B000C8B9FFE740F6CA50C2F20000B0F900001A
:1012C00040F6CE51C2F20001B1F90010084440F2DC
:1012D000F051C2F200010A8840F6D051C2F200017A
:1012E00041F82200FFE740F2FE00C2F20000007861
:1012F000012819D1FFE740F2F050C2F20000028845
:1013000041F2B450C2F2000030F9120041F2B25181
:10131000C2F20001B1F90010084440F6D051C2F207
:10132000000141F82200FFE740F2FE00C2F2000097
:101330000078022819D1FFE740F2F050C2F2000015
:10134000028841F2B450C2F2000030F9120041F2BA
:10135000B251C2F20001B1F90010401A40F6D0516A
:10136000C2F2000141F82200FFE740F2FE00C2F2A3
:101370000000007803283CD1FFE740F6CA50C2F2D3
:101380000000B0F9000011900028129002D51198C9
:101390004042129012983A9040F6CE50C2F20000AD
:1013A000B0F900000F900028109002D50F9840422D
:1013B0001090109839903A983999884206DDFFE7E5
:1013C0003A98399900EBA1000E9005E039983A99C6
:1013D00000EBA1000E90FFE70E9840F2F051C2F230
:1013E00000010A8840F6D051C2F2000141F8220003
:1013F000FFE740F2F050C2F20000018840F6D05002
:10140000C2F2000000EB81003F903F9800683E90E0
:1014100041F2D230C2F200000088B0F5806F1FDACE
:10142000FFE741F2D231C2F20001088801300880A2
:101430003E9AD01740F29821C2F200010A6048603B
:1014400040F2A021C2F2000100204860086040F292
:10145000A821C2F20001486008603F99086058E086
:10146000DDF8F8C04FEAEC7340F29820C2F20000B9
:1014700002684168BCEB020C8B414FEADC0C4CEA81
:10148000437C12EB0C0241EBE30102604160016816
:101490003E98401A3E90DDF8F8C04FEAEC7340F2F7
:1014A000A020C2F2000002684168BCEB020C8B4134
:1014B0004FEADC0C4CEA437C12EB0C0241EBE301FB
:1014C0000260416001683E98401A3E90DDF8F8C025
:1014D0004FEAEC7340F2A820C2F2000002684168B3
:1014E000BCEB020C8B414FEADC0C4CEA437C12EB68
:1014F0000C0241EBE3010260416001683E98401A32
:101500003E903E9800F30F003D903D983F99086053
:10151000FFE740F2F050C2F20000018841F2B470DF
:10152000C2F2000050F8210041F6EC71C2F2000155
:10153000B1F90010884211DDFFE740F2F050C2F22D
:101540000000018841F2B470C2F2000050F821009E
:1015500041F6EC71C2F200010880FFE740F2F05062
:10156000C2F20000018841F2B470C2F2000050F8EB
:101570002100609040F20410C2F200005F90609879
:10158000FEF742FE5E905E985F994968401A5D9052
:101590005D9801281ADBFFE75F9890F901000128A8
:1015A00006DBFFE75F9890F9010001380D9002E03B
:1015B00000200D90FFE70D985C905D985C9940FAD3
:1015C00001F25F9948681044486026E05F9890F9FE
:1015D0000200052806DBFFE75F9890F90200043857
:1015E0000C9002E001200C90FFE70C985B905D9856
:1015F0005B9908415A905A9848B9FFE75D98B0F155
:10160000FF3F04DCFFE74FF0FF305A90FFE75A9AA4
:101610005F99486810444860FFE75F9890F90010B0
:101620000120884059905998A0EBE00058904FF461
:10163000004057905F984068589988420CDDFFE75A
:101640005898C00356905F984068559056985599A1
:10165000B0FBF1F05790FFE757985F998968401AFF
:1016600054905498B0F1FF3F0ADCFFE754985F991B
:1016700091F9012040FA02F288681044886015E070
:1016800054985F9991F9021008415390539838B9D2
:10169000FFE75498012803DBFFE701205390FFE7A1
:1016A000539A5F99886810448860FFE760985F9953
:1016B00089684843C0135290529859990139884219
:1016C00004DDFFE7599801385290FFE75298599985
:1016D0004942884204DAFFE7599840425290FFE7B6
:1016E0005F9890F90000082809DCFFE75F9890F9FF
:1016F0000000C0F109015298884052900FE05F98B5
:1017000090F900000A2809DBFFE75F9890F90000D4
:10171000A0F10901529808415290FFE7FFE7529962
:1017200040F20010C2F200000180018840F218105F
:10173000C2F2000090F87A00ADF8FE118DF8FD01BC
:10174000BDF9FE019DF8FD214EF69221C0F6000183
:1017500031F912104843C00BADF8E200BDF8E200C9
:1017600000F50070ADF8E200BDF8E20040F2404143
:10177000C4F20001088069E140F6CE50C2F20000D8
:10178000018841F6EA70C2F200000180B0F9000061
:10179000B0F1FF3F08DCFFE741F6EA71C2F2000159
:1017A000088840420880FFE741F6EA70C2F2000074
:1017B000B0F9000041F6EC71C2F20001B1F900107D
:1017C00088420BDDFFE741F6EA70C2F200000088B4
:1017D00041F6EC71C2F200010880FFE740F6CE50FE
:1017E000C2F20000B0F90000519040F29410C2F231
:1017F000000050905198FEF707FD4F904F98509978
:101800004968401A4E904E9801281ADBFFE750981D
:1018100090F90100012806DBFFE7509890F90100DC
:1018200001380B9002E000200B90FFE70B984D90E1
:101830004E984D9940FA01F250994868104448601A
:1018400026E0509890F90200052806DBFFE7509843
:1018500090F9020004380A9002E001200A90FFE7A4
:101860000A984C904E984C9908414B904B9848B927
:10187000FFE74E98B0F1FF3F04DCFFE74FF0FF3089
:101880004B90FFE74B9A5099486810444860FFE737
:10189000509890F90010012088404A904A98A0EB97
:1018A000E00049904FF400404890509840684999B2
:1018B00088420CDDFFE74998C00347905098406884
:1018C000469047984699B0FBF1F04890FFE748985A
:1018D00050998968401A45904598B0F1FF3F0ADC5D
:1018E000FFE74598509991F9012040FA02F2886883
:1018F0001044886015E04598509991F9021008410C
:101900004490449838B9FFE74598012803DBFFE786
:1019100001204490FFE7449A5099886810448860F9
:10192000FFE75198509989684843C0134390439802
:101930004A990139884204DDFFE74A98013843900B
:10194000FFE743984A994942884204DAFFE74A98F8
:1019500040424390FFE7509890F90000082809DCC6
:10196000FFE7509890F90000C0F1090143988840C2
:1019700043900FE0509890F900000A2809DBFFE738
:10198000509890F90000A0F1090143980841439054
:10199000FFE7FFE7BDF90C01810140F2F050C2F210
:1019A0000000038840F6D052C2F2000242F8231031
:1019B000B0F800C041F2B472C2F2000252F82C102A
:1019C00041F2D013C2F2000323F81C1040F2F25C83
:1019D000C2F2000CBCF8001040F60A33C2F2000359
:1019E00033F811E041F2B251C2F20001A1F800E077
:1019F000B0F800E052F82E2002F30F02BCF800C04D
:101A000023F81C20028841F2B450C2F2000030F8E2
:101A1000122040F20010C2F200000280B1F9001062
:101A200001F30F0247F6FF710A44920940F2344372
:101A3000C4F200031A80B0F9000000F30F0008445C
:101A400080094021C4F200010880FFE740F2F05015
:101A5000C2F200000188013101800088B0F5807F6A
:101A600007DBFFE740F2F051C2F2000100200880DE
:101A7000FFE740F2F250C2F200000188013101801C
:101A80000088B0F59F7F07DDFFE740F2F251C2F218
:101A9000000100200880FFE742F2F611C2F20001C7
:101AA000002008706EE040F6C450C2F200000068EA
:101AB0003790379840F6A451C2F200010A68801AA4
:101AC00040F6CA52C2F20002108037980860B2F99C
:101AD00000003790379840F6A851C2F200010B6819
:101AE000C01A108037980860B2F900003790379814
:101AF00040F6AC51C2F200010B68C01A1080379852
:101B0000086041F6E470C2F2000000683790379830
:101B100041F6C473C2F200031968401A40F6CE5170
:101B2000C2F20001088037981860B1F900003790C0
:101B3000379841F6C873C2F20003D3F800C0A0EB97
:101B40000C00088037981860B1F90000379037987A
:101B500041F6CC73C2F20003D3F800C0A0EB0C0036
:101B6000088037981860B2F9000080081080B1F939
:101B700000008008088042F2F611C2F20001012044
:101B80000870FFE741F6E870C2F200000078C00775
:101B9000002843D1FFE740F2F450C2F20000008871
:101BA00040F2FC01C2F200010988884228DAFFE70E
:101BB00040F69450C2F200000078C00700BBFFE777
:101BC00040F6CC50C2F200000088800040F2F45190
:101BD000C2F200010B8840F20872C2F2000222F841
:101BE000230040F6C850C2F2000000884042800046
:101BF0000B8802EB830250800888013008800CE0DB
:101C000040F2F451C2F200010020088040F69451E5
:101C1000C2F2000101200870FFE744E040F2F450F6
:101C2000C2F20000008840F2FC01C2F20001098803
:101C300088422ADAFFE740F69450C2F200000078AA
:101C4000C00710BBFFE741F2B250C2F20000B0F98A
:101C50000000800840F2F451C2F200010B8840F20B
:101C60000872C2F2000222F8230040F20010C2F211
:101C70000000B0F90000404280080B8802EB8302AC
:101C800050800888013008800CE040F2F451C2F224
:101C900000010020088040F69451C2F200010120AA
:101CA0000870FFE7FFE7FFE70020C4F202000068CA
:101CB0008007002840F12287FFE70421C4F20201D7
:101CC000086840F00200086040F21420C2F20000F0
:101CD0002030219040F6C851C2F20001209140F618
:101CE000CC50C2F200001F9040F6B056C2F200067F
:101CF00032681E9240F6B455C2F200052A681D9261
:101D000040F6B854C2F2000422681C9241F6D07E1C
:101D1000C2F2000EDEF800201B9241F6D47CC2F223
:101D2000000CDCF800201A9241F6D873C2F20003CE
:101D30001A681992219A971C219717881E9A3A447B
:101D40001E921E9F1D9A3A441D921D9F1C9A3A4452
:101D50001C92219A971C219717881B9A3A441B9230
:101D60001B9F1A9A3A441A921A9F199A3A44199246
:101D7000219A971C219717881E9A3A441E921E9FFB
:101D80001D9A3A441D921D9F1C9A3A441C92219A16
:101D9000971C219717881B9A3A441B921B9F1A9AEB
:101DA0003A441A921A9F199A3A441992219A971C06
:101DB000219717881E9A3A441E921E9F1D9A3A44F4
:101DC0001D921D9F1C9A3A441C92219A971C2197A0
:101DD00017881B9A3A441B921B9F1A9A3A441A92EC
:101DE0001A9F199A3A441992219A971C2197178899
:101DF0001E9A3A441E921E9F1D9A3A441D921D9FA0
:101E00001C9A3A441C92219A971C219717881B9A76
:101E10003A441B921B9F1A9A3A441A921A9F199A93
:101E20003A441992219A971C219717881E9A3A448E
:101E30001E921E9F1D9A3A441D921D9F1C9A3A4461
:101E40001C92219A971C219717881B9A3A441B923F
:101E50001B9F1A9A3A441A921A9F199A3A44199255
:101E6000219A971C219717881E9A3A441E921E9F0A
:101E70001D9A3A441D921D9F1C9A3A441C92219A25
:101E8000971C219717881B9A3A441B921B9F1A9AFA
:101E90003A441A921A9F199A3A441992219A971C15
:101EA000219717881E9A3A441E921E9F1D9A3A4403
:101EB0001D921D9F1C9A3A441C92219A971C2197AF
:101EC00017881B9A3A441B921B9F1A9A3A441A92FB
:101ED0001A9F199A3A441992219A971C21971788A8
:101EE0001E9A3A441E921E9F1D9A3A441D921D9FAF
:101EF0001C9A3A441C92219A971C219717881B9A86
:101F00003A441B921B9F1A9A3A441A921A9F199AA2
:101F10003A4419921E9A32601D9A2A601C9A2260D5
:101F20001B9ACEF800201A9ACCF80020199A1A6051
:101F30001C9A40F69853C2F20003D3F800C0A2EBFB
:101F40000C0218921C9A1A60189A40F69C53C2F21E
:101F50000003D3F800C0A2EB0C021792189A1A6083
:101F6000179A40F6A053C2F20003D3F800C0A2EBC8
:101F70000C021692179A1A60199A41F6B873C2F2B7
:101F80000003D3F800C0A2EB0C021592199A1A6054
:101F9000159A41F6BC73C2F20003D3F800C0A2EB5D
:101FA0000C021492159A1A60149A41F6C073C2F288
:101FB0000003D3F800C0A2EB0C021392149A1A602B
:101FC000169AA2F580129209209B1A80139AA2F504
:101FD000801292091F9B1A80B1F9002040F2F6038B
:101FE000C2F20003B3F90030534302EBE3323692FE
:101FF000369A02F30E020A80B0F90020369B40F2B6
:10200000F80CC2F2000CBCF900C003FB0CF302EBAD
:10201000E3323592359A02F30E020280B1F90030B4
:1020200040F6BC51C2F200010A681A440A600B680B
:1020300040F6C051C2F200010A681A440A600B68F7
:1020400040F6C452C2F20002116819441160B0F99E
:10205000002041F6DC70C2F200000168114401600A
:10206000026841F6E070C2F20000016811440160AC
:10207000026841F6E471C2F2000108681044086089
:1020800042F2F610C2F200000078C007002800F00B
:102090003484FFE741F6E870C2F200000078C00720
:1020A000002840F09382FFE740F6CE50C2F20000D5
:1020B0000088404240F2F051C2F200010A8841F229
:1020C000D011C2F2000121F8120040F2F252C2F225
:1020D0000002108840F60A31C2F2000131F8100007
:1020E00041F2B253C2F20003188040F6CA50C2F265
:1020F00000000088128821F8120040F2FE00C2F2AF
:1021000000000078C8B9FFE740F6CA50C2F20000EC
:10211000B0F9000040F6CE51C2F20001B1F9001052
:10212000084440F2F051C2F200010A8840F6D05152
:10213000C2F2000141F82200FFE740F2FE00C2F2C5
:1021400000000078012819D1FFE740F2F050C2F2F8
:102150000000028841F2B450C2F2000030F91200CF
:1021600041F2B251C2F20001B1F90010084440F648
:10217000D051C2F2000141F82200FFE740F2FE0018
:10218000C2F200000078022819D1FFE740F2F050B7
:10219000C2F20000028841F2B450C2F2000030F9ED
:1021A000120041F2B251C2F20001B1F90010401A1E
:1021B00040F6D051C2F2000141F82200FFE740F2A0
:1021C000FE00C2F20000007803283CD1FFE740F691
:1021D000CA50C2F20000B0F900000890002809902F
:1021E00002D50898404209900998349040F6CE50A4
:1021F000C2F20000B0F9000006900028079002D556
:102200000698404207900798339034983399884253
:1022100006DDFFE73498339900EBA100059005E057
:102220003398349900EBA1000590FFE7059840F240
:10223000F051C2F200010A8840F6D051C2F200010A
:1022400041F82200FFE740F2F050C2F2000001889E
:1022500040F6D050C2F2000000EB8100429042985C
:102260000068419041F2D230C2F200000088B0F51F
:10227000806F1FDAFFE741F2D231C2F20001088815
:1022800001300880419AD01740F29821C2F2000133
:102290000A60486040F2A021C2F2000100204860BC
:1022A000086040F2A821C2F200014860086042992B
:1022B000086058E0DDF804C14FEAEC7340F2982062
:1022C000C2F2000002684168BCEB020C8B414FEA8D
:1022D000DC0C4CEA437C12EB0C0241EBE3010260A4
:1022E000416001684198401A4190DDF804C14FEA0D
:1022F000EC7340F2A020C2F2000002684168BCEB1F
:10230000020C8B414FEADC0C4CEA437C12EB0C02D2
:1023100041EBE3010260416001684198401A41903D
:10232000DDF804C14FEAEC7340F2A820C2F20000CD
:1023300002684168BCEB020C8B414FEADC0C4CEAB2
:10234000437C12EB0C0241EBE30102604160016847
:102350004198401A4190419800F30F0040904098F6
:1023600042990860FFE740F2F050C2F20000018895
:1023700041F2B470C2F2000050F8210041F6EC7155
:10238000C2F20001B1F90010884211DDFFE740F20E
:10239000F050C2F20000018841F2B470C2F20000B5
:1023A00050F8210041F6EC71C2F200010880FFE70D
:1023B00040F2F050C2F20000018841F2B470C2F263
:1023C000000050F821007E9040F20410C2F200009C
:1023D0007D907E98FDF718FF7C907C987D994968E8
:1023E000401A7B907B9801281ADBFFE77D9890F9D3
:1023F0000100012806DBFFE77D9890F90100013814
:10240000049002E000200490FFE704987A907B9803
:102410007A9940FA01F27D9948681044486026E0B4
:102420007D9890F90200052806DBFFE77D9890F97A
:1024300002000438039002E001200390FFE70398B4
:1024400079907B98799908417890789848B9FFE716
:102450007B98B0F1FF3F04DCFFE74FF0FF3078904E
:10246000FFE7789A7D99486810444860FFE77D98B7
:1024700090F900100120884077907798A0EBE00059
:1024800076904FF4004075907D9840687699884228
:102490000CDDFFE77698C00374907D9840687390D8
:1024A00074987399B0FBF1F07590FFE775987D997A
:1024B0008968401A72907298B0F1FF3F0ADCFFE71A
:1024C00072987D9991F9012040FA02F288681044CF
:1024D000886015E072987D9991F902100841719019
:1024E000719838B9FFE77298012803DBFFE70120F4
:1024F0007190FFE7719A7D99886810448860FFE7C2
:102500007E987D9989684843C01370907098779938
:102510000139884204DDFFE7779801387090FFE7C2
:10252000709877994942884204DAFFE777984042E9
:102530007090FFE77D9890F90000082809DCFFE71C
:102540007D9890F90000C0F1090170988840709062
:102550000FE07D9890F900000A2809DBFFE77D98DD
:1025600090F90000A0F10901709808417090FFE710
:10257000FFE7709940F20010C2F20000018001886C
:1025800040F21810C2F2000090F87A00ADF8021282
:102590008DF80102BDF902029DF801224EF692214A
:1025A000C0F6000131F912104843C00BADF8CA0063
:1025B000BDF8CA0000F50070ADF8CA00BDF8CA0049
:1025C00040F24041C4F20001088069E140F6CE507B
:1025D000C2F20000018841F6EA70C2F200000180F8
:1025E000B0F90000B0F1FF3F08DCFFE741F6EA7107
:1025F000C2F20001088840420880FFE741F6EA7015
:10260000C2F20000B0F9000041F6EC71C2F2000124
:10261000B1F9001088420BDDFFE741F6EA70C2F223
:102620000000008841F6EC71C2F200010880FFE76B
:1026300040F6CE50C2F20000B0F900006F9040F2B8
:102640009410C2F200006E906F98FDF7DDFD6D9062
:102650006D986E994968401A6C906C9801281ADB45
:10266000FFE76E9890F90100012806DBFFE76E98FE
:1026700090F901000138029002E000200290FFE78B
:1026800002986B906C986B9940FA01F26E994868C9
:102690001044486026E06E9890F90200052806DB99
:1026A000FFE76E9890F902000438019002E00120E3
:1026B0000190FFE701986A906C986A9908416990C7
:1026C000699848B9FFE76C98B0F1FF3F04DCFFE779
:1026D0004FF0FF306990FFE7699A6E99486810449F
:1026E0004860FFE76E9890F90010012088406890DC
:1026F0006898A0EBE00067904FF4004066906E98F9
:102700004068679988420CDDFFE76798C0036590D1
:102710006E984068649065986499B0FBF1F066909B
:10272000FFE766986E998968401A63906398B0F1E4
:10273000FF3F0ADCFFE763986E9991F9012040FAA8
:1027400002F288681044886015E063986E9991F9E8
:10275000021008416290629838B9FFE76398012837
:1027600003DBFFE701206290FFE7629A6E998868B9
:1027700010448860FFE76F986E9989684843C013DA
:102780006190619868990139884204DDFFE7689893
:1027900001386190FFE7619868994942884204DAFC
:1027A000FFE7689840426190FFE76E9890F900005B
:1027B000082809DCFFE76E9890F90000C0F10901D4
:1027C0006198884061900FE06E9890F900000A28A7
:1027D00009DBFFE76E9890F90000A0F1090161980C
:1027E00008416190FFE7FFE7BDF98401810140F2F4
:1027F000F050C2F20000038840F6D052C2F200024C
:1028000042F82310B0F800C041F2B472C2F20002E4
:1028100052F82C1041F2D013C2F2000323F81C101E
:1028200040F2F25CC2F2000CBCF8001040F60A3331
:10283000C2F2000333F811E041F2B251C2F20001DA
:10284000A1F800E0B0F800E052F82E2002F30F02E9
:10285000BCF800C023F81C20028841F2B450C2F238
:10286000000030F8122040F20010C2F20000028096
:10287000B1F9001001F30F0247F6FF710A44920903
:1028800040F23443C4F200031A80B0F9000000F3B0
:102890000F00084480094021C4F200010880FFE7CE
:1028A00040F2F050C2F2000001880131018000883E
:1028B000B0F5807F07DBFFE740F2F051C2F2000184
:1028C00000200880FFE740F2F250C2F200000188C9
:1028D000013101800088B0F59F7F07DDFFE740F2FE
:1028E000F251C2F2000100200880FFE742F2F61127
:1028F000C2F20001002008706EE040F6C450C2F23F
:10290000000000683190319840F6A451C2F20001F5
:102910000A68801A40F6CA52C2F20002108031984A
:102920000860B2F900003190319840F6A851C2F227
:1029300000010B68C01A108031980860B2F90000DD
:102940003190319840F6AC51C2F200010B68C01AC8
:1029500010803198086041F6E470C2F2000000680F
:102960003190319841F6C473C2F200031968401ADD
:1029700040F6CE51C2F20001088031981860B1F9DA
:1029800000003190319841F6C873C2F20003D3F8C9
:1029900000C0A0EB0C00088031981860B1F900006D
:1029A0003190319841F6CC73C2F20003D3F800C0E5
:1029B000A0EB0C00088031981860B2F90000800884
:1029C0001080B1F900008008088042F2F611C2F2CE
:1029D000000101200870FFE741F6E870C2F2000034
:1029E0000078C007002843D1FFE740F2F450C2F25C
:1029F0000000008840F2FC01C2F200010988884210
:102A000028DAFFE740F69450C2F200000078C007D1
:102A100000BBFFE740F6CC50C2F200000088800007
:102A200040F2F451C2F200010B8840F20872C2F287
:102A3000000222F8230040F6C850C2F200000088CD
:102A4000404280000B8802EB8302508008880130EE
:102A500008800CE040F2F451C2F20001002008802E
:102A600040F69451C2F2000101200870FFE744E0F3
:102A700040F2F450C2F20000008840F2FC01C2F2C1
:102A80000001098888422ADAFFE740F69450C2F232
:102A900000000078C00710BBFFE741F2B250C2F25D
:102AA0000000B0F90000800840F2F451C2F20001C9
:102AB0000B8840F20872C2F2000222F8230040F2B2
:102AC0000010C2F20000B0F90000404280080B88FC
:102AD00002EB830250800888013008800CE040F24D
:102AE000F451C2F200010020088040F69451C2F275
:102AF000000101200870FFE7FFE7FFE70DF5017D0A
:102B0000F0BD000080B584B005F016FF6946802056
:102B1000086040F68850C2F2000040F20862C2F23B
:102B2000000241F6B653C2F200037F2104F032FDE9
:102B300040F2FE00C2F20000017840F2EC00C2F266
:102B4000000030F8110007F0EDFE41F22152C2F210
:102B5000000202924EF20061C4F2AA61FEF724F86C
:102B60000146029841F22052C2F200020392117013
:102B700001786A460120106040F20420C2F2000091
:102B800041F28042C2F2000241F22453C2F2000339
:102B900004F0D8F803980078C8B1FFE741F2E030BC
:102BA000C2F2000041F28041C2F20001A022FDF712
:102BB000B6FB41F22450C2F200008021FDF703FC75
:102BC00041F22051C2F2000100200870FFE704B07A
:102BD00080BD000010B58CB0ADF82E00ADF82C1003
:102BE00040F21210C2F200000088E72807DBFFE77E
:102BF00040F21411C2F2000100200880D6E040F239
:102C00001210C2F200000088C0F1E7014FF47040DA
:102C100090FBF1F040F21411C2F2000108800A208A
:102C2000ADF82A00FFE7BDF82A00EA2811DCFFE72B
:102C3000BDF82C000130BDF82A1080B224220023F8
:102C400000F090FCFFE7BDF82A000130ADF82A0043
:102C5000E9E70A20ADF82A00FFE7BDF82A00EA28D4
:102C600011DCFFE7BDF82C000130BDF82A1080B25E
:102C70002422002300F076FCFFE7BDF82A00013093
:102C8000ADF82A00E9E7BDF92E0040F2A92148433A
:102C90000012099000208DF82300FFE79DF8230023
:102CA0000E2800F28380FFE79DF8230000EB40012F
:102CB0004AF61460C0F6000030F821000999084473
:102CC00080380790079840F21211C2F2000109887B
:102CD000401A06900698B0F1FF3F01DCFFE75FE085
:102CE000069840F21411C2F200010988484300120C
:102CF00005900598F12801DBFFE751E00598C0F148
:102D0000F000ADF81200BDF812000A2805DBFFE75D
:102D1000BDF81200E72801DBFFE741E09DF8230042
:102D200000EB40014AF61460C0F6000000EB8100A1
:102D3000007A40B3FFE7BDF82C000130BDF8121057
:102D400004399DF8232002EB42034AF61462C0F6D0
:102D5000000202EB8302526840F2300CC2F2000C17
:102D6000DCF80030DCF804C0EE460024CEF8084061
:102D70004FF48064CEF80440CEF800C080B289B22F
:102D800001F056FD0BE0BDF82C000130BDF812102B
:102D900080B202224FF4806300F0E4FBFFE7FFE71C
:102DA0009DF8230001308DF8230077E70CB010BDAB
:102DB00080B540F21441C4F201014FF400400860B4
:102DC00003F028FB80BD000080B540F21441C4F23E
:102DD00001010820086003F01DFB80BD80B540F2B2
:102DE0001441C4F201011020086003F013FB80BD00
:102DF00080B540F21441C4F201014020086003F0A4
:102E000009FB80BD81B00090FFE742F20C00C4F2E4
:102E100002000068C00708B1FFE7F6E742F21001C0
:102E2000C4F20201086840F002000860009842F213
:102E30001402C4F202021060086840F0400008600A
:102E4000FFE742F20C00C4F202000068C00708B1BC
:102E5000FFE7F6E742F21001C4F20201086820F031
:102E60000200086001B0704742F21001C4F2020192
:102E7000086840F0800008607047000042F21000CF
:102E8000C4F202000068000600280FD5FFE742F2F6
:102E90000401C4F2020140F22310C4F2675008603A
:102EA00048F6AB10CCF6EF500860FFE742F20C0199
:102EB000C4F20201086840F0340008607047000066
:102EC00087B00690059142F21001C4F20201086831
:102ED00040F00100086005980490069803903E2099
:102EE000029001208DF8070000200090FFE7009875
:102EF000029988422FD2FFE7FFE742F20C00C4F2AA
:102F000002000068C00708B1FFE7F6E70498009ADE
:102F100030F81200039921F81200FFE742F20C008A
:102F2000C4F202000068C00708B1FFE7F6E70398A3
:102F3000009930F811000499009A31F81210884273
:102F400004D0FFE700208DF8070004E0FFE70098B9
:102F500001300090CBE7FFE742F20C00C4F2020020
:102F60000068C00708B1FFE7F6E742F21001C4F2BB
:102F70000201086820F0010008609DF8070000F0D9
:102F8000010007B07047000041F21801C4F20201CD
:102F9000086840F004000860086840F00800086015
:102FA000086840F0100008600421C4F201010868BC
:102FB00040F00070086040F60442C4F2010210685C
:102FC0004FF6FF71C0F60F7108401060106840F4B2
:102FD00030001060106840F030401060106820F041
:102FE00070601060106840F08060106040F604016E
:102FF000C4F20101086820F470600860086840F4B9
:1030000040700860086820F470400860086840F468
:1030100040500860086820F470200860086840F498
:103020004030086040F60001C4F20101086820F455
:1030300040600860086820F440700860086840F448
:1030400080700860086820F0C0000860086820F000
:1030500030000860086840F010000860086820F040
:103060000C000860086820F003000860086840F061
:103070000100086041F20403C4F20103186820F063
:1030800040401860186820F040501860186840F000
:1030900080501860186820F040601860186820F0B0
:1030A00040701860186840F08070186040F6140393
:1030B000C4F201030720186041F21403C4F20103B3
:1030C0004FF440401860106840F480701060106841
:1030D00020F440601060106840F480501060106868
:1030E00020F440401060086820F440300860086810
:1030F00020F440200860086820F440100860086848
:1031000020F440000860086820F04050086008681B
:1031100020F040400860086820F4704008600868AB
:1031200040F420400860086820F07060086008687B
:1031300040F02060086040F60041C4F201010868D8
:1031400020F0F0000860086840F0A000086041F23C
:103150001001C4F20101086840F4005008600868DA
:1031600040F00050086040F61442C4F201021068BA
:1031700040F40060106040F61041C4F2010108689C
:1031800040F480600860106840F480601060086857
:1031900040F400600860704780B541F21801C4F245
:1031A0000201086840F00D0008600421C4F201012A
:1031B0000868022262F31A60086040F60401C4F253
:1031C0000101086820F070400860086840F0004085
:1031D000086040F60C01C4F20101086840F40040A8
:1031E000086040F60041C4F20101086840F6FF7231
:1031F000CFF2F00210400860086848F20002C0F602
:1032000008021043086040F60C41C4F2010108684E
:1032100040F0580008600821C4F20101086801224A
:1032200062F30F3008600C21C4F20101086862F3F8
:1032300003000860086862F30B2008601421C4F2E0
:103240000101086820F47040086040F20041C4F2B7
:103250000101086848F258021043086040F20C412E
:10326000C4F2010108681043086040F20841C4F24A
:10327000010108681043086040F21441C4F20101E2
:103280000820086010200860402008604FF40040CB
:103290000860092003F0E8FC0A2003F0E5FC172091
:1032A00003F0E2FC282003F0DFFC80BD81B00020A9
:1032B0008DF8030040F60800C4F201000068000425
:1032C000002807D4FFE79DF8030040F001008DF8C7
:1032D0000300FFE740F60840C4F201000068000761
:1032E000002807D4FFE79DF8030040F002008DF8A6
:1032F0000300FFE740F60840C4F201000068C00682
:10330000002807D4FFE79DF8030040F004008DF883
:103310000300FFE740F60840C4F2010000684006E1
:10332000002807D4FFE79DF8030040F008008DF85F
:103330000300FFE79DF8030001B07047FFE7FEE7D9
:1033400045F20041C4F20001088840F400400880C2
:1033500000BF08886FF3DF30088045F20442C4F2F2
:1033600000022420108045F21C42C4F200021E20FC
:10337000108045F22042C4F200020C201080088820
:1033800040F001000880704741F21801C4F20201C8
:10339000086840F00900086041F21C01C4F2020113
:1033A000086840F4001008600421C4F201010868B4
:1033B00040F00200086040F60441C4F201010868D0
:1033C00020F0FF000860086840F0FF00086045F248
:1033D0000041C4F20001088840F4004008800888D9
:1033E0006FF3DF30088045F20442C4F20002108817
:1033F00040F02400108045F21C42C4F20002B420C8
:10340000108045F22042C4F2000225201080088876
:1034100040F001000880704782B0ADF806000091CE
:1034200040F61001C4F201014FF48060086040F6DC
:103430001401C4F201014FF480500860FFE70098C6
:1034400040B3FFE79DF8070043F60C01C4F200010A
:103450000870FFE743F60800C4F200000088800708
:10346000002801D4FFE7F5E79DF8060043F60C01BC
:10347000C4F200010870FFE743F60800C4F2000040
:1034800000888007002801D4FFE7F5E7009801389D
:103490000090D4E7FFE743F60800C4F2000000887C
:1034A0008007002801D4FFE7F5E7FFE743F60800AF
:1034B000C4F2000000880006002801D5FFE7F5E708
:1034C00040F61001C4F201014FF48050086002B0D0
:1034D0007047000010B58AB0ADF82600ADF8241092
:1034E0000892089805A9049105F032FB049ABDF8EA
:1034F0002600BDF8241040F2200CC2F2000CDCF8CB
:103500000030DCF804C0EE460024CEF808404FF44A
:10351000FC64CEF80440CEF800C001F089F99DF8B3
:10352000140030281BD1FFE7BDF82600BDF8241099
:103530009DF8142040F2200CC2F2000CDCF80030A0
:10354000DCF804C0EE460024CEF808404FF4806456
:10355000CEF80440CEF800C001F0EAF8FFE70AB068
:1035600010BD000080B582B0ADF80600ADF80410C3
:10357000ADF80220ADF80030BDF8060040F23A0187
:10358000C2F20001098888420ADAFFE7BDF80400A8
:1035900040F23801C2F200010988884201DBFFE7EE
:1035A0002BE0BDF80600BDF802100844013840F2D7
:1035B0003A01C2F20001098888420BDBFFE740F2C2
:1035C0003A00C2F200000088BDF80610401AADF8BB
:1035D0000200FFE7BDF80600BDF80430BDF8021098
:1035E000014401398AB2194600F0B6FEBDF8000068
:1035F000BDF80210FFF710FFFFE702B080BD00002A
:1036000010B58AB0ADF82600ADF8241008920898DD
:1036100005A905F09DFA00200490FFE70498092809
:1036200061DCFFE7049A05A8805C41F2A551C2F273
:103630000001895C884251D0FFE7BDF8260004995B
:1036400000EB0110ADF80E00049810BBFFE70499E1
:1036500005A8405C30281CD1FFE7BDF80E00BDF87E
:103660002410049B05AAD25C40F2280CC2F2000C84
:10367000DCF80030DCF804C0EE460024CEF8084048
:103680004FF48064CEF80440CEF800C001F050F84A
:103690001BE0BDF80E00BDF82410049B05AAD25C07
:1036A00040F2280CC2F2000CDCF80030DCF804C058
:1036B000EE460024CEF808404FF4FC64CEF80440F7
:1036C000CEF800C001F034F8FFE7049A05A8805C4A
:1036D00041F2A551C2F200018854FFE7FFE70498C8
:1036E000013004909AE70AB010BD000010B588B010
:1036F000ADF81E00ADF81C100692069804A90391BF
:1037000005F082FA039ABDF81E00BDF81C1040F2C5
:10371000200CC2F2000CDCF80030DCF804C0EE46ED
:103720000024CEF808404FF4FC64CEF80440CEF8F4
:1037300000C001F07DF808B010BD000080B584B075
:1037400084460698ADF80EC0ADF80C10ADF80A200E
:10375000ADF80830ADF80600BDF80E0040F23A01B1
:10376000C2F20001098888420ADAFFE7BDF80C00BE
:1037700040F23801C2F200010988884201DBFFE70C
:103780004BE0BDF80E00BDF80A100844013840F2C5
:103790003A01C2F20001098888420BDBFFE740F2E0
:1037A0003A00C2F200000088BDF80E10401AADF8D1
:1037B0000A00FFE7BDF80C00BDF808100844013806
:1037C00040F23801C2F20001098888420BDBFFE7B2
:1037D00040F23800C2F200000088BDF80C10401A18
:1037E000ADF80800FFE7BDF80E00BDF80C10BDF8FD
:1037F0000A200244013ABDF808300B44013B92B262
:103800009BB200F0A9FDBDF80600BDF80810BDF898
:103810000A205143FFF700FEFFE704B080BD00001F
:10382000B0B5AAB00020ADF8A600ADF8A600FFE73D
:10383000BDF8A600192800F3D581FFE7BDF8A60062
:10384000000248F6A331CBF62E212591A0FB010101
:10385000782000EB511081B2FF202690052227929C
:103860004FF480632893FFF77DFEDDF894C026981F
:10387000279A289BBDF8A6100902A1FB0C1C7721F2
:10388000A1EB5C1189B2FFF76DFEBDF8A60005281B
:1038900065D1FFE7BDF8A600000248F6A331CBF6DC
:1038A0002E212191A0FB010174201D9000EB5110ED
:1038B00040F23001C2F200011E910B6849686A466D
:1038C000002595604FF4806424945460116081B2A7
:1038D0004EF2CF52C0F600022092F3201F9000F06B
:1038E000A7FF1D99DDF878C01F98209ADDF884E0C5
:1038F000BDF8A6301B02A3FB0EE3A1EB5311DCF8CD
:103900000030DCF804C0EE46CEF80850CEF8044093
:10391000CEF800C089B200F08BFF2199249BBDF83E
:10392000A6000002A0FB0101782000EB511081B23B
:10393000FA2022900A222392FFF714FEDDF884C0B9
:103940002298239A249BBDF8A6100902A1FB0C1C07
:103950007721A1EB5C1189B2FFF704FEFFE7BDF808
:10396000A6000A2865D1FFE7BDF8A600000248F6C8
:10397000A331CBF62E211991A0FB010174201590E3
:1039800000EB511040F23001C2F2000116910B68B9
:1039900049686A46002595604FF480641C94546021
:1039A000116081B24EF2B752C0F600021892EC20BC
:1039B000179000F03DFF1599DDF858C01798189A38
:1039C000DDF864E0BDF8A6301B02A3FB0EE3A1EB1B
:1039D0005311DCF80030DCF804C0EE46CEF8085095
:1039E000CEF80440CEF800C089B200F021FF19994A
:1039F0001C9BBDF8A6000002A0FB0101782000EB93
:103A0000511081B2FA201A900A221B92FFF7AAFDE8
:103A1000DDF864C01A981B9A1C9BBDF8A610090219
:103A2000A1FB0C1C7721A1EB5C1189B2FFF79AFD79
:103A3000FFE7BDF8A6000F2865D1FFE7BDF8A60097
:103A4000000248F6A331CBF62E211191A0FB010113
:103A500074200D9000EB511040F23001C2F20001D1
:103A60000E910B6849686A46002595604FF48064A2
:103A700014945460116081B24EF2CA52C0F6000232
:103A80001092EC200F9000F0D3FE0D99DDF838C0B5
:103A90000F98109ADDF844E0BDF8A6301B02A3FB96
:103AA0000EE3A1EB5311DCF80030DCF804C0EE4665
:103AB000CEF80850CEF80440CEF800C089B200F02D
:103AC000B7FE1199149BBDF8A6000002A0FB0101EE
:103AD000782000EB511081B2FA2012900A22139242
:103AE000FFF740FDDDF844C01298139A149BBDF80F
:103AF000A6100902A1FB0C1C7721A1EB5C1189B275
:103B0000FFF730FDFFE7BDF8A600142863D1FFE7FB
:103B1000BDF8A600000248F6A331CBF62E2109918C
:103B2000A0FB0101722000EB511040F23001C2F203
:103B3000000106910B6849686A46002595604FF4BC
:103B400080640C945460116081B24EF2BB52C0F696
:103B500000020892EC20079000F06AFEDDF818C021
:103B60000798089A099BBDF8A6100902A1FB031348
:103B70007521A1EB5311DCF80030DCF804C0EE46EF
:103B8000CEF80850CEF80440CEF800C089B200F05C
:103B90004FFE09990C9BBDF8A6000002A0FB010195
:103BA000782000EB511081B2FA200A900A220B9281
:103BB000FFF7D8FCDDF824C00A980B9A0C9BBDF8DF
:103BC000A6100902A1FB0C1C7721A1EB5C1189B2A4
:103BD000FFF7C8FCFFE7FFE7BDF8A6000130ADF82E
:103BE000A60025E6FA20039077210A2204924FF4DA
:103BF000FC630593FFF7B6FC0398049A059B7821B4
:103C0000FFF7B0FC2AB0B0BD80B58CB0ADF826008F
:103C1000BDF9260008900898B0F1FF3F04DCFFE7EB
:103C2000089840420890FFE7089818B9FFE701207C
:103C30000890FFE70898079007980A900A9820B91B
:103C4000FFE720208DF82F0005E00A98B0FA80F0F9
:103C50008DF82F00FFE79DF82F0006900698C0F121
:103C60001F000590002004900598032808D3FFE763
:103C7000079805990339C84000F0070004900AE04E
:103C80000798059901228A40013A1040C1F10301C9
:103C900088400490FFE70599049800EB0110039019
:103CA000039840F21211C2F200010988401A0290F2
:103CB0000298B0F1FF3F03DCFFE700200290FFE72E
:103CC000029840F21411C2F2000109884843000A28
:103CD000ADF80600BDF80600F12804DBFFE7F02090
:103CE000ADF80600FFE7BDF8060040F20021C2F281
:103CF0000001B1F90010884208DDFFE7BDF80600B9
:103D000040F20021C2F20001088022E0BDF8060066
:103D100040F20021C2F20001B1F90010884217DA26
:103D2000FFE740F20020C2F2000001880339018061
:103D3000B0F90000BDF80610884208DAFFE7BDF8C8
:103D4000060040F20021C2F200010880FFE7FFE711
:103D5000FFE740F20020C2F200000088C0F1F0004E
:103D6000ADF80400BDF8040001280ADBFFE7BDF848
:103D7000043068460021016001200A22FFF7DEFCC2
:103D8000FFE740F20020C2F20000B0F90000012875
:103D900010DBFFE7BDF8041040F20020C2F2000083
:103DA00003886A464FF4FC60106001200A22FFF786
:103DB000C5FCFFE70CB080BD80B588B007900798C0
:103DC00002F08CFF40F2FE00C2F20000027840F2E6
:103DD000EC01C2F2000131F81210ADF81410BDF878
:103DE000141047F21F22C3F25912A1FB0221490904
:103DF000ADF81210BDF81210C1F18001ADF810102D
:103E0000BDF812108031ADF80E100078012809D1EC
:103E1000FFE78020ADF81000BDF812008030ADF84B
:103E20000E0012E040F2FE00C2F20000007802280C
:103E30000AD1FFE7BDF81200C0F18000ADF8100014
:103E40008020ADF80E00FFE7FFE70020ADF80C0082
:103E5000FFE7BDF80C00FF286CDCFFE70798BDF812
:103E60000C1030F81100ADF81800BDF81800B0F5CE
:103E7000807F04DBFFE7FF20ADF81800FFE7BDF807
:103E800018104EF65C30C0F6000030F81100ADF8A6
:103E90001A00BDF80C007F2806DCFFE7BDF80C0017
:103EA0008030ADF8160005E0BDF80C008038ADF8A4
:103EB0001600FFE7BDF91600BDF81010884221DB9F
:103EC000FFE7BDF91600BDF80E1088421ADCFFE7C7
:103ED000BDF81A004EF298710840C008ADF80A000B
:103EE000BDF81A00BDF80A10401AADF80800E0202D
:103EF000ADF80600BDF80800BDF806100844ADF89E
:103F00001A00FFE79DF81B00BDF9162040F2B02112
:103F1000C2F2000101F81200BDF81A00BDF9162026
:103F200001EB42014870FFE7BDF80C000130ADF82D
:103F30000C008EE740F2B021C2F20001072281F8A6
:103F4000FE20E02081F8FF0081F8002181F80101C6
:103F500041F2D030C2F200000078C0F5A07200211A
:103F6000F023104600F0F8F940F61001C4F2010108
:103F70004FF48060086040F61401C4F201014FF470
:103F8000805008601020ADF80C00FFE7BDF80C0071
:103F9000B0F5F87F1EDAFFE7FFE743F60800C4F24A
:103FA000000000888007002801D4FFE7F5E7BDF88E
:103FB0000C1040F2B020C2F20000405C43F60C014D
:103FC000C4F200010870FFE7BDF80C000130ADF845
:103FD0000C00DBE7FFE743F60800C4F200000088AE
:103FE0008007002801D4FFE7F5E7FFE743F6080064
:103FF000C4F2000000880006002801D5FFE7F5E7BD
:1040000040F61001C4F201014FF480500860002016
:104010004FF4827100F056FB41F2D030C2F2000042
:104020000090007800F086F9009801780131017065
:1040300000783D2807DBFFE741F2D031C2F20001F2
:1040400000200870FFE708B080BD000080B584B094
:10405000ADF80E0040F23A00C2F200000190028872
:1040600040F23800C2F200000290038800210846A6
:1040700000F072F90199029ABDF80E0009881288C1
:104080005143FFF7C9F904B080BD000080B590B07E
:1040900040F61001C4F201014FF40060086000F026
:1040A00027F90120009000F027FC42F2107004F084
:1040B000CFFCCB2000F020FC392000F051FC2C205C
:1040C00000F04EFC0020029000F04AFC342000F08A
:1040D00047FC022000F044FCCF2000F00DFC0298C9
:1040E00000F03EFCC120059000F03AFC302000F0CA
:1040F00037FCE82000F000FC852000F031FC02983D
:1041000000F02EFC78200E9000F02AFCEA2000F04F
:10411000F3FB029800F024FC029800F021FCED2053
:1041200000F0EAFB642000F01BFC03200F9000F07D
:1041300017FC122000F014FC812000F011FCF72085
:1041400000F0DAFB202000F00BFCC02000F0D4FBD4
:10415000232000F005FC059800F0CEFB1020019014
:1041600000F0FEFBC52000F0C7FB3E2000F0F8FB8E
:1041700028200C9000F0F4FBC72000F0BDFB862047
:1041800000F0EEFB36200A9000F0B6FB48200690C7
:1041900000F0E6FB3A2000F0AFFB552000F0E0FB1A
:1041A000B12000F0A9FB029800F0DAFB1B2000F020
:1041B000D7FBB62000F0A0FB0820079000F0D0FB52
:1041C000822000F0CDFB272000F0CAFBF22000F097
:1041D00093FB029800F0C4FB262000F08DFB0098B2
:1041E00000F0BEFBE02000F087FB0F200B9000F0FA
:1041F000B7FB3120099000F0B3FB2B2000F0B0FB9F
:104200000C20089000F0ACFB0E20039000F0A8FBFF
:10421000079800F0A5FB4E2000F0A2FBF12000F073
:104220009FFB372000F09CFB0720049000F098FBD8
:10423000019800F095FB0F9800F092FB039800F0B6
:104240008FFB092000F08CFB029800F089FBE12035
:1042500000F052FB029800F083FB039800F080FB13
:10426000142000F07DFB0F9800F07AFB11200D90D8
:1042700000F076FB049800F073FB099800F070FBE7
:10428000059800F06DFB069800F06AFB079800F0B7
:1042900067FB0B9800F064FB089800F061FB09983D
:1042A00000F05EFB0A9800F05BFB0B9800F058FBF7
:1042B000B42000F021FB0B2000F052FBBB2000F0EB
:1042C0001BFB0C9800F04CFBB72000F015FB3520D1
:1042D00000F046FB0D9800F00FFB0E9804F0B8FBC1
:1042E000292000F009FB0F9800F068F910B080BD9C
:1042F00080B584B040F61401C4F2010101914FF47D
:104300000060029008604FF4FA60039004F0A0FB94
:10431000019A03984FF48051116004F099FB0299BF
:10432000039840F61002C4F20102116004F090FB01
:1043300004B080BD80B582B0ADF80600372000F033
:10434000DBFA9DF8070000F00BFB9DF8060000F07B
:1043500007FB02B080BD000082B0ADF80600ADF8EA
:104360000410ADF80220ADF8003040F61401C4F29C
:1043700001014FF4806008604FF48050086043F6FC
:104380000C01C4F200012A200870FFE743F6080080
:10439000C4F2000000888007002801D4FFE7F5E799
:1043A000FFE743F60800C4F200000088000600287A
:1043B00001D5FFE7F5E740F61001C4F201014FF423
:1043C000806008609DF8070043F60C01C4F200010C
:1043D0000870FFE743F60800C4F200000088800779
:1043E000002801D4FFE7F5E79DF8060043F60C012D
:1043F000C4F200010870FFE743F60800C4F20000B1
:1044000000888007002801D4FFE7F5E79DF8030046
:1044100043F60C01C4F200010870FFE743F6080000
:10442000C4F2000000888007002801D4FFE7F5E708
:104430009DF8020043F60C01C4F200010870FFE78A
:1044400043F60800C4F2000000888007002801D469
:10445000FFE7F5E7FFE743F60800C4F20000008835
:104460000006002801D5FFE7F5E740F61401C4F285
:1044700001014FF48060086043F60C01C4F20001B2
:104480002B200870FFE743F60800C4F20000008804
:104490008007002801D4FFE7F5E7FFE743F60800AF
:1044A000C4F2000000880006002801D5FFE7F5E708
:1044B00040F61001C4F201014FF4806008609DF8DD
:1044C000050043F60C01C4F200010870FFE743F653
:1044D0000800C4F2000000888007002801D4FFE72C
:1044E000F5E79DF8040043F60C01C4F200010870E2
:1044F000FFE743F60800C4F20000008880070028A8
:1045000001D4FFE7F5E79DF8010043F60C01C4F282
:1045100000010870FFE743F60800C4F200000088BD
:104520008007002801D4FFE7F5E79DF8000043F677
:104530000C01C4F200010870FFE743F60800C4F262
:10454000000000888007002801D4FFE7F5E7FFE7B7
:1045500043F60800C4F2000000880006002801D5D8
:10456000FFE7F5E740F61401C4F201014FF4806063
:10457000086043F60C01C4F200012C200870FFE72C
:1045800043F60800C4F2000000888007002801D428
:10459000FFE7F5E7FFE743F60800C4F200000088F4
:1045A0000006002801D5FFE7F5E740F61001C4F248
:1045B00001014FF48050086002B0704780B582B0AE
:1045C0008DF8070040F61401C4F201014FF4806039
:1045D00008604FF48050086043F60C01C4F20001FB
:1045E00036200870FFE743F60800C4F20000008898
:1045F0008007002801D4FFE7F5E7FFE743F608004E
:10460000C4F2000000880006002801D5FFE7F5E7A6
:1046100040F61001C4F201014FF4805008609DF88B
:10462000070001460091032848D80099DFE801F00F
:1046300002132435202000F093F940F23A01C2F22F
:104640000001F020088040F23801C2F200014FF46E
:10465000A070088033E0802000F082F940F23A0137
:10466000C2F200014FF4A070088040F23801C2F29B
:104670000001F020088022E0E02000F071F940F213
:104680003A01C2F20001F020088040F23801C2F283
:1046900000014FF4A070088011E0402000F060F9A4
:1046A00040F23A01C2F200014FF4A070088040F2DB
:1046B0003801C2F20001F020088000E0FFE702B0FC
:1046C00080BD000080B582B0ADF80600ADF80410E2
:1046D000BDF80600BDF804100844B0F5A07F25DC45
:1046E000FFE7BDF80600BDF804100844C0F5A0704F
:1046F000ADF80200332000F0FFF89DF8070000F04D
:104700002FF99DF8060000F02BF99DF8030000F04A
:1047100027F99DF8020000F023F99DF8050000F04C
:104720001FF99DF8040000F01BF9FFE702B080BDFF
:10473000B0B58AB09E460B4684460E9C10980F99E1
:104740000994CDF820E0ADF81EC0ADF81C308DF80E
:104750001B20ADF81810ADF8160000200090019055
:10476000BDF81E00BDF81C109DF820209DF82130DA
:104770000244013A0B44013B92B29BB2FFF7ECFDBD
:10478000009840F61002C4F201024FF480611160FB
:1047900040F61402C4F201024FF4805111600490FB
:1047A000FFE704989DF82110884238D2FFE7099866
:1047B0009DF81B1020399DF82120049B01FB02313C
:1047C00030F81100039000200290FFE702989DF856
:1047D000201088421ED2FFE7039802998840000407
:1047E000002809D5FFE79DF8190000F0B9F89DF8F9
:1047F000180000F0B5F808E09DF8170000F0B0F8D8
:104800009DF8160000F0ACF8FFE7FFE702980130D2
:104810000290DBE7FFE7049801300490C1E740F61F
:104820001001C4F201014FF4805008600AB0B0BD1D
:10483000B0B588B09E460B4684460C9C0E980D99E8
:104840000794CDF818E0ADF816C0ADF81430049216
:10485000ADF80E10ADF80C00FFE7049800780028C2
:1048600047D0FFE7BDF816009DF818100844B0F5D2
:10487000A07F1DDBFFE70020ADF816009DF81910A2
:10488000BDF814000844ADF81400BDF814009DF8FC
:1048900019100844F02801DBFFE72AE004980078AB
:1048A000202804D1FFE7049801300490D5E7FFE702
:1048B000BDF81600BDF81410049A1278BDF80E4029
:1048C000BDF80C50069BDDF81CC0EE46CEF8085033
:1048D000CEF80440CEF800C0FFF72AFF9DF818106C
:1048E000BDF816000844ADF8160004980130049095
:1048F000B3E708B0B0BD000081B08DF8030040F60A
:104900001401C4F201014FF4806008604FF480503C
:1049100008609DF8030043F60C01C4F20001087022
:10492000FFE743F60800C4F2000000888007002873
:1049300001D4FFE7F5E7FFE743F60800C4F2000003
:1049400000880006002801D5FFE7F5E740F61001D2
:10495000C4F201014FF48050086001B070470000BC
:1049600081B08DF8030040F61001C4F201014FF44C
:104970008060086040F61401C4F201014FF48050D9
:1049800008609DF8030043F60C01C4F200010870B2
:10499000FFE743F60800C4F2000000888007002803
:1049A00001D4FFE7F5E7FFE743F60800C4F2000093
:1049B00000880006002801D5FFE7F5E740F6100162
:1049C000C4F201014FF48050086001B0704700004C
:1049D00080B50020FFF73AFBFEF722FF28200B21CD
:1049E000FEF7F8F801F006FB80BD000042F2F4107B
:1049F000C2F200000078C007B8B9FFE740F60830FF
:104A0000C2F200000078072807D1FFE740F608311E
:104A1000C2F200010020087006E042F2F411C2F276
:104A2000000101200870FFE71FE040F60930C2F2E4
:104A30000000007840F60831C2F200010A784DF219
:104A4000DC61C0F60001895C013988420CD1FFE7C6
:104A500040F60931C2F200010020087042F2F41160
:104A6000C2F200010870FFE7FFE7704780B586B02B
:104A700042F2F410C2F200000078C00700285CD1B6
:104A8000FFE740F60830C2F200000590017801EB24
:104A9000C1014900027840F23C00C2F2000050F827
:104AA000222040F22000C2F2000003684068EC4679
:104AB0004FF0000ECCF808E04FF4806ECCF804E024
:104AC000CCF800002E20FFF7B3FE059800780128EF
:104AD00008DBFFE740F60831C2F200010878013830
:104AE000087006E040F60831C2F2000107200870A5
:104AF000FFE740F60830C2F20000017801EBC10187
:104B00004900027840F23C00C2F2000050F8222036
:104B100040F22000C2F2000003684068EC464FF00B
:104B2000000ECCF808E04FF4FC6ECCF804E0CCF8B2
:104B300000002E20FFF77CFE73E040F60932C2F23F
:104B400000020492107800EBC000410040F60830EB
:104B5000C2F20000037840F20000C2F2000050F8F8
:104B60002300127850F8222040F22000C2F2000008
:104B700003684068EC464FF0000ECCF808E04FF4B4
:104B8000806ECCF804E0CCF800002E20FFF750FE39
:104B900004980078012808DBFFE740F60931C2F2EB
:104BA000000108780138087010E040F60830C2F2C1
:104BB000000001784DF2DC60C0F60000405C013876
:104BC00040F60931C2F200010870FFE740F60932F1
:104BD000C2F20002107800EBC000410040F608303D
:104BE000C2F20000037840F20000C2F2000050F868
:104BF0002300127850F8222040F22000C2F2000078
:104C000003684068EC464FF0000ECCF808E04FF423
:104C1000FC6ECCF804E0CCF800002E20FFF708FE74
:104C2000FFE706B080BD000080B584B06846002173
:104C300001602E20C522F023FEF780FD42F2F41021
:104C4000C2F200000078C00700285BD1FFE7002017
:104C50008DF80F00FFE79DF80F00072851DCFFE7F4
:104C60009DF80F0040F60831C2F200010978884231
:104C700020D1FFE79DF80F2002EBC200410040F277
:104C80003C00C2F2000050F8222040F22000C2F2A4
:104C9000000003684068EC464FF0000ECCF808E0D6
:104CA0004FF4FC6ECCF804E0CCF800002E20FFF7A7
:104CB000BFFD1FE09DF80F2002EBC200410040F253
:104CC0003C00C2F2000050F8222040F22000C2F264
:104CD000000003684068EC464FF0000ECCF808E096
:104CE0004FF4806ECCF804E0CCF800002E20FFF7E3
:104CF0009FFDFFE7FFE79DF80F0001308DF80F00E3
:104D0000A9E77FE000208DF80E00FFE79DF80E0078
:104D100040F60831C2F200010A784DF2DC61C0F6BB
:104D20000001895C88426CDAFFE79DF80E0040F6CE
:104D30000931C2F200010978884229D1FFE79DF8C4
:104D40000E0000EBC000410040F60830C2F2000047
:104D5000027840F20000C2F2000050F822009DF8F4
:104D60000E2050F8222040F22000C2F2000003681A
:104D70004068EC464FF0000ECCF808E04FF4FC6EB3
:104D8000CCF804E0CCF800002E20FFF751FD28E01D
:104D90009DF80E0000EBC000410040F60830C2F262
:104DA0000000027840F20000C2F2000050F8220039
:104DB0009DF80E2050F8222040F22000C2F20000A0
:104DC00003684068EC464FF0000ECCF808E04FF462
:104DD000806ECCF804E0CCF800002E20FFF728FD10
:104DE000FFE740F60830C2F2000000789DF80E1090
:104DF00000F01AF8FFE79DF80E0001308DF80E0064
:104E000084E7FFE740F21810C2F20000B0F8720029
:104E100041F2A451C2F20001097801F0010101F050
:104E200031F904B080BD000080B58CB08DF82F0042
:104E30008DF82E109DF82F0001460A91062800F2E9
:104E400086810A99DFE811F00700460074008100AE
:104E5000DC00370176019DF82E00014609910428F7
:104E600037D80999DFE801F0030D17212B0040F234
:104E7000EC00C2F20000028898200021FEF736FC08
:104E800027E040F2EC00C2F2000042889820122194
:104E9000FEF72CFC1DE040F2EC00C2F2000082881C
:104EA00098202421FEF722FC13E040F2EC00C2F22D
:104EB0000000C28898203621FEF718FC09E040F275
:104EC000EC00C2F20000028998204821FEF70EFC97
:104ED000FFE73CE19DF82E0001460891032826D803
:104EE0000899DFE801F0020D182340F2FA00C2F23F
:104EF0000000B0F9002098200021FEF7F7FB16E033
:104F000040F2F800C2F20000B0F90020982012210F
:104F1000FEF7ECFB0BE040F2F600C2F20000B0F945
:104F2000002098202421FEF7E1FB00E0FFE70EE1DE
:104F30009DF82E000146079120B1FFE70798012850
:104F400001D001E000E0FFE701E19DF82E000146FD
:104F5000069140B1FFE70698012824D0FFE70698A4
:104F6000022841D04BE040F20410C2F2000090F958
:104F700001104DF2E460C0F6000050F8212040F22C
:104F80002000C2F2000003684068EC460021CCF823
:104F900008104FF4FC6ECCF804E0CCF80000982028
:104FA000FFF746FC2BE040F20410C2F2000090F93B
:104FB00002104DF2E460C0F6000050F8212040F2EB
:104FC0002000C2F200000368406869464FF0000C00
:104FD000C1F808C04FF4FC6CC1F804C00860982008
:104FE0001221FFF725FC0AE040F20410C2F2000093
:104FF00090F9002098202421FEF778FBFFE7A6E037
:105000009DF82E000146059140B1FFE70598012863
:1050100024D0FFE70598022841D04BE040F29410DD
:10502000C2F2000090F901104DF2E460C0F60000F9
:1050300050F8212040F22000C2F2000003684068CE
:10504000EC460021CCF808104FF4FC6ECCF804E0DC
:10505000CCF800009820FFF7EBFB2BE040F2941017
:10506000C2F2000090F902104DF2E460C0F60000B8
:1050700050F8212040F22000C2F20000036840688E
:1050800069464FF0000CC1F808C04FF4FC6CC1F841
:1050900004C0086098201221FFF7CAFB0AE040F222
:1050A0009410C2F2000090F9002098202421FEF70D
:1050B0001DFBFFE74BE09DF82E00014604910428FC
:1050C00037D80499DFE801F0030D17212B0040F2D7
:1050D000D800C2F20000026898200021FEF706FB0B
:1050E00027E040F2D800C2F2000042689820122166
:1050F000FEF7FCFA1DE040F2D800C2F20000826820
:1051000098202421FEF7F2FA13E040F2D800C2F210
:105110000000C26898203621FEF7E8FA09E040F264
:10512000D800C2F20000026998204821FEF7DEFA9A
:10513000FFE70CE09DF82E000146039120B1FFE748
:105140000398012801D001E000E0FFE7FFE70CB081
:1051500080BD000080B594B08DF84F008DF84E10E2
:105160009DF84F0001461191062800F20383119922
:10517000DFE811F007000A01B201BF015002E102AD
:10518000F3029DF84E0001461091042800F2FB80C6
:105190001099DFE801F003346596C70040F2EC0097
:1051A000C2F200000088129012A80A21002241F2E7
:1051B000707300F08FFC08B3FFE7129940F2EC0027
:1051C000C2F200000F900180008805F0ABFB41F2B5
:1051D0002152C2F200024EF20061C4F2AA61FBF752
:1051E000E3FC01460F9841F22052C2F20002117016
:1051F000028898200021FEF779FAFFE7C3E040F229
:10520000EC00C2F200004088129012A80A2100228D
:1052100041F2707300F05EFC08B3FFE7129940F2B0
:10522000EC00C2F200000E904180408805F07AFB4D
:1052300041F22152C2F200024EF20061C4F2AA61B0
:10524000FBF7B2FC01460E9841F22052C2F2000276
:105250001170428898201221FEF748FAFFE792E089
:1052600040F2EC00C2F200008088129012A80A21DD
:10527000002241F2707300F02DFC08B3FFE7129991
:1052800040F2EC00C2F200000D908180808805F0B1
:1052900049FB41F22152C2F200024EF20061C4F217
:1052A000AA61FBF781FC01460D9841F22052C2F23F
:1052B00000021170828898202421FEF717FAFFE778
:1052C00061E040F2EC00C2F20000C088129012A827
:1052D0000A21002241F2707300F0FCFB08B3FFE7E3
:1052E000129940F2EC00C2F200000C90C180C0881C
:1052F00005F018FB41F22152C2F200024EF20061A9
:10530000C4F2AA61FBF750FC01460C9841F220520E
:10531000C2F200021170C28898203621FEF7E6F929
:10532000FFE730E040F2EC00C2F20000008912908A
:1053300012A80A21002241F2707300F0CBFB08B3DF
:10534000FFE7129940F2EC00C2F200000B900181DD
:10535000008905F0E7FA41F22152C2F200024EF252
:105360000061C4F2AA61FBF71FFC01460B9841F2F1
:105370002052C2F200021170028998204821FEF7E3
:10538000B5F9FFE7FFE7F5E19DF84E0001460A9108
:10539000032800F2A0800A99DFE801F00250769C11
:1053A00040F2FA00C2F20000B0F90000129040F2A0
:1053B0001810C2F20000B0F8721012A848F20032C1
:1053C000CFF6FF724FF4FA4300F084FBA8B3FFE777
:1053D000129940F2FA00C2F2000009900180B0F97F
:1053E000002098200021FEF781F90998B0F900000B
:1053F00003F062FF40F21810C2F2000090F8700053
:1054000068B9FFE740F21810C2F2000090F86F1080
:1054100000EB8100C068800003F086FF0CE040F2E2
:105420001810C2F2000090F86F1000EB8100006BC2
:10543000800003F079FFFFE7FFE74CE040F2F8005F
:10544000C2F20000B0F90000129040F21810C2F24F
:105450000000B0F8721012A848F20032CFF6FF72C6
:105460004FF4FA4300F036FB68B1FFE7129940F2BF
:10547000F800C2F200000180B0F90020982012214B
:10548000FEF734F9FFE726E040F2F600C2F2000032
:10549000B0F90000129040F21810C2F20000B0F80B
:1054A000721012A848F20032CFF6FF724FF4FA439E
:1054B00000F010FB68B1FFE7129940F2F600C2F26B
:1054C00000000180B0F9002098202421FEF70EF999
:1054D000FFE7FFE7FFE74DE19DF84E000146089129
:1054E00020B1FFE70898012801D001E000E0FFE7C4
:1054F00040E19DF84E000146079140B1FFE7079853
:10550000012836D0FFE70798022865D081E040F2F5
:105510000410C2F2000090F90100129012A80121BB
:1055200000220F2300F0D6FA10B3FFE7129940F2E1
:105530000410C2F20000417090F901104DF2E460D5
:10554000C0F6000050F8212040F22000C2F2000016
:1055500003684068EC460021CCF808104FF4FC6E5C
:10556000CCF804E0CCF800009820FFF761F9FFE7E1
:105570004FE040F20410C2F2000090F902001290D5
:1055800012A8012100220F2300F0A4FA18B3FFE7AC
:10559000129940F20410C2F20000817090F90210DA
:1055A0004DF2E460C0F6000050F8212040F22000E7
:1055B000C2F200000368406869464FF0000CC1F871
:1055C00008C04FF4FC6CC1F804C008609820122198
:1055D000FFF72EF9FFE71CE040F20410C2F20000D2
:1055E00090F90000129012A8012100220F2300F070
:1055F00071FA68B1FFE7129940F20410C2F200009C
:10560000017090F9002098202421FEF76FF8FFE741
:10561000FFE7AFE09DF84E000146069140B1FFE77D
:105620000698012836D0FFE70698022865D081E069
:1056300040F29410C2F2000090F90100129012A8FA
:10564000012100220F2300F045FA10B3FFE7129961
:1056500040F29410C2F20000417090F901104DF236
:10566000E460C0F6000050F8212040F22000C2F2B1
:10567000000003684068EC460021CCF808104FF4A5
:10568000FC6ECCF804E0CCF800009820FFF7D0F8CE
:10569000FFE74FE040F29410C2F2000090F90200E0
:1056A000129012A8012100220F2300F013FA18B360
:1056B000FFE7129940F29410C2F20000817090F955
:1056C00002104DF2E460C0F6000050F8212040F2D4
:1056D0002000C2F200000368406869464FF0000CE9
:1056E000C1F808C04FF4FC6CC1F804C008609820F1
:1056F0001221FFF79DF8FFE71CE040F29410C2F280
:10570000000090F90000129012A8012100220F233E
:1057100000F0E0F968B1FFE7129940F29410C2F28C
:105720000000017090F9002098202421FDF7DEFF91
:10573000FFE7FFE71EE09DF84E00014605910428B3
:105740000AD80599DFE801F003040506070003E025
:1057500002E001E000E0FFE70CE09DF84E000146AA
:10576000049120B1FFE70498012801D001E000E096
:10577000FFE7FFE714B080BD80B586B042F2F410B9
:10578000C2F200000078C00700285CD1FFE740F6B5
:105790000830C2F200000590017801EBC101490018
:1057A000027840F23C00C2F2000050F8222040F2A1
:1057B0002000C2F2000003684068EC464FF0000E83
:1057C000CCF808E04FF4806ECCF804E0CCF8000090
:1057D0002E20FFF72DF805980078062808DCFFE753
:1057E00040F60831C2F2000108780130087006E086
:1057F00040F60831C2F2000100200870FFE740F6D1
:105800000830C2F20000017801EBC10149000278C2
:1058100040F23C00C2F2000050F8222040F220008A
:10582000C2F2000003684068EC464FF0000ECCF86E
:1058300008E04FF4FC6ECCF804E0CCF800002E2019
:10584000FEF7F6FF72E040F60932C2F20002039260
:10585000107800EBC000410040F60830C2F20000B2
:105860000490037840F20000C2F2000050F82300D8
:10587000127850F8222040F22000C2F200000368A3
:105880004068EC464FF0000ECCF808E04FF4806E14
:10589000CCF804E0CCF800002E20FEF7C9FF0398F6
:1058A000049900780A784DF2DC61C0F60001895C49
:1058B0000139884208DAFFE740F60931C2F20001F7
:1058C00008780130087006E040F60931C2F20001A4
:1058D00000200870FFE740F60932C2F2000210789B
:1058E00000EBC000410040F60830C2F2000003782F
:1058F00040F20000C2F2000050F82300127850F885
:10590000222040F22000C2F2000003684068EC460A
:105910004FF0000ECCF808E04FF4FC6ECCF804E039
:10592000CCF800002E20FEF783FFFFE706B080BD15
:1059300080B540F21440C4F201000068C0030028A2
:1059400016D5FFE740F21441C4F201014FF4803054
:10595000086047F20400C4F2000000684007002815
:1059600005D5FFE772B601F089F8FFE7FEE7FFE72C
:1059700080BD000041F21C01C4F20201086840F041
:10598000010008602821C4F20001002008802C21B9
:10599000C4F2000140F2FF3008801C21C4F2000173
:1059A000088840F4C0400880088840F400600880FF
:1059B0002021C4F20001088840F4805008804FF094
:1059C0008041088840F080000880088840F001008D
:1059D00008804021C4F20001642008807047000064
:1059E00041F21C01C4F20201086840F002000860A4
:1059F00040F22841C4F200010020088040F22C410E
:105A0000C4F2000140F2FF30088040F21C41C4F2B1
:105A10000001088840F4D040088040F22041C4F2E0
:105A20000001088840F48050088040F20041C4F230
:105A30000001088840F001000880704780B582B0FE
:105A400041F21C01C4F20201086840F08050086075
:105A500041F21801C4F20201086840F00100086038
:105A600047F20001C4F20001086820F0E00008607D
:105A7000086840F0E0000860086840F01000086026
:105A800040F20041C4F20101086840F4803008602F
:105A900040F20841C4F20101086840F48030086017
:105AA00040F20C41C4F20101086840F48030086003
:105AB00040F21441C4F201014FF48030086001202B
:105AC0000190002101F0E8F8019801F0CDF802B052
:105AD00080BD000087B0059004910392029342F6C6
:105AE0002440C4F201000088ADF80600BDF90600AC
:105AF00000EB90708008ADF80400BDF9040020B9F7
:105B0000FFE700208DF81B004CE005980068039922
:105B1000884206DBFFE7059800680299884217DD96
:105B2000FFE702980399084400EBD07040100599F4
:105B30000860BDF80600BDF80410A0EB810042F635
:105B40002441C4F20101088001208DF81B0029E0E6
:105B500005980268BDF90400049900FB012000903B
:105B600000980399884203DAFFE703980090FFE763
:105B700000980299884203DDFFE702980090FFE752
:105B8000009805990860BDF80600BDF80410A0EB68
:105B9000810042F62441C4F20101088001208DF801
:105BA0001B00FFE79DF81B0007B0704740F614414B
:105BB000C4F20101086840F48060086040F61041BA
:105BC000C4F20101086840F40060086042F2084233
:105BD000C4F2010210684FF6FD71CFF6BF710840A4
:105BE00010600823C4F20203186820F00100186056
:105BF00040F60001C4F20001088820F0010008808E
:105C000042F2344CC4F2010C0420CCF8000042F6FD
:105C1000340CC4F2010C0520CCF8000040F20C0C4E
:105C2000C4F2020C1020CCF8000040F2040CC4F2C4
:105C3000020C0120CCF8000040F21C4CC4F2000C15
:105C4000BCF8000020F4E040ACF80000BCF8000014
:105C500040F4D040ACF8000040F23440C4F2000000
:105C6000008840F2404CC4F2000CACF8000040F256
:105C7000204CC4F2000CBCF8000020F00100ACF88D
:105C80000000BCF8000040F48050ACF80000186838
:105C900040F001001860106840F00200106040F20F
:105CA000F453C2F200030020188040F2F053C2F215
:105CB0000003188040F2F253C2F20003188040F64D
:105CC0009453C2F20003187040F69553C2F20003D9
:105CD000187042F2F613C2F200031870106840F414
:105CE00080001060088840F00100088070470000C4
:105CF00080B58AB041F2A551C2F20001002088604F
:105D00004860086040F21810C2F2000090F870007D
:105D1000C8BBFFE740F22000C2F200000368406801
:105D2000694600228A604FF4FC624A6008604EF2C5
:105D30007752C0F600022E2052210791FEF778FD1F
:105D4000079940F21810C2F20000089090F86F20F6
:105D500000EB8200026B8220FDF7BCFB089890F8F4
:105D60006F100C30099050F821204E206C21FDF767
:105D700047FC0899099891F86F1050F821008000AD
:105D800003F0D2FA38E040F22000C2F200000368CB
:105D90004068694600228A604FF4FC624A600860ED
:105DA0004EF27152C0F600022E2052210491FEF7ED
:105DB0003FFD049940F21810C2F20000059090F8DF
:105DC0006F2000EB8200C2688220FDF783FB0598FC
:105DD00090F86F103030069050F821204E206C2142
:105DE000FDF70EFC0599069891F86F1050F8210008
:105DF000800003F099FAFFE740F21810C2F20000A9
:105E0000B0F87200002100F03DF90AB080BD00003A
:105E100080B584B040F22000C2F200000368406800
:105E20006A46002191604FF4FC6CC2F804C0106017
:105E30004EF25052C0F600022E20FEF7F9FC40F25E
:105E40001810C2F2000090F86F0001460391082874
:105E500000F2CE800399DFE801F0051B31475D7346
:105E6000899FB50040F22000C2F20000036840683C
:105E70006A46002191604FF4FC6CC2F804C01060C7
:105E80004EF2A152C0F600027B20FEF7D1FCAFE03B
:105E900040F22000C2F20000036840686A46002118
:105EA00091604FF4FC6CC2F804C010604EF2A65230
:105EB000C0F600027B20FEF7BBFC99E040F2200018
:105EC000C2F20000036840686A46002191604FF406
:105ED000FC6CC2F804C010604EF29D52C0F6000285
:105EE0007B20FEF7A5FC83E040F22000C2F2000018
:105EF000036840686A46002191604FF4FC6CC2F868
:105F000004C010604EF29952C0F600027B20FEF7EA
:105F10008FFC6DE040F22000C2F200000368406890
:105F20006A46002191604FF4FC6CC2F804C0106016
:105F30004EF29552C0F600027B20FEF779FC57E046
:105F400040F22000C2F20000036840686A46002167
:105F500091604FF4FC6CC2F804C010604EF2B25273
:105F6000C0F600027B20FEF763FC41E040F2200017
:105F7000C2F20000036840686A46002191604FF455
:105F8000FC6CC2F804C010604EF2AE52C0F60002C3
:105F90007B20FEF74DFC2BE040F22000C2F2000017
:105FA000036840686A46002191604FF4FC6CC2F8B7
:105FB00004C010604EF2AA52C0F600027B20FEF729
:105FC00037FC15E040F22000C2F200000368406890
:105FD0006A46002191604FF4FC6CC2F804C0106066
:105FE0004EF29152C0F600027B20FEF721FCFFE743
:105FF00004B080BD80B584B06846002101602E20C9
:10600000C522F023FDF79AFB41F6E870C2F20000CA
:106010000078C007B0B9FFE740F22800C2F20000E4
:1060200003684068694600228A604FF4FC624A6057
:1060300008604EF21852C0F600022E206C21FEF7C6
:10604000F7FB15E040F22800C2F200000368406848
:10605000694600228A604FF4FC624A6008604EF292
:106060001A52C0F600022E206C21FEF7E1FBFFE77A
:10607000FFF7CEFEFFF73CFE00F08AF800F01EF9B5
:1060800004B080BD80B586B0ADF816008DF815104F
:106090009DF8150000285BD1FFE7694600200860E5
:1060A0008F20862160220223FDF748FBBDF81600F1
:1060B00001460491012813D0FFE704980A281AD05A
:1060C000FFE70498642821D0FFE70498B0F57A7FB1
:1060D00027D0FFE7049842F2107188422CD036E0B6
:1060E00069464FF4FC600860DF20862110220223FD
:1060F000FDF724FB2BE069464FF4FC600860CF20DD
:10610000862110220223FDF719FB20E069464FF497
:10611000FC600860BF20862110220223FDF70EFBE1
:1061200015E069464FF4FC6008609F20862110222C
:106130000223FDF703FB0AE069464FF4FC600860A8
:106140008F20862110220223FDF7F8FAFFE71CE0DA
:1061500040F22000C2F20000036840686946002255
:106160008A604FF4FC624A6008604EF26A52C0F6E0
:1061700000022E20DE210391FEF75AFB0399BDF8A1
:1061800016209820FDF7B2FAFFE706B080BD0000A8
:1061900080B584B040F22000C2F20000036840687D
:1061A000694600228A604FF4FC624A6008604EF241
:1061B0005852C0F600022E208621FEF739FB40F22D
:1061C000FE00C2F20000007801460391042873D853
:1061D0000399DFE801F003192F455B0040F220002E
:1061E000C2F2000003684068694600228A604FF4EA
:1061F000FC624A6008604EF28D52C0F600027B20BD
:106200008621FEF715FB57E040F22000C2F20000A5
:1062100003684068694600228A604FF4FC624A6065
:1062200008604EF27D52C0F600027B208621FEF708
:10623000FFFA41E040F22000C2F20000036840682B
:10624000694600228A604FF4FC624A6008604EF2A0
:106250008152C0F600027B208621FEF7E9FA2BE08E
:1062600040F22000C2F20000036840686946002244
:106270008A604FF4FC624A6008604EF28552C0F6B4
:1062800000027B208621FEF7D3FA15E040F22000C1
:10629000C2F2000003684068694600228A604FF439
:1062A000FC624A6008604EF28952C0F600027B2010
:1062B0008621FEF7BDFAFFE704B080BD80B584B04B
:1062C00040F21810C2F2000090F87A209120982134
:1062D000FDF70CFA42F2F510C2F200000078B0B1FE
:1062E000FFE740F22000C2F2000003684068694600
:1062F00000228A604FF4FC624A6008604EF26052ED
:10630000C0F600022E209821FEF792FA15E040F226
:106310002000C2F2000003684068694600228A60DB
:106320004FF480624A6008604EF26052C0F600028C
:106330002E209821FEF77CFAFFE704B080BD000014
:1063400041F21C01C4F20201086840F48040086078
:1063500043F60001C4F20001088840F4417008804F
:1063600043F60402C4F200024FF4E0601080088893
:1063700040F040000880704780B540F21810C2F22B
:10638000000090F8700078B9FFE740F21810C2F2F0
:10639000000090F86F10084490F85D0040F2FE0194
:1063A000C2F200010870FFE740F21810C2F20000CC
:1063B00090F8700001280FD1FFE740F21810C2F2E8
:1063C000000090F86F10084490F8660040F2FE015B
:1063D000C2F200010870FFE740F2FE00C2F20000C6
:1063E000017840F2EC00C2F2000030F8110004F035
:1063F00099FA41F22152C2F200024EF20061C4F257
:10640000AA61FAF7D1FB41F22051C2F200010870F3
:1064100080BD000041F2D430C2F200000078E0B943
:10642000FFE741F2D431C2F20001012008704EF2C0
:106430001401CEF200014FF6FF00C0F21500086013
:106440004EF21801CEF20001002008604EF2100159
:10645000CEF2000107200860FFE7704780B582B0E8
:10646000FCF724FF8DF807009DF8070000283FD0B7
:10647000FFE741F2D530C2F20000007860B9FFE7D3
:1064800041F6B451C2F200010020088041F2DC3133
:10649000C2F20001087023E041F6B450C2F20000DD
:1064A0000088312808DCFFE741F6B451C2F2000150
:1064B00008880130088012E041F2DC30C2F20000AE
:1064C000007858B9FFE79DF80700FAF7E5F841F2C0
:1064D000DC31C2F2000101200870FFE7FFE7FFE7AF
:1064E0009DF8070041F2D531C2F20001087031E099
:1064F00041F2D530C2F20000007880B1FFE741F2EE
:10650000DC30C2F20000007840B9FFE741F2D5303C
:10651000C2F200000078FAF77DF9FFE7FFE74EF2DC
:106520001001CEF200010020086041F2D531C2F224
:106530000001087041F2D431C2F20001087041F646
:10654000B451C2F20001088041F2DC31C2F2000114
:106550000870FFE702B080BD80B582B042F2000152
:10656000C4F20201086840F00200086041F2000134
:10657000C4F20201086840F480300860FFE741F28D
:106580000000C4F2020000688003002802D4FFE784
:1065900000BFF4E741F20401C4F20201086848F2C6
:1065A0000042C0F21D0210430860FAF7F3FB41F20B
:1065B0000001C4F20201086840F080700860FFE743
:1065C00041F20000C4F2020000688001002802D4F9
:1065D000FFE700BFF4E741F20401C4F202010868DA
:1065E00040F0020008604EF21401CEF2000141F6C4
:1065F0004010C0F2010008604EF21001CEF200011E
:10660000086840F0070008604FF0FF3001900F214C
:1066100000F042FB019800F027FB02B080BD0000B3
:1066200041F20002C4F20202106840F00100106062
:1066300041F20401C4F2020108680023CFF6FF030F
:106640001840086010684FF6FF73CFF6F6631840E5
:106650001060106820F480201060086820F4FE00AC
:10666000086041F20801C4F202014FF41F00086003
:106670004EF60851CEF200014FF0006008607047FE
:1066800041F21801C4F20201086840F60502104305
:10669000086040F60402C4F20102106820F0030012
:1066A0001060106840F008001060106820F00400CE
:1066B000106040F60C01C4F20101086840F48070DB
:1066C0000860106820F030001060106840F0800012
:1066D0001060106820F040001060086840F40070FE
:1066E000086042F61841C4F2010108884FF6FC42E6
:1066F00010400880088840F2011210430880088882
:106700004FF2F0021043088042F60841C4F2010142
:10671000088820F007000880088840F003000880FF
:1067200042F62C41C4F201014FF6FF70088042F698
:106730000041C4F20101088840F001000880704760
:1067400080B584B040F61000C4F200000088C00795
:10675000002800F0A380FFE740F61001C4F200011A
:10676000088820F00100088041F22050C2F20000A9
:106770000078E8B1FFE741F22051C2F200010020A9
:10678000087041F22150C2F2000001786A460120EF
:10679000106040F20420C2F2000041F28042C2F2D6
:1067A000000241F22453C2F2000300F0CBFAFFE7EB
:1067B00040F2F050C2F20000008880282EDBFFE794
:1067C00040F69550C2F200000078C00730B3FFE7F2
:1067D00040F20420C2F2000040F6D051C2F20001A3
:1067E00041F2B472C2F200028023039300F0CCFAAB
:1067F000039B40F68850C2F2000041F2D011C2F271
:10680000000141F2B452C2F2000202F033F940F644
:106810009551C2F20001002008703EE040F2F050B5
:10682000C2F2000000887F2836DCFFE740F6955072
:10683000C2F200000078C00770BBFFE740F6D050FE
:10684000C2F2000000F5007141F2B470C2F2000023
:1068500000F5007240F20420C2F20000802302938F
:1068600000F092FA029B41F2D010C2F2000000F553
:10687000807141F2B450C2F2000000F5807240F61F
:106880008850C2F2000002F0F5F840F69551C2F2CD
:10689000000101200870FFE7FFE7FFE704B080BDBB
:1068A00080B582B041F21C01C4F20201086840F0D8
:1068B0000400086040F62801C4F2000141F27F4064
:1068C000088040F62C01C4F200017F20088040F6C9
:1068D0000C01C4F20001088840F0010008801E206D
:1068E0000190012100F0D8F9019800F0BDF902B043
:1068F00080BD000080B58CB000200B900A904FF254
:106900000041C0F6000109914FF20001C0F60001FC
:10691000089142F20C02C4F20202116841F0340103
:1069200011600790FFE70798012839DCFFE7079916
:1069300008A850F8211001F580610691079950F8D8
:1069400021000590FFE705987C300699884222D8FF
:10695000FFE7059804900498006845F65301C5F2D6
:106960005241884212D1FFE70498008902280DD1D4
:10697000FFE7049840680A99884206D9FFE704981F
:1069800040680A9004980B90FFE7FFE7FFE705983F
:106990007C300590D7E7FFE7079801300790C2E702
:1069A0000B9878B1FFE70B9940F21810C2F2000083
:1069B0007C22F9F7B4FC0B9841F2D831C2F2000105
:1069C000086000E058E041F2D830C2F200000168EF
:1069D00040F2FF329143039100687C3002900298AC
:1069E0007C30039901F58061884242D9FFE7039921
:1069F0004FF20000C0F60000814204BF4FF2004099
:106A0000C0F600000190FCF739FA0198FCF7FAF99A
:106A1000019840F21811C2F20001FCF751FA28B3B4
:106A2000FFE7019800900098006845F65301C5F211
:106A30005241884219D1FFE700980089022814D1F9
:106A4000FFE70098406840F21811C2F2000149685F
:106A500088420AD1FFE70398FCF7D4F9009841F285
:106A6000D831C2F200010860FFE7FFE7FCF7FCF94C
:106A700002E0FCF7F9F9FFE70CB080BD80B584B007
:106A80000020039040F21811C2F2000145F65300B5
:106A9000C5F2524008600220088141F2D830C2F2AB
:106AA0000000006868B3FFE741F2D830C2F200008E
:106AB00001684968013140F21812C2F200025160C7
:106AC000016840F2FF329143029100687C300190EE
:106AD00001987C30029901F58061884203D8FFE774
:106AE000019803900CE002994FF20000C0F60000FC
:106AF000814204BF4FF20040C0F600000390FFE760
:106B00000BE040F21811C2F20001012048604FF280
:106B10000000C0F600000390FFE7039898B1FFE77C
:106B2000FCF7ACF9039840F21811C2F20001FCF72F
:106B3000C7F938B1FFE7039841F2D831C2F200013A
:106B40000860FFE7FFE704B080BD000040F6144195
:106B5000C4F20101086840F40060086040F610418A
:106B6000C4F20101086840F48060086042F2084104
:106B7000C4F2010108684FF6FD72CFF6BF721040F3
:106B800008600822C4F20202106820F001001060C0
:106B900042F23443C4F201030420186042F6340385
:106BA000C4F20103072018600C23C4F20203102072
:106BB00018600423C4F202030120186040F2184355
:106BC000C4F20003188820F070001880188840F084
:106BD0006800188040F24040C4F20000008840F293
:106BE0003443C4F20003188040F22043C4F200038F
:106BF000188820F480501880188840F00100188010
:106C0000106840F001001060086840F00200086061
:106C100040F2F452C2F200020020108040F2F05222
:106C2000C2F20002108040F2F252C2F20002108062
:106C300040F69452C2F20002107040F69552C2F231
:106C40000002107042F2F612C2F2000210700868E0
:106C500040F48000086040F60001C4F2000108889A
:106C600040F001000880704781B08DF803009DF965
:106C7000030000280ED4FFE79DF9031001F01F0266
:106C8000012090404A094EF20011CEF2000141F875
:106C90002200FFE701B0704782B08DF80700009135
:106CA0009DF9070000280AD4FFE7009800019DF92C
:106CB00007104EF20042CEF2000288540BE000981A
:106CC00000019DF8071001F00F014EF61452CEF2AC
:106CD00000028854FFE702B07047000084B00390C0
:106CE00045F6EF00ADF80A0000200190FFE701989B
:106CF000FF2825DCFFE7019941F6F470C2F200009D
:106D000030F9111042F21072514300910399019A27
:106D100031F91210BDF80A20009B01FB02310091ED
:106D20000099C90B019A20F81210019A30F812004C
:106D3000039921F81200FFE7019801300190D6E78E
:106D400004B0704780B586B084460898CDF814C06A
:106D50008DF81310039202938DF807009DF813002D
:106D6000059908609DF8070005990873039805992F
:106D7000886002989DF813100901F9F724FB029826
:106D80000599486006B080BD98B01790169115928D
:106D900014931698139015981290179840681190B4
:106DA0001798806810901798007B01300390039823
:106DB000C0F120000290179800680090FFE710983B
:106DC000011D109100680D901098011D1091006830
:106DD0000C901098011D109100680B901098011DE7
:106DE000109100680A901098011D10910068099098
:106DF0001198006808901198406807901198806871
:106E000006901198C068059014980190FFE70198CA
:106E1000002843D0FFE71398011D139100680490E8
:106E20000D9A049B0C98089980FB0101C2FB030199
:106E30000B9A079BC2FB03010A9A069BC2FB030144
:106E4000099A059BC2FB03010F910E900E980F9AB1
:106E50000299C840C1F1200302FA03F31843A1F1DB
:106E6000200342FA03FC002B58BF604642FA01F1AE
:106E7000002B58BFD1170F910E900E9812990A1D32
:106E80001292086008980790049808900698059058
:106E90000E980690019801380190B8E7089811996A
:106EA0000A1D11920860079811990A1D1192086035
:106EB000069811990A1D11920860059811990A1DEA
:106EC0001192086015981390159812900098013847
:106ED0000090FFE7009800287FF471AFFFE718B03B
:106EE0007047000086B00590ADF8121003920020A4
:106EF0000090FFE70098BDF81210884245D2FFE7E6
:106F00000398009930F811008008ADF80A00039842
:106F1000009900EB410040888008ADF80800059812
:106F2000BDF80A1030F81100ADF806000599BDF85B
:106F3000080031F81000BDF80A2021F81200BDF851
:106F400006000599BDF8082021F812000598BDF843
:106F50000A1000EB41004088ADF806000599BDF825
:106F6000080001EB40004088BDF80A2001EB420117
:106F70004880BDF806000599BDF8082001EB4201E4
:106F80004880009802300090B4E706B070470000D7
:106F900082B0019000208DF80300019A4FF48071B7
:106FA0001180019948604DF60410C0F600008189F7
:106FB000019A91818168019A9160406801994860C5
:106FC0009DF9030002B0704780B586B0059004912A
:106FD0008DF80F208DF80E300598008802909DF8EE
:106FE0000F0001283AD1FFE702980190102825D020
:106FF000FFE70198202829D0FFE7019840281DD0FD
:10700000FFE70198802821D0FFE70198B0F5807F45
:1070100014D0FFE70198B0F5007F17D0FFE7019883
:10702000B0F5806F0AD0FFE70198B0F5006F0DD082
:10703000FFE70198B0F5805F0FD1FFE70498029950
:10704000059A5268012300F0EFFA06E004980299CD
:10705000059A526800F04AF8FFE739E0029800907C
:10706000102825D0FFE70098202829D0FFE70098B6
:1070700040281DD0FFE70098802821D0FFE7009826
:10708000B0F5807F14D0FFE70098B0F5007F17D0EF
:10709000FFE70098B0F5806F0AD0FFE70098B0F5E1
:1070A000006F0DD0FFE70098B0F5805F0FD1FFE7CC
:1070B00004980299059A5268012300F075FF06E0D2
:1070C00004980299059A526800F0FEF8FFE7FFE77E
:1070D0009DF80E0038B1FFE70498059A91899268EF
:1070E000FFF700FFFFE706B080BD000080B58CB061
:1070F0000B900A9109920A98400807900020089086
:10710000FFE708980799884272D2FFE70998089923
:1071100030F82100ADF80A000998089900EB8100C9
:107120004088ADF8080008980799084404900B9926
:10713000089831F920004008049A31F92210A0EB98
:107140005100ADF80E000B99089A31F92200400861
:10715000049B31F9233000EB5300400821F8220052
:107160000B99089801EB8000B0F902004008049ADE
:1071700001EB8201B1F90210A0EB5100ADF80C0057
:107180000B99049801EB8000B0F902004008089ABE
:1071900001EB8201B1F9022000EB52004008488067
:1071A000BDF90E00BDF90A104843000CBDF90C10E2
:1071B000BDF908205143A0EB11400B99049A21F826
:1071C0002200BDF90C00BDF90A104843000CBDF9BE
:1071D0000E10BDF90820514300EB11400B99049AA1
:1071E00001EB82014880FFE708980130089088E7AA
:1071F0000B980799099A0223019300F015FA019B55
:107200000B980A9900EB41000799099A00F00CFAD3
:107210000A984008079000200890FFE7089807990F
:1072200088424FD2FFE70B98089930F83100ADF84B
:107230001A000B98089900EBC1004088ADF81800BF
:107240000B98089900EBC1008088ADF816000B98E8
:10725000089900EBC100C088ADF81400BDF81A0011
:107260004000ADF81A00BDF818004000ADF8180055
:10727000BDF816004000ADF81600BDF8140040003F
:10728000ADF81400BDF81A000B99089A21F83200E5
:10729000BDF818000B99089A01EBC2014880BDF8AF
:1072A00016000B99089A01EBC2018880BDF8140002
:1072B0000B99089A01EBC201C880FFE708980130DA
:1072C0000890ABE70CB080BD80B58CB00B900A91F4
:1072D00009920A984008079000200890FFE7089854
:1072E0000799884272D2FFE70998089930F821007F
:1072F000ADF80A000998089900EB81004088ADF8C4
:10730000080008980799084404900B99089831F9E7
:1073100020004008049A31F92210A0EB5100ADF88A
:107320000E000B99089A31F922004008049B31F9AC
:10733000233000EB5300400821F822000B990898F5
:1073400001EB8000B0F902004008049A01EB8201D1
:10735000B1F90210A0EB5100ADF80C000B990498A4
:1073600001EB8000B0F902004008089A01EB8201AD
:10737000B1F9022000EB520040084880BDF90E0030
:10738000BDF90A104843000CBDF90C10BDF90820E6
:10739000514300EB11400B99049A21F82200BDF9EA
:1073A0000C00BDF90A104843000CBDF90E10BDF9E0
:1073B00008205143A0EB11400B99049A01EB820184
:1073C0004880FFE708980130089088E70B980799F4
:1073D000099A0223019300F0E7FD019B0B980A999B
:1073E00000EB41000799099A00F0DEFD0A98400879
:1073F000079000200890FFE70898079988424FD22D
:10740000FFE70B98089930F83100ADF81A000B9897
:10741000089900EBC1004088ADF818000B98089956
:1074200000EBC1008088ADF816000B98089900EBBE
:10743000C100C088ADF81400BDF81A004000ADF8D6
:107440001A00BDF818004000ADF81800BDF816008D
:107450004000ADF81600BDF814004000ADF814006F
:10746000BDF81A000B99089A21F83200BDF81800EF
:107470000B99089A01EBC2014880BDF816000B99E0
:10748000089A01EBC2018880BDF814000B99089A94
:1074900001EBC201C880FFE7089801300890ABE714
:1074A0000CB080BD80B590B00F900F984FF683114F
:1074B000C3F6226103F0B2FA4FF07A5103F06AF892
:1074C0000C900C9803F0FAF908900C98002103F046
:1074D000DEF820B9FFE7089801380890FFE70C981C
:1074E0000690089803F006FA0146069803F09CFB04
:1074F0000C900C984FF0884103F090FA0790079891
:1075000003F0DCF9ADF82E00BDF82E00B0F5007FD9
:107510000ADBFFE70020ADF82E0007984FF044414A
:1075200003F038F80790FFE707980190BDF82E00A8
:1075300003F0F8F90146019803F076FB0D90BDF8D1
:107540002E104DF61450C0F6000050F821100A918C
:10755000BDF82E1000EB8100406809900D99029152
:107560004FF07E5003F060FB0146029804910A99A7
:107570000391099903F052FA03990246049805927F
:1075800003F04CFA059903F005F80E900E9810B030
:1075900080BD000080B586B0DDF820C00590ADF854
:1075A000121003920293BDF8120005990880039807
:1075B000059988600298BDF8122008990A446FF076
:1075C000010101EB4201F8F7DCFE029805994860E1
:1075D00000208DF807009DF9070006B080BD00006F
:1075E00080B586B0059004910392059801900398A8
:1075F0000290FFE70298A0B1FFE70198011D0191F9
:1076000000684FF08E4103F009FA03F057F900F3D8
:107610000F0004998A1C0492088002980138029095
:10762000E8E706B080BD000095B014901391129267
:10763000119313980790079808900798800807906F
:1076400000200690059007980190FFE7059807999C
:1076500008440490049807990844039003980799F4
:10766000084402901498059930F921008008ADF87B
:107670003A001498059900EB8100B0F902008008E7
:10768000ADF838001498039930F921008008ADF85E
:107690003E001498039900EB8100B0F902008008C5
:1076A000ADF83C00BDF93A00BDF93E10084400F3C6
:1076B0000F00ADF84200BDF93800BDF93C10084498
:1076C00000F30F00ADF84000BDF93A00BDF93E10DF
:1076D000401A00F30F00ADF83E00BDF93800BDF9C7
:1076E0003C10401A00F30F00ADF83C0014980499C8
:1076F00030F921008008ADF83A001498049900EBA5
:107700008100B0F902008008ADF8380014980299A1
:1077100030F921008008ADF836001498029900EB8A
:107720008100B0F902008008ADF83400BDF93A00DC
:10773000BDF93610084400F30F00ADF83A00BDF96A
:107740003800BDF93410084400F30F00ADF83800DC
:10775000BDF942004008BDF93A1000EB5100149900
:10776000059A21F82200BDF940004008BDF9381003
:1077700000EB51001499059A01EB82014880BDF994
:107780004200BDF93A10401A00F30F00ADF8420074
:10779000BDF94000BDF93810401A00F30F00ADF8F4
:1077A00040001298069930F83100ADF82E0012987A
:1077B000069900EBC1004088ADF82C00BDF92E0001
:1077C000BDF9421000FB01F2BDF92C00BDF94010DB
:1077D00000FB1120000CADF82600BDF92C00BDF90E
:1077E0004210BDF92E20BDF940305A4300FB012064
:1077F000000CADF824001498049930F92100800899
:10780000ADF83A001498049900EB8100B0F9020039
:107810008008ADF83800BDF826001499049A21F8C4
:107820002200BDF824001499049A01EB82014880DB
:107830001498029930F921008008ADF836001498A8
:10784000029900EB8100B0F902008008ADF8340025
:10785000BDF93A00BDF93610401A00F30F00ADF83B
:107860003A00BDF93800BDF93410401A00F30F009A
:10787000ADF83800BDF93E00BDF93810084400F3FA
:107880000F00ADF84200BDF93C00BDF93A10401AB6
:1078900000F30F00ADF84000BDF93E00BDF938100F
:1078A000401A00F30F00ADF83E00BDF93C00BDF9F1
:1078B0003A10084400F30F00ADF83C001298069906
:1078C00030F82100ADF832001298069900EB8100E3
:1078D0004088ADF83000BDF93200BDF93E1000FB24
:1078E00001F2BDF93000BDF93C1000FB1120000C85
:1078F000ADF82600BDF93000BDF93E10BDF93220CB
:10790000BDF93C305A4300FB0120000CADF82400C7
:10791000BDF826001499039A21F82200BDF824002E
:107920001499039A01EB820148801298069901EBA1
:10793000410130F82100ADF82A001298069901EBB8
:10794000410100EB81004088ADF82800BDF92A0014
:10795000BDF9421000FB01F2BDF92800BDF940104D
:1079600000FB1120000CADF82600BDF92800BDF980
:107970004210BDF92A20BDF940305A4300FB0120D6
:10798000000CADF82400BDF826001499029A21F8E5
:107990002200BDF824001499029A01EB820148806C
:1079A0000698119908440690059801300590FFE764
:1079B00001980138019000287FF448AEFFE7119844
:1079C00080001190139880080090FFE70098052828
:1079D000C0F0CB81FFE707980890079880080790D0
:1079E000002006900190FFE701980799013988422D
:1079F00000F2B381FFE71298069930F82100ADF844
:107A000032001298069900EB81004088ADF83000F2
:107A10001298069930F83100ADF82E0012980699A8
:107A200000EBC1004088ADF82C001298069901EBDC
:107A3000410130F82100ADF82A001298069901EBB7
:107A4000410100EB81004088ADF8280006981199AB
:107A50000844069001980590FFE70598139988421D
:107A600080F07681FFE70598079908440490049810
:107A700007990844039003980799084402901498C2
:107A8000059930F82100ADF83A001498059900EBFB
:107A900081004088ADF838001498039930F821002F
:107AA000ADF83E001498039900EB81004088ADF8D2
:107AB0003C00BDF93A00BDF93E10084400F30F0048
:107AC000ADF84200BDF93800BDF93C10084400F3A0
:107AD0000F00ADF84000BDF93A00BDF93E10401A64
:107AE00000F30F00ADF83E00BDF93800BDF93C10C1
:107AF000401A00F30F00ADF83C001498049930F8D8
:107B00002100ADF83A001498049900EB81004088F8
:107B1000ADF838001498029930F82100ADF836001D
:107B20001498029900EB81004088ADF83400BDF94B
:107B30003A00BDF93610084400F30F00ADF83A00E2
:107B4000BDF93800BDF93410084400F30F00ADF85A
:107B50003800BDF942004008BDF93A1000EB510071
:107B600040081499059A21F82200BDF94000400808
:107B7000BDF9381000EB510040081499059A01EB4B
:107B800082014880BDF942004008BDF93A10A0EBDF
:107B90005100ADF84200BDF940004008BDF9381071
:107BA000A0EB5100ADF84000BDF92E00BDF9421028
:107BB00000FB01F2BDF92C00BDF9401000FB1120C3
:107BC000000CADF82600BDF92C00BDF94210BDF93E
:107BD0002E20BDF940305A4300FB0120000CADF8C7
:107BE00024001498049930F82100ADF83A00149854
:107BF000049900EB81004088ADF83800BDF82600FC
:107C00001499049A21F82200BDF824001499049ACA
:107C100001EB820148801498029930F82100ADF8F8
:107C200036001498029900EB81004088ADF83400CA
:107C3000BDF93A00BDF93610401A00F30F00ADF857
:107C40003A00BDF93800BDF93410401A00F30F00B6
:107C5000ADF83800BDF93E004008BDF9381000EB22
:107C60005100ADF84200BDF93C004008BDF93A10A2
:107C7000A0EB5100ADF84000BDF93E004008BDF951
:107C80003810A0EB5100ADF83E00BDF93C004008B3
:107C9000BDF93A1000EB5100ADF83C00BDF93200DF
:107CA000BDF93E1000FB01F2BDF93000BDF93C10FA
:107CB00000FB1120000CADF82600BDF93000BDF925
:107CC0003E10BDF93220BDF93C305A4300FB012083
:107CD000000CADF82400BDF826001499039A21F891
:107CE0002200BDF824001499039A01EB8201488018
:107CF000BDF92A00BDF9421000FB01F2BDF92800D0
:107D0000BDF9401000FB1120000CADF82600BDF9B4
:107D10002800BDF94210BDF92A20BDF940305A4370
:107D200000FB0120000CADF82400BDF826001499DA
:107D3000029A21F82200BDF824001499029A01EB5E
:107D400082014880FFE7089905980844059084E679
:107D5000FFE701980130019046E6119880001190EC
:107D6000FFE700988008009030E607980890079891
:107D70008008079000200590FFE705981399089A5E
:107D8000891A884200F20D81FFE705980799084497
:107D900004900498079908440390039807990844AD
:107DA00002901498059930F82100ADF83A00149823
:107DB000059900EB81004088ADF8380014980399CC
:107DC00030F82100ADF83E001498039900EB8100D3
:107DD0004088ADF83C00BDF93A00BDF93E100844BA
:107DE00000F30F00ADF84200BDF93800BDF93C10BA
:107DF000084400F30F00ADF84000BDF93A00BDF9AA
:107E00003E10401A00F30F00ADF83E00BDF93800F7
:107E1000BDF93C10401A00F30F00ADF83C00149877
:107E2000049930F82100ADF83A001498049900EB59
:107E300081004088ADF838001498029930F821008C
:107E4000ADF836001498029900EB81004088ADF837
:107E50003400BDF93A00BDF93610084400F30F00B4
:107E6000ADF83A00BDF93800BDF93410084400F30C
:107E70000F00ADF83800BDF942004008BDF93A10D6
:107E800000EB51001499059A21F82200BDF9400039
:107E90004008BDF9381000EB51001499059A01EB28
:107EA00082014880BDF942004008BDF93A10A0EBBC
:107EB0005100ADF84200BDF940004008BDF938104E
:107EC000A0EB5100ADF840001498049930F821005F
:107ED000ADF83A001498049900EB81004088ADF8A1
:107EE0003800BDF842001499049A21F82200BDF828
:107EF00040001499049A01EB820148801498029979
:107F000030F82100ADF836001498029900EB81009A
:107F10004088ADF83400BDF93A00BDF93610401A7A
:107F200000F30F00ADF83A00BDF93800BDF9341088
:107F3000401A00F30F00ADF83800BDF93E004008CC
:107F4000BDF93810A0EB51001499039A21F82200D2
:107F5000BDF93C004008BDF93A1000EB51001499FE
:107F6000039A01EB82014880BDF93E004008BDF94B
:107F7000381000EB51001499029A21F82200BDF943
:107F80003C004008BDF93A10A0EB51001499029A48
:107F900001EB82014880FFE70899059808440590A5
:107FA000EBE615B07047000095B014901391129253
:107FB00011931398079007980890079880080790E6
:107FC00000200690059007980190FFE70598079913
:107FD000084404900498079908440390039807996B
:107FE000084402901498059930F921008008ADF8F2
:107FF0003A001498059900EB8100B0F9020080085E
:10800000ADF838001498039930F921008008ADF8D4
:108010003E001498039900EB8100B0F9020080083B
:10802000ADF83C00BDF93A00BDF93E10084400F33C
:108030000F00ADF84200BDF93800BDF93C1008440E
:1080400000F30F00ADF84000BDF93A00BDF93E1055
:10805000401A00F30F00ADF83E00BDF93800BDF93D
:108060003C10401A00F30F00ADF83C00149804993E
:1080700030F921008008ADF83A001498049900EB1B
:108080008100B0F902008008ADF838001498029918
:1080900030F921008008ADF836001498029900EB01
:1080A0008100B0F902008008ADF83400BDF93A0053
:1080B000BDF93610084400F30F00ADF83A00BDF9E1
:1080C0003800BDF93410084400F30F00ADF8380053
:1080D000BDF942004008BDF93A1000EB5100149977
:1080E000059A21F82200BDF940004008BDF938107A
:1080F00000EB51001499059A01EB82014880BDF90B
:108100004200BDF93A10401A00F30F00ADF84200EA
:10811000BDF94000BDF93810401A00F30F00ADF86A
:1081200040001298069930F83100ADF82E001298F0
:10813000069900EBC1004088ADF82C00BDF92E0077
:10814000BDF94210BDF92C20BDF940305A4300FB67
:108150000120000CADF82600BDF92C004042BDF90D
:108160004210BDF92E20BDF940305A4300FB0120DA
:10817000000CADF824001498049930F9210080080F
:10818000ADF83A001498049900EB8100B0F90200B0
:108190008008ADF83800BDF826001499049A21F83B
:1081A0002200BDF824001499049A01EB8201488052
:1081B0001498029930F921008008ADF8360014981F
:1081C000029900EB8100B0F902008008ADF834009C
:1081D000BDF93A00BDF93610401A00F30F00ADF8B2
:1081E0003A00BDF93800BDF93410401A00F30F0011
:1081F000ADF83800BDF93E00BDF93810401A00F363
:108200000F00ADF84200BDF93C00BDF93A1008443A
:1082100000F30F00ADF84000BDF93E00BDF9381085
:10822000084400F30F00ADF83E00BDF93C00BDF975
:108230003A10401A00F30F00ADF83C00129806996E
:1082400030F82100ADF832001298069900EB810059
:108250004088ADF83000BDF93000BDF93C10BDF9E3
:108260003220BDF93E305A4300FB0120000CADF82E
:108270002600BDF930004042BDF93E10BDF9322064
:10828000BDF93C305A4300FB0120000CADF824003E
:10829000BDF826001499039A21F82200BDF82400A5
:1082A0001499039A01EB820148801298069901EB18
:1082B000410130F82100ADF82A001298069901EB2F
:1082C000410100EB81004088ADF82800BDF928008D
:1082D000BDF94010BDF92A20BDF942305A4300FBD8
:1082E0000120000CADF82600BDF928004042BDF980
:1082F0004210BDF92A20BDF940305A4300FB01204D
:10830000000CADF82400BDF826001499029A21F85B
:108310002200BDF824001499029A01EB82014880E2
:108320000698119908440690059801300590FFE7DA
:1083300001980138019000287FF448AEFFE71198BA
:1083400080001190139880080090FFE7009805289E
:10835000C0F0D381FFE7079808900798800807903E
:10836000002006900190FFE70198079901398842A3
:1083700000F2BB81FFE71298069930F82100ADF8B2
:1083800032001298069900EB81004088ADF8300069
:108390001298069930F83100ADF82E00129806991F
:1083A00000EBC1004088ADF82C001298069901EB53
:1083B000410130F82100ADF82A001298069901EB2E
:1083C000410100EB81004088ADF828000698119922
:1083D0000844069001980590FFE705981399884294
:1083E00080F07E81FFE7059807990844049004987F
:1083F0000799084403900398079908440290149839
:10840000059930F82100ADF83A001498059900EB71
:1084100081004088ADF838001498039930F82100A5
:10842000ADF83E001498039900EB81004088ADF848
:108430003C00BDF93A00BDF93E10084400F30F00BE
:10844000ADF84200BDF93800BDF93C10084400F316
:108450000F00ADF84000BDF93A00BDF93E10401ADA
:1084600000F30F00ADF83E00BDF93800BDF93C1037
:10847000401A00F30F00ADF83C001498049930F84E
:108480002100ADF83A001498049900EB810040886F
:10849000ADF838001498029930F82100ADF8360094
:1084A0001498029900EB81004088ADF83400BDF9C2
:1084B0003A00BDF93610084400F30F00ADF83A0059
:1084C000BDF93800BDF93410084400F30F00ADF8D1
:1084D0003800BDF942004008BDF93A1000EB5100E8
:1084E0004008ADF82600BDF940004008BDF938103D
:1084F00000EB51004008ADF82400BDF826001499A7
:10850000059A21F82200BDF824001499059A01EB80
:1085100082014880BDF942004008BDF93A10A0EB45
:108520005100ADF84200BDF940004008BDF93810D7
:10853000A0EB5100ADF84000BDF92E00BDF942108E
:10854000BDF92C20BDF940305A4300FB0120000C3E
:10855000ADF82600BDF92C004042BDF94210BDF92E
:108560002E20BDF940305A4300FB0120000CADF82D
:1085700024001498049930F82100ADF83A001498BA
:10858000049900EB81004088ADF83800BDF8260062
:108590001499049A21F82200BDF824001499049A31
:1085A00001EB820148801498029930F82100ADF85F
:1085B00036001498029900EB81004088ADF8340031
:1085C000BDF93A00BDF93610401A00F30F00ADF8BE
:1085D0003A00BDF93800BDF93410401A00F30F001D
:1085E000ADF83800BDF93E004008BDF93810A0EBE9
:1085F0005100ADF84200BDF93C004008BDF93A1009
:1086000000EB5100ADF84000BDF93E004008BDF957
:10861000381000EB5100ADF83E00BDF93C004008B9
:10862000BDF93A10A0EB5100ADF83C00BDF93200A5
:10863000BDF93E10BDF93020BDF93C305A4300FB76
:108640000120000CADF82600BDF930004042BDF914
:108650003E10BDF93220BDF93C305A4300FB0120E9
:10866000000CADF82400BDF826001499039A21F8F7
:108670002200BDF824001499039A01EB820148807E
:10868000BDF92800BDF94010BDF92A20BDF94230DE
:108690005A4300FB0120000CADF82600BDF928006C
:1086A0004042BDF94210BDF92A20BDF940305A437D
:1086B00000FB0120000CADF82400BDF82600149941
:1086C000029A21F82200BDF824001499029A01EBC5
:1086D00082014880FFE708990598084405907CE6E8
:1086E000FFE70198013001903EE61198800011905B
:1086F000FFE700988008009028E607980890079800
:108700008008079000200590FFE705981399089AC4
:10871000891A884200F20D81FFE7059807990844FD
:108720000490049807990844039003980799084413
:1087300002901498059930F82100ADF83A00149889
:10874000059900EB81004088ADF838001498039932
:1087500030F82100ADF83E001498039900EB810039
:108760004088ADF83C00BDF93A00BDF93E10084420
:1087700000F30F00ADF84200BDF93800BDF93C1020
:10878000084400F30F00ADF84000BDF93A00BDF910
:108790003E10401A00F30F00ADF83E00BDF938005E
:1087A000BDF93C10401A00F30F00ADF83C001498DE
:1087B000049930F82100ADF83A001498049900EBC0
:1087C00081004088ADF838001498029930F82100F3
:1087D000ADF836001498029900EB81004088ADF89E
:1087E0003400BDF93A00BDF93610084400F30F001B
:1087F000ADF83A00BDF93800BDF93410084400F373
:108800000F00ADF83800BDF942004008BDF93A103C
:1088100000EB51001499059A21F82200BDF940009F
:108820004008BDF9381000EB51001499059A01EB8E
:1088300082014880BDF942004008BDF93A10A0EB22
:108840005100ADF84200BDF940004008BDF93810B4
:10885000A0EB5100ADF840001498049930F82100C5
:10886000ADF83A001498049900EB81004088ADF807
:108870003800BDF842001499049A21F82200BDF88E
:1088800040001499049A01EB8201488014980299DF
:1088900030F82100ADF836001498029900EB810001
:1088A0004088ADF83400BDF93A00BDF93610401AE1
:1088B00000F30F00ADF83A00BDF93800BDF93410EF
:1088C000401A00F30F00ADF83800BDF93E00400833
:1088D000BDF9381000EB51001499039A21F82200D9
:1088E000BDF93C004008BDF93A10A0EB51001499C5
:1088F000039A01EB82014880BDF93E004008BDF9B2
:108900003810A0EB51001499029A21F82200BDF909
:108910003C004008BDF93A1000EB51001499029A4E
:1089200001EB82014880FFE708990598084405900B
:10893000EBE615B07047000080B588B03F20ADF879
:1089400016000120ADF81400FFE7BDF91400BDF9D1
:108950001610884270DCFFE7BDF9140000EBD071FF
:1089600021F00101401A88B1FFE7BDF9140001F0C0
:10897000C1FF40F6DB71C4F2490102F04FF8014635
:108980004FF0804001F0A4FE079002E00020079025
:10899000FFE7BDF81600BDF814100844ADF812004A
:1089A000BDF81600BDF81410401AADF81000BDF95E
:1089B000120001F09FFF40F6DB71C4F2C90102F022
:1089C0002DF80021C4F2FC2101F082FEFEF76AFDC1
:1089D00045F61441CBF6EC6102F020F84DF2F611A9
:1089E000C3F6097101F0D6FD06900798069902F0CA
:1089F00015F80390039880F000400290BDF9121022
:108A000040F20860C2F20000009000EB410103A8B0
:108A100001220192FEF7E4FD0098019ABDF91010C1
:108A200000EB410102A8FEF7DBFDFFE7BDF81400F3
:108A30000130ADF8140088E7BDF9162040F2086156
:108A4000C2F20001002021F8120008B080BD000031
:108A500082B00190019800EBC000C0008008009037
:108A6000FFE70098411E009108B1FFE7F9E702B067
:108A70007047000080B58EB00D900C910B920A9358
:108A80000D98406809900D98806808900D980088AE
:108A900007900798400806900998079900EB410055
:108AA00002380C990A9A5200F7F7B2FB0998059020
:108AB00000200490FFE704980A9988423AD2FFE721
:108AC000002003900599079A01EB420102390291B7
:108AD000059901910090FFE70098069988421AD203
:108AE000FFE70298B0F900000199B1F90010401AAF
:108AF0000899009A31F91210039A00FB01200390A3
:108B0000029804380290019804300190FFE7009821
:108B100002300090E0E7039820F3CF300B998A1CD5
:108B20000B920880059802300590FFE70498013009
:108B30000490C0E709980A9900EB4101079B6FF088
:108B4000010202EB4302F7F7A8FB0EB080BD000064
:108B500085B00490039100200290FFE70298092855
:108B600009DCFFE70399029A30208854FFE7029856
:108B700001300290F2E703992E20887003998871E2
:108B800003990020887209200190049808B9FFE732
:108B900038E0FFE704990020009041B1FFE7019918
:108BA0000020B1F1FF3FC8BF01200090FFE700980F
:108BB000C00738B3FFE70198062804D0FFE7019803
:108BC000022804D1FFE7019801380190FFE70498DB
:108BD0004CF6CD41CCF6CC41A0FB0132D20802EBE1
:108BE0008202A0EB420040F03000039A019BA3F107
:108BF000010CCDF804C0D0540498A0FB0110C008AB
:108C00000490C7E705B0704788B007900691002030
:108C10000590FFE70598072809DCFFE70699059A04
:108C200020208854FFE7059801300590F2E7069967
:108C30000020087207200490079820B9FFE70699E2
:108C40003020C87147E00798C00F0390039820B107
:108C5000FFE707984042019002E007980190FFE784
:108C600001980290FFE702990020009041B1FFE7D0
:108C700004990020B1F1FF3FC8BF01200090FFE739
:108C80000098C007D8B1FFE702984CF6CD41CCF66A
:108C9000CC41A0FB0132D20802EB8202A0EB4200E1
:108CA00040F03000069A049BA3F1010CCDF810C0EF
:108CB000D0540298A0FB0110C0080290D3E703989B
:108CC00048B1FFE70498002805D4FFE70699049A05
:108CD0002D208854FFE708B07047000080B596B09B
:108CE00000201590FDF738FCFAF74EF9FDF702FE6B
:108CF000FDF726FBFCF73EFEFCF772FEFDF7D0FD0C
:108D0000F7F712FCFAF740FB40F2FA00C2F200005B
:108D1000B0F9000000F0D0FA40F21810C2F20000E2
:108D200090F86F1000EB8100C068800000F0FCFA42
:108D3000FDF722FBF9F7E6FE40F2F850C2F2000020
:108D4000FEF726F942F60801C4F20101086840F472
:108D50008000086042F20841C4F20101086840F452
:108D60008000086040F60001C4F20001088840F06D
:108D700001000880FDF784FCFAF70EFAFBF786F98C
:108D80000120FBF71BFCFBF723FE41F6E870C2F263
:108D900000000078C007C0B9FFE740F22800C2F227
:108DA000000003684068694600228A604FF4FC6254
:108DB0004A6008604EF21852C0F600022E206C2164
:108DC000FBF736FDFCF7F2FE17E040F22800C2F296
:108DD000000003684068694600228A604FF4FC6224
:108DE0004A6008604EF21A52C0F600022E206C2132
:108DF000FBF71EFDFDF7AAFEFFE7FCF71FFEFFE7EE
:108E000040F69450C2F200000078C007002800F03D
:108E1000AF80FFE700201490FFE71498FF2825DCBF
:108E2000FFE714994DF61430C0F6000030F8110039
:108E3000ADF84E00149A40F20870C2F2000030F90A
:108E40002210BDF94E305943C90B20F82210149955
:108E500000EB8101B1F90200BDF94E205043C00B77
:108E60004880FFE7149801301490D6E740F2F8509C
:108E7000C2F2000040F20871C2F2000100220B921F
:108E80000123FEF7A1F80B981290FFE71298FF2834
:108E900061DCFFE7129940F20870C2F2000030F97D
:108EA00021101191129900EB8100B0F9020010908D
:108EB0001198B0F1FF3F04DCFFE711984042119098
:108EC000FFE71098B0F1FF3F04DCFFE71098404245
:108ED0001090FFE711981099884203DDFFE7119881
:108EE0000A9002E010980A90FFE70A980F901198F4
:108EF0001099884203DDFFE71098099002E011986D
:108F00000990FFE709980E900F980E9901EB410127
:108F100000EBE1000D900D98129A4DF61411C0F679
:108F2000000131F81210484300120D900D98B0F571
:108F3000807F03DBFFE7FF200D90FFE70D98129A7B
:108F400041F6B431C2F2000121F81200FFE7129895
:108F5000013012909AE741F6B430C2F20000FAF7FD
:108F60002BFF40F69451C2F2000100200870B7E0D8
:108F700041F6EC70C2F200000890B0F90000FAF778
:108F800043FE08990020088041F2A450C2F200007C
:108F90000078C007002840F08C80FFE742F2F5100F
:108FA000C2F200000078F0B1FFE740F21810C2F200
:108FB000000090F87A000C900CA801210022642394
:108FC000FCF788FD70B1FFE70C9940F21810C2F26F
:108FD000000080F87A1090F87A2091209821FAF712
:108FE00085FBFFE764E040F21810C2F2000090F841
:108FF000700070BBFFE740F21811C2F2000191F857
:109000006F0001EB80000C30B1F8721000224CF2BE
:109010008033C0F2C913FCF75DFDC8B1FFE740F231
:109020001810C2F20000069090F86F100C300790F4
:1090300050F821204E206C21FAF7E2FA06990798A1
:1090400091F86F1050F82100800000F06DF9FFE7F3
:109050002DE040F21811C2F2000191F86F0001EB0F
:1090600080003030B1F8721000224CF28033C0F230
:10907000C913FCF72FFDC8B1FFE740F21810C2F288
:109080000000049090F86F103030059050F82120C7
:109090004E206C21FAF7B4FA0499059891F86F10F4
:1090A00050F82100800000F03FF9FFE7FFE7FFE7FD
:1090B00015E042F2F410C2F200000078C00768B177
:1090C000FFE740F60830C2F20000007840F60931B0
:1090D000C2F200010978FCF73DF8FFE7FFE7FFE780
:1090E0008EE6000080B590B00F900E910D920F9813
:1090F000B0F5FA5F04DAFFE74FF4FA500F900EE094
:109100000F9846F60101C0F68911884206DBFFE799
:1091100046F60000C0F689100F90FFE7FFE70D99B3
:10912000012008700F9844F23F21C0F20F018842DD
:1091300007DCFFE70F9880010F900D990620087457
:1091400003E00D9900200874FFE70F98029001F0EA
:109150000CF900224DF28473C4F2971300F07CFFE7
:109160000090019141F6F070C2F20000006801F039
:10917000FCF8024600980B46019901F00DF901F048
:10918000C5F801460298401A0F9047F64000C0F219
:109190007D100C900F984FF23F61C0F2D34188428E
:1091A00024DCFFE724200B9000200A900120099086
:1091B0004EF60011C3F2A451049104990F9A91FB49
:1091C000F2F108910F9900EB21500590049A0F9944
:1091D00092FBF1F000FB1120059990FBF1F0079054
:1091E0000F98059990FBF1F0069043E00F984DF22F
:1091F0008011C0F6F001884203DBFFE704200890ED
:109200000EE00F984EF20011C0F2F551884203DBD8
:10921000FFE70620089002E008200890FFE7FFE73C
:10922000002007900120069008980F99484303906A
:10923000039943F68930C5F2E65081FB0012D1153F
:1092400001EBD2710B9118210591039A82FB000169
:10925000C81500EBD17147F64000C0F27D1001FB4C
:109260001021059A91FBF2F10A91059990FBF1F01A
:109270000990FFE70B980E9908600A980E994860CC
:1092800009980E99886008980D99486007980D997B
:10929000886006980D99C86010B080BD80B582B016
:1092A0008DF807009DF8070080F0FF01032000F013
:1092B00009FA02B080BD000080B584B00390039825
:1092C00041F6F071C2F2000108600320FF2100F0B6
:1092D000F9F910208021019100F0F4F90199112091
:1092E00000F0F0F90199122000F0ECF90199132037
:1092F00000F0E8F90199142000F0E4F90199152033
:1093000000F0E0F90199162000F0DCF9019917202E
:1093100000F0D8F9C0208DF80B009DF80B10B72095
:1093200000F0D0F904B080BD80B584B00390042073
:109330008DF80B0000208DF80A00FFE79DF80A0069
:10934000042819DCFFE703999DF80A2040F2D800B1
:10935000C2F2000050F82200B0EB910F05D3FFE7F6
:109360009DF80A008DF80B0006E0FFE79DF80A0063
:1093700001308DF80A00E1E79DF80B0040F2101172
:10938000C2F200010978884266D0FFE79DF80B0021
:1093900001460191042857D80199DFE801F0031331
:1093A0002333440040F61001C4F201010420C0F24E
:1093B0000300086041F21001C4F201014FF0404087
:1093C000086041E040F61001C4F201010220C0F241
:1093D0000500086041F21001C4F201014FF0404065
:1093E000086031E040F61001C4F201010120C0F232
:1093F0000600086041F21001C4F201014FF0404044
:10940000086021E040F61001C4F201014FF4E020B1
:10941000086041F21001C4F2010148F20000C4F2F8
:109420000000086010E040F61001C4F201014FF4A2
:10943000E020086041F21001C4F2010144F2000092
:10944000C8F200000860FFE79DF80B0040F2101121
:10945000C2F200010870FFE70398022100F006F84D
:109460000120FFF71BFF04B080BD000080B58EB067
:109470000D908DF833100D9809A9019104AA03925B
:10948000FFF730FE01990020029000F0DFF802990A
:10949000039B9DF8332068460160084600F002F8FF
:1094A0000EB080BD10B590B0844612988DF83BC0C8
:1094B0008DF83A108DF839200D938DF833000D9802
:1094C00040680B900D9880680A900D98C0680990CC
:1094D00000208DF823009DF83B00032803DBFFE705
:1094E00001200F90AFE00D98007870B9FFE70B985E
:1094F000082807DBFFE70B98082806D1FFE70A9842
:1095000018B9FFE702200F909DE00B98042809D1BD
:10951000FFE70020079006900120059003208DF8BA
:10952000230016E00B990A98C001099A90FBF2F00B
:1095300000EBC110A0F5007007900A99C801099AC4
:1095400090FBF2F05043C0EBC110069009980590D3
:10955000FFE700208DF813008DF812008DF8110040
:109560009DF83B000146039140B1FFE703980128B5
:109570000ED0FFE70398022814D01DE02A208DF8B2
:109580001300A5208DF8120010208DF8110013E0B3
:1095900032208DF81300A6208DF8120011208DF8CE
:1095A000110009E03A208DF81300A7208DF8120071
:1095B00012208DF81100FFE79DF8390040F00C00F3
:1095C0008DF810009DF83A00012807D1FFE79DF8BB
:1095D000100040F020008DF81000FFE70D98007893
:1095E00070B1FFE70A9820B1FFE70B98042807D174
:1095F000FFE79DF8100040F040008DF81000FFE7F5
:109600009DF811009DF8101000F05CF89DF8130013
:109610000799069A059B9DF823C0DDF834E09EF873
:109620001040EE46CEF80440CEF800C000F064FAD8
:109630009DF812009DF8331001F07F0100F042F810
:1096400000200F90FFE70F9810B010BD80B58CB0D0
:109650008DF82F000A910A98006806900A984068D1
:1096600005900A988068049006990598C001049AAC
:1096700090FBF2F000EBC110A0F500700990059985
:10968000C801049A90FBF2F05043C0EBC11008905F
:10969000049807909DF82F102220002908BF1A2057
:1096A0008DF80F009DF80F000999089A079BEE4668
:1096B0004FF0000CCEF804C0CEF800C000F01CFA49
:1096C0000CB080BD80B59EB08DF876008DF8751019
:1096D0004FF4FA601C90FFE745F21840C4F2000016
:1096E0000088800700283BD5FFE71C9801381C90B4
:1096F000A8BBFFE740F22000C2F200001890036808
:1097000040686A4600211B9191604FF4FC6CCDF8D3
:1097100064C0C2F804C010604EF2ED52C0F6000200
:109720002E201A90FBF784F81899DDF864C01A9877
:10973000DDF86CE00B6849686A46C2F808E0C2F8D8
:1097400004C011604EF21A62C0F600021221FBF74B
:109750006FF8F9F7F5FD1B988DF87700C7E1BBE7C7
:1097600045F20041C4F20001088840F4807008808E
:109770004FF4FA601C90FFE745F21440C4F2000079
:109780000088C007D8BBFFE71C9801381C90A8BB15
:10979000FFE740F22000C2F2000014900368406826
:1097A0006A460021179191604FF4FC6CCDF854C0CB
:1097B000C2F804C010604EF2ED52C0F600022E2036
:1097C0001690FBF735F81499DDF854C01698DDF8BB
:1097D0005CE00B6849686A46C2F808E0C2F804C059
:1097E00011604EF20F62C0F600021221FBF720F862
:1097F000F9F7A6FD17988DF8770078E1BCE745F2F8
:109800001041C4F20001C02008804FF4FA601C909F
:10981000FFE745F21440C4F20000008840F2024124
:1098200008423BD1FFE71C9801381C90A8BBFFE71A
:1098300040F22000C2F200001090036840686A46BF
:109840000021139191604FF4FC6CCDF844C0C2F834
:1098500004C010604EF2ED52C0F600022E201290AD
:10986000FAF7E6FF1099DDF844C01298DDF84CE0F5
:109870000B6849686A46C2F808E0C2F804C0116083
:109880004EF22462C0F600021221FAF7D1FFF9F776
:1098900057FD13988DF8770029E1BAE745F2144097
:1098A000C4F2000000884005002843D5FFE745F2D8
:1098B0001441C4F20001088820F48060088045F259
:1098C0000041C4F20001088840F40070088040F2B2
:1098D0002000C2F200000C90036840686A46002134
:1098E0000F9191604FF4FC6CCDF834C0C2F804C005
:1098F00010604EF2ED52C0F600022E200E90FAF7E4
:1099000097FF0C99DDF834C00E98DDF83CE00B6849
:1099100049686A46C2F808E0C2F804C011604EF215
:10992000D952C0F600021221FAF782FF0F988DF883
:109930007700DCE045F21840C4F2000000889DF892
:10994000760045F21041C4F20001088044F6206020
:109950001C90FFE745F21440C4F2000000880006A6
:10996000002852D4FFE71C9801381C9048B1FFE74B
:1099700045F21440C4F2000000884005002843D599
:10998000FFE745F21441C4F20001088820F480602A
:10999000088045F20041C4F20001088840F40070DC
:1099A000088040F22000C2F200000890036840687E
:1099B0006A4600210B9191604FF4FC6CCDF824C0F5
:1099C000C2F804C010604EF2ED52C0F600022E2024
:1099D0000A90FAF72DFF0899DDF824C00A98DDF8FF
:1099E0002CE00B6849686A46C2F808E0C2F804C077
:1099F00011604EF20562C0F600021221FAF718FF5C
:109A00000B988DF8770072E0A4E79DF8750045F299
:109A10001041C4F20001088044F620601C90FFE76A
:109A200045F21440C4F2000000884007002852D4D8
:109A3000FFE71C9801381C9048B1FFE745F214403D
:109A4000C4F2000000884005002843D5FFE745F236
:109A50001441C4F20001088820F48060088045F2B7
:109A60000041C4F20001088840F40070088040F210
:109A70002000C2F200000490036840686A4600219A
:109A8000079191604FF4FC6CCDF814C0C2F804C08B
:109A900010604EF2ED52C0F600022E200690FAF74A
:109AA000C7FE0499DDF814C00698DDF81CE00B68C9
:109AB00049686A46C2F808E0C2F804C011604EF274
:109AC000FA52C0F600021221FAF7B2FE07988DF89A
:109AD00077000CE0A4E745F20041C4F200010888D9
:109AE00040F40070088001208DF87700FFE79DF8B2
:109AF00077001EB080BD000010B586B08C4686464B
:109B0000099808998DF817E0CDF810C003920293D8
:109B10008DF807108DF806009DF817009DF80910C4
:109B2000FFF7D0FD9DF8170001309DF80810C0B276
:109B3000FFF7C8FD9DF817000230BDF8121001F0C4
:109B400003019DF8072002F0030241EA82019DF81B
:109B5000062002F0070241EA0211C0B2FFF7B2FD8F
:109B60009DF8170003309DF81110C0B2FFF7AAFD51
:109B70009DF8170004309DF81010C0B2FFF7A2FD49
:109B80009DF817000530029AF02101EA1231BDF864
:109B90000E2002F00F021144C0B2FFF793FD9DF8B2
:109BA000170006309DF80D10C0B2FFF78BFD9DF831
:109BB000170007309DF80C10C0B2FFF783FD06B008
:109BC00010BD4100080218BF04200A0E18BF40F063
:109BD00001004FF07F4232EA010108BF40F002006D
:109BE000012808BF05207047012101F0C4B80021F9
:109BF000084600F06DBD6FF05E01080701F0BBB8CC
:109C00002DE9F04D0D4614464FF07F41B1EB440F66
:109C10009EBF4FF0FF312960BDE8F08D4FF000404E
:109C200040EA0421C4F3C750783810F01F024A4BB1
:109C30004FEA601CC2F120067B44C4F3C750A0F178
:109C400078004FEA601003EB800053F82C3008BF17
:109C5000D0E901C612D0D0F804C093402CFA06F720
:109C60003B4387680CFA02FC27FA06F8C06807FA3B
:109C700002F2F0404CEA080C42EA0006A3FB013273
:109C8000ACFB01C0A6FB016101EB0C068E4234BFA8
:109C90004FF0010C4FF0000CC1186144BCF1000FF3
:109CA00002D0814202D903E0814201D2012000E0CA
:109CB0000020104400F120024FEA92188006CA0CDE
:109CC00040EA42304F03C5F8008000F013FE8246A0
:109CD000384600F027FE6FF0120101F04CF80746FD
:109CE000304600F01FFE6FF0250101F044F8834676
:109CF0003946504600F04EFC594600F04BFC00F54A
:109D000000666FF30B065146304600F08DFF394672
:109D100000F08AFF594600F07DFF104900F07EFEFA
:109D200007460F49304600F079FE394600F032FC14
:109D300007460C49304600F071FE394600F02AFC17
:109D400014F0004F08BFBDE8F08DC8F1805180F0DD
:109D500000402960BDE8F08DB8110000DB0FC92F6D
:109D600022AAFD290000C92F2DE9F8430446024626
:109D70004F486946B0EB420F09D94FF0E640B0EBCF
:109D8000420F94BF00204FF0FF30009030E0494B6D
:109D900022F00040834271D94749204600F03EFE40
:109DA00000F008FF804600F089FD00F003000090FD
:109DB0004249404600F032FE05464149404600F027
:109DC0002DFE06463F49404600F028FE07463E4924
:109DD000404600F023FE214600F01CFF394600F00B
:109DE00023FF314600F020FF294600F01DFF044606
:109DF0002546009C002C45DB294614F0010F08463F
:109E00001CD000F00BFE0646304900F007FE30493A
:109E100000F0C0FB314600F001FE2E4900F0BAFB15
:109E2000314600F0FBFD294600F0F8FD294600F020
:109E3000B1FB14F0020F1CD0BDE8F88300F0EEFD7A
:109E40000546254900F0EAFD244900F0A3FB294618
:109E500000F0E4FD224900F09DFB294600F0DEFD04
:109E60004FF07E5100F096FB14F0020F08BFBDE8E2
:109E7000F88380F00040BDE8F883FFE71046FFF765
:109E8000BFFEB4E76800B0F17F4F3CBF4FF07E509B
:109E9000BDE8F88307D14FF00100F6F7C3FABDE83B
:109EA000F843FFF7A4BE2846BDE8F843FFF79CBE81
:109EB000B61F927E490E494683F9223F1A61342C1F
:109EC0000020A23300A0FD390000C93F336D4CB91A
:109ED000DA82083CA0AA2ABEB93AB2BACA9F2A3D81
:109EE000DDFFFFBE2DE9F843044602464C486946B3
:109EF000B0EB420F09D94FF0E640B0EB420F94BFF0
:109F000000204FF0FF30009030E0464B22F0004040
:109F1000834265D94449204600F080FD00F04AFEA6
:109F2000804600F0CBFC00F0030000903F49404623
:109F300000F074FD05463E49404600F06FFD0646C0
:109F40003C49404600F06AFD07463B49404600F068
:109F500065FD214600F05EFE394600F065FE3146A3
:109F600000F062FE294600F05FFE0446009D002DD1
:109F70003ADB2146084600F051FD06462F4900F025
:109F80004DFD2F4900F006FB314600F047FD2D49FD
:109F900000F000FB314600F041FD2B4900F0FAFAD9
:109FA000314600F03BFD294900F0F4FA314600F05B
:109FB00035FD274900F0EEFA314600F02FFD21462D
:109FC00000F02CFD214600F0E5FA15F0010F08BF66
:109FD000BDE8F8830146BDE8F8431E4800F078BBB1
:109FE0001046FFF70DFEC0E76000B0F17F4F09D2C9
:109FF0002046FFF7E6FD042808BFFFF7FCFD2046DA
:10A00000BDE8F88306D10120F6F70CFABDE8F84365
:10A01000FFF7EDBD2046BDE8F843FFF7E5BD0000C2
:10A02000B61F927E490E494683F9223F1A61342CAD
:10A030000020A23300A0FD390000C93FBCE9223C4A
:10A040000B6D063B8A76CE3CACB5593D35A1083E3A
:10A0500029AAAA3E000080BF2DE9C04130B4DFF834
:10A06000A4C23CEA111418BF3CEA131400F0ED80BE
:10A070001CEA111481EA030544EAD57418BF1CEAEE
:10A08000131500F0C880A4EB050404F17F7404F5F7
:10A0900000344FF0004545EAC12145EAC32341EAB7
:10A0A000505143EA52534FEAC0204FEAC22299422C
:10A0B00008BF904200F09D804FEA13650FF24416EE
:10A0C000765D4FEA134506FB05F7C7F1807706FB7F
:10A0D00007F74FEAD737A7FB03687642A7FB06CE00
:10A0E000C8F5803838BFA8F1010807FB08E6A6FBD1
:10A0F000028C4FF0000EE6FB03CEDCF1000CCEF13B
:10A10000004E38BFAEF1010EA6FB0C584FF0000711
:10A11000E6FB0E87A1FB08C6A0FB07CE16EB0E06DA
:10A120004FF0000545F10005E1FB076515F1E04E34
:10A130007EBFA4F580345FEA46066D4116F18007C4
:10A1400045F100054FEA172747EA05674FEA15254D
:10A150004FEA0666A6F1DE46B6F1805F20D93846A2
:10A1600005EBC47124F0010C01EB0C11BCF1FE6F86
:10A1700002D8F0BCBDE8008124425CBF01F5801E1E
:10A180009EEAC47F02D4F0BCBDE80081244200F105
:10A190003980A1F1C041F0BCBDE8004100F0F4B944
:10A1A0004FEAD02040EA41504FEAD1214FEAD22273
:10A1B00042EA43524FEAD323A7FB028607FB03661A
:10A1C00005FB02661EEA0E0F58BFA6EB0056B6EB63
:10A1D00000564FEA520E4EEAC37E18EB0E0E56EBB7
:10A1E000530EBCD518EB02085E417F1C55F10005EB
:10A1F000B5E74FF480154FF000074FF000064FF021
:10A200000008ACE701F1C04101F000414FF000004F
:10A21000F0BCBDE800810CEA131511EA0C1F00D058
:10A220000CE013EA0C1F00F026804FF0000081EADA
:10A23000030101F00041F0BCBDE80081F0BCBDE8C5
:10A24000004181EA030100F09FB9F0BCBDE8004184
:10A2500070B500F04BF900BF097EFC3E00F007B876
:10A260004FF0000081EA030101F00041704781EAEC
:10A27000030100F089B9F0BCBDE8004122494FF06C
:10A2800000007047FFFDFBF9F7F5F4F2F0EEEDEB9F
:10A29000E9E8E6E4E3E1E0DEDDDBDAD8D7D5D4D3E4
:10A2A000D1D0CFCDCCCBCAC8C7C6C5C4C2C1C0BF30
:10A2B000BEBDBCBBBAB9B8B7B6B5B4B3B2B1B0AF36
:10A2C000AEADACABAAA9A8A8A7A6A5A4A3A3A2A11A
:10A2D000A09F9F9E9D9C9C9B9A99999897979695D5
:10A2E00095949393929191908F8F8E8E8D8C8C8B71
:10A2F0008B8A8989888887878685858484838382F9
:10A30000828181800000FF070000F87F4FEA41034F
:10A310004FEA5353A3F58063D3F11E03C8BFD3F1B3
:10A32000210C0CDD4FF0004242EAC12242EA5052B9
:10A3300032FA03FC8CEAE17CACEBE1707047102B45
:10A34000C4BF0020704703F5787CBCF1FF3F04D008
:10A350006FF0004282EA2100704770B500F0C6F845
:10A360004992248000207047F2E710F0004248BF75
:10A370004042B0FA80F310FA03F10AD0C3F11D0392
:10A3800003F5806302EB03524FEA415002EBD12107
:10A3900070474FF00000704770B5DFF848C11CEA05
:10A3A000111E1EBF1CEA13159EEA0C0F95EA0C0F36
:10A3B00000F06F8081EA03044EEAD47EAE4421EAC5
:10A3C0004C1123EA4C1341F4801143F48013AEF195
:10A3D0007F7EA1FB024CA0FB0365361955EB0C05F3
:10A3E000A1FB034C4CF10003A0FB021C16EB0C0676
:10A3F000654153F10003094218BF46F0010613F40A
:10A40000007F0BD14FEA03314FEA053041EA155185
:10A4100040EA165034036FF003020AE04FEAC3210A
:10A420004FEAC52041EA555140EA5650F4026FF018
:10A43000020202EB2E4201EB025585EACE710AD0F0
:10A440005FEA440C18BF24F0004450F1000041F1D1
:10A45000000120EAD47040F2FE7C624500D270BD5B
:10A46000A84214BF4FF080444FF04044002E08BF74
:10A470000024BEF1806FA8BFA1F1C041BDE87040CB
:10A4800080F2828001F1C04101F000414FF00000F4
:10A4900070470CEA13159EEA0C0F18BF95EA0C0FD3
:10A4A00006D081EA030E4FF000000EF0004170BDAF
:10A4B00000F01CF88900013E00F007B800F009B870
:10A4C0004FEA430C5FEA5C5C08D081EA030100F0CC
:10A4D0005BB84FEA410C5FEA5C5CF6D102494FF091
:10A4E000000070470000FF070000F87F0EF1020E29
:10A4F0002EF0030E5EF8046B364205D4012A43EBBE
:10A50000030515F5001F12D8012841EB010C1CF5BD
:10A51000001F0CD80ED14FEAD17C0CEB4C0C0CF187
:10A52000020C15F5001F08BF4CEBD37C04E04FF084
:10A53000080C01E04FEAD37C0CEB4C0526FA05F63B
:10A5400006F00706B6F1040C06D20EEB860CBDE849
:10A5500070404CF0010C6047DFE80CF0090B020280
:10A560004FF00041A1F500214FF0000070BD1946E9
:10A570001046012851EB010418BFD4F5001484BF24
:10A58000002001F0004170BD0808A0F500114FEA5D
:10A590003101704790EA010F48BF81F0004100F19E
:10A5A0004A83421A3CBF801A89184FEAD052A2EB64
:10A5B000D1534FF07F4C1CEA410F18BF9CEA026F49
:10A5C00000F03B804FF0004C4CEA00204CEA0121A7
:10A5D00021FA03FC10EB0C0C1ED202F1FF325FEAF1
:10A5E0001C2040EBC25038BF70471CF07F0F4FEA71
:10A5F000400C18BFBCF17F4F38BF7047C3F1200338
:10A60000994008BF20F00100BCF17F4F38BF704770
:10A61000A0F1C04000F0C9BA4FEA3C00000A40EB8C
:10A62000C25028BF1CF0FF0F4FEA400CE6D018BF05
:10A63000BCF17F4F38BF7047EAE79CEA026F05D054
:10A6400010EA5C0F08BF00F00040704710B500F042
:10A6500066FA00BF64FBBE3E014800F05ABB00BF73
:10A660000000C07F10B500F0F5F80CBF01200020FD
:10A6700010BD10B500F0EEF814BF0120002010BD91
:10A6800010B500F063F98CBF0120002010BD10B59B
:10A6900000F05CF92CBF0120002010BD10B500F0C7
:10A6A00089F994BF0120002010BD10B500F082F997
:10A6B00034BF0120002010BD401058BFC0F1404001
:10A6C000491058BFC1F140418142EFF3008070470B
:10A6D0004FF47F0C1CEAD0121EBF1CEAD11392EA81
:10A6E0000C0F93EA0C0F00F0858090EA010F48BF31
:10A6F00042F4807240F4000C41F400002CF07F41E1
:10A7000020F07F4000B5A2EB030281420FF2081C4B
:10A71000ACEB504E9EF800E0C0F100004FEA4E0E48
:10A7200000FB0EFC38BF49004FEA2C1C0CFB0EF35B
:10A730004FEACE1E0EEB635E4FEA112C0EFB0CFCB3
:10A740004FEAC1214FEA1C5300FB031102F5FA0244
:10A750004FEA112C0EFB0CFC4FEA01314FEADC4CA6
:10A7600000FB0C1142EB2242C14228BF09184CEBFE
:10A7700003335DF804EB10EB410143EBC250B2F53B
:10A780007C0F38BF704729D512F0F00F1CBF00F1C5
:10A79000C04000F000407047008182838485868736
:10A7A00088898B8C8D8E8F919293959697999A9C90
:10A7B0009D9FA0A2A3A5A7A8AAACAEB0B2B3B5B7FF
:10A7C000B9BCBEC0C2C5C7C9CCCED1D4D7D9DCDFD5
:10A7D000E2E6E9ECF0F3F7FAFE0000004FEA400C85
:10A7E0000CF1807CBCF17E4F28BF7047B0F1C040B7
:10A7F00000F0DBB90CEAD11390EA010F48BF42F434
:10A800008072624538BF634507D213F47F0F16D0BC
:10A8100080EA010000F00040704710B500F07FF9B9
:10A82000097EFC3E00F005B880EA010000F000401F
:10A83000704780EA010000F0004000F0B6B912F461
:10A840007F0F04BF0248704780EA010000F0ADB9F5
:10A850000000C07F50EA010C00F113801CF5000FCE
:10A8600058BFBCF5000F01D48842704707D710F5D8
:10A87000000F58BF11F5000F15D488427047894268
:10A8800070471CF5000F04D5BCF5000FF7D58142C9
:10A8900070474FF0807C1CEB400F38BF1CEB410F22
:10A8A00001D28142704710B500F039F99224490075
:10A8B0004FF000504FF08051FFF7FEBE41000B0EED
:10A8C000D3F19E0208D950F400034FEA032323FA80
:10A8D00002F048BF4042704710B500F020F900BFB9
:10A8E00049922480002070476FF0004282EA2000E5
:10A8F0007047000010F0004148BF4042B0FA80F3BA
:10A9000010FA03F2C3F19D030BD051EAC35101EBDE
:10A910001220530638BF704700F1010008BF20F035
:10A9200001007047B0FA80F310FA03F2C3F19D03FF
:10A930000AD0D90501EB1220530638BF704700F149
:10A94000010008BF20F001007047000050EA010C30
:10A9500000F113801CF5000F58BFBCF5000F01D4A7
:10A960008842704707D710F5000F58BF11F5000F48
:10A9700015D488427047894270471CF5000F04D5F2
:10A98000BCF5000FF7D5814270474FF0807C1CEB7F
:10A99000400F38BF1CEB410F01D28142704710B508
:10A9A00000F0BDF8922449004FF080504FF0005164
:10A9B000FFF782BE50EA010C00F113801CF5000F76
:10A9C00058BFBCF5000F01D48842704707D710F577
:10A9D000000F58BF11F5000F15D488427047894207
:10A9E00070471CF5000F04D5BCF5000FF7D5814268
:10A9F00070474FF0807C1CEB400F38BF1CEB410FC1
:10AA000001D28142704710B500F089F892244900C4
:10AA10004FF000504FF08051FFF74EBE4FF47F0CC7
:10AA20001CEAD0121EBF1CEAD11392EA0C0F93EA63
:10AA30000C0F00F0478090EA010F48BF42F480728B
:10AA40004FF0004C4CEA00204CEA012102EB0302DB
:10AA5000A0FB0113A2F50002002918BF43F0010377
:10AA60005B0028BF4FEA330342EB22425FEA132C1C
:10AA70004CEBC2502EBFBCEB436FB2F57C0F70475E
:10AA80004FEA036CBCF1004F08BF20F00100B2F5A3
:10AA90007C0F38BF70470BD582F0FF0212F5803F64
:10AAA000C8BF704700F1C040D8BF00F000407047F9
:10AAB00000F5000C5FEA4C0C48BF7047B0F1C04095
:10AAC00000F073B80CEAD11390EA010F48BF42F4CA
:10AAD0008072624538BF634504D280EA010000F00D
:10AAE0000040704710B500F01AF800BF8900013E21
:10AAF00000F007B800F009B85FEA410C5FEA1C6C8F
:10AB000008D080EA010000F050B85FEA400C5FEA2C
:10AB10001C6CF6D14FF00040A0F5800070470EF19C
:10AB2000020E2EF0030E5EF8044B244204D44FEACA
:10AB30004102B2F17F4F11D84FEA4003B3F17F4F8A
:10AB40000CD80ED14FEAD07C0CEB4C0C0CF1020C63
:10AB5000B2F17F4F08BF4CEBD17C04E04FF0080C02
:10AB600001E04FEAD17C0CEB4C0324FA03F404F02F
:10AB70000704B4F1040C06D20EEB840CBDE81040BF
:10AB80004CF0010C6047DFE80CF0070802024FF0C0
:10AB90000040A0F5800010BD0846420018BFD2F169
:10ABA000807288BF00F0004010BDFF2141EAD05004
:10ABB000C00570475FEA400C5FEA1C6CBCF17F0384
:10ABC00014D4D3F1170240F31C804FF0010C0CFA9F
:10ABD00002FCACF10103034020EA0300B3EB5C028A
:10ABE00008BF10EA0C0F88BF60447047B3F1FF3F05
:10ABF00028BF5FEA002C00F0004088BF40F07E5084
:10AC00007047BCF1FF0FB8BF704710B5FFF787FF63
:10AC100040DBB6BE80F0004090EA010F7FF5C1AC8A
:10AC200081F0004100F007B890EA010F48BF81F0C1
:10AC300000413FF5B6AC421A04D882F00042A0EBC6
:10AC4000020011444FEAD052A2EBD1534FF07F4C97
:10AC50001CEA410F18BF9CEA026F4AD04FF0004C2B
:10AC60004CEA00204CEA012121FA03FCB0EB0C0C69
:10AC70000FD412F0FE0F36D05FEA4C001DD5001243
:10AC800040EBC25038BF70471CF03F0F18BF7047F1
:10AC90000BE05FEA1C20A2F1010240EBC25038BF7A
:10ACA00070471CF07F0F18BF7047C3F12003994015
:10ACB00014BF401E20F0010070474FEA12238008A5
:10ACC00008BF7047B0FA80FCA2EB0C02CCF1280C54
:10ACD00060FA0CF093EA122F04BF00EBC2507047E9
:10ACE0004FEAC3707047130A5FEADC1008BF704771
:10ACF000F6E79CEA026F04D010EA5C0F08BF002060
:10AD0000704710B5FFF70BFF40DFF63E81F00040C3
:10AD100070470CF00F03092B08BF082000F051808A
:10AD20000A2B0BD0082B18BF704708BF1CF0400F30
:10AD30000AD04FF000004FF0000170471CF0400FA8
:10AD400018BF4FF0004070471CF0100F08D000F003
:10AD50007F4220F0704342EAD3014FEA43707047CC
:10AD600000F0604021F07F4242EA000201F07F40A3
:10AD700040EA727070474FF0FF0212EAD0521CBFD7
:10AD800092F0FF038B42C2BFD14200EBC15070472B
:10AD9000002A0AD0002B0BD000F000400029A4BFED
:10ADA00040F0FE4040F40000704700F00040704763
:10ADB00043024FF00B0C18BF4CF0806C7FF44CAC8E
:10ADC00070471CF4801F11D01CF4E02F03D06FEAF1
:10ADD000CC31490070474FF04050EFF3008222F031
:10ADE000704242EA000282F3008870474FF0000090
:10ADF00070470000000000006E83F9A22915444E40
:10AE0000D15727FCC0DD34F5999562DB4190433C76
:10AE1000AB6351FE20000000C6E500080100000001
:10AE20003000000030E60008000000004000000094
:10AE3000CDE50008010000005000000030E60008E9
:10AE40000000000060000000D1E5000801000000E3
:10AE50007000000030E600080000000080000000E4
:10AE6000D5E50008010000008D00000030E6000874
:10AE7000000000009B000000B6E500080100000093
:10AE8000A800000030E6000800000000B500000047
:10AE9000BAE5000801000000C200000030E600082A
:10AEA00000000000D0000000BEE500080100000026
:10AEB000DD00000030E6000800000000EA000000AD
:10AEC000C2E50008010000000000000000000000D2
:10AED0000000000000000000000000000000000072
:10AEE0000000000000000000000000000000000C56
:10AEF000000C000C000C000C000C000C000C000CF2
:10AF0000000C000C0000000C000C00000000000011
:10AF10000000001B001B001B001B001B00000000AA
:10AF20000000000000000000000000000000000021
:10AF30000000000000008019801980198019C07F6E
:10AF4000C07F80190033C07FC07F003300330033DF
:10AF500000330000000000000000001E003F80756C
:10AF600080650074003C001E0007800580658065D8
:10AF70008075003F001E0004000400000000007007
:10AF800000D840D8C0D880D900730006000C801BC0
:10AF9000C036C066C046C006800300000000000046
:10AFA0000000001E003F003300330033001E000C81
:10AFB000C03CC066806380618063C03E801C00002E
:10AFC000000000000000000C000C000C000C000C45
:10AFD0000000000000000000000000000000000071
:10AFE00000000000000000008000000100030006D7
:10AFF00000060004000C000C000C000C000C000CFF
:10B00000000400060006000300018000002000107C
:10B010000018000C000C00040006000600060006E4
:10B02000000600060004000C000C001800100020B0
:10B030000000000C002D003F001E00330000000047
:10B040000000000000000000000000000000000000
:10B0500000000000000000000000000C000C000CCC
:10B06000000CC0FFC0FF000C000C000C000C000026
:10B0700000000000000000000000000000000000D0
:10B0800000000000000000000000000000000000C0
:10B090000000000C000C0004000400080000000088
:10B0A0000000000000000000000000000000001E82
:10B0B000001E000000000000000000000000000072
:10B0C0000000000000000000000000000000000080
:10B0D00000000000000000000000000C000C000058
:10B0E000000000000000000300030003000600064B
:10B0F00000060006000C000C000C000C00180018E4
:10B1000000180000000000000000001E003F003397
:10B11000806180618061806D806D8061806180610F
:10B120000033003F001E0000000000000000000689
:10B13000000E001E0036002600060006000600066F
:10B1400000060006000600060006000000000000E1
:10B150000000001E003F8073806180618001000359
:10B160000006000C001800300060807F807F000027
:10B17000000000000000001C003E006300630003AC
:10B18000000E000E00038001800180618073003F8B
:10B19000001E00000000000000000006000E000E6F
:10B1A000001E001E0016003600360066807F807F7D
:10B1B0000006000600060000000000000000007FFE
:10B1C000007F006000600060006E007F806380018F
:10B1D000800180618073003F001E000000000000BD
:10B1E0000000001E003F803380610060006E007F21
:10B1F00080738061806180618033003F001E0000A9
:10B20000000000000000807F807F800100030003B9
:10B2100000060006000C000C000C000800180018C6
:10B2200000180000000000000000001E003F8063C6
:10B23000806180610021001E003F8061806180612B
:10B240008061003F001E0000000000000000001EA2
:10B25000003F00738061806180618073803F801D4A
:10B26000800180610073003F001E000000000000AC
:10B2700000000000000000000000000C000C0000B6
:10B2800000000000000000000000000C000C0000A6
:10B2900000000000000000000000000000000000AE
:10B2A000000C000C00000000000000000000000C7A
:10B2B000000C000400040008000000000000000072
:10B2C00080008003000E003800600038000E80030C
:10B2D00080000000000000000000000000000000EE
:10B2E000000000000000807F807F00000000807F61
:10B2F000807F00000000000000000000000000004F
:10B30000000000000000000000400070001C00076A
:10B3100080010007001C00700040000000000000D9
:10B32000000000000000001F803FC071C060C0002E
:10B33000C00180030007000E000C000C0000000C90
:10B34000000C0000000000000000001E003F8031E3
:10B3500080718063806F806D806D806F806700601A
:10B360000032003E001C0000000000000000000E43
:10B37000000E001B001B001B001B80318031803F32
:10B38000803F8031C060C060C060000000000000ED
:10B390000000007C007E0063006300630063007EA9
:10B3A000007E0063806180618063007F007E00001A
:10B3B000000000000000001E003F8031806100603E
:10B3C0000060006000600060006080618031003FCC
:10B3D000001E0000000000000000007C007F0063F1
:10B3E00080638061806180618061806180610063D1
:10B3F0000063007E007C0000000000000000807FF1
:10B40000807F0060006000600060007F007F00605F
:10B41000006000600060807F807F0000000000000E
:10B420000000807F807F0060006000600060007F1F
:10B43000007F00600060006000600060006000004D
:10B44000000000000000001E003F803180610060AD
:10B450000060006080638063806180618031803F34
:10B46000001E00000000000000008061806180611B
:10B47000806180618061807F807F80618061806188
:10B480008061806180610000000000000000003FDA
:10B49000003F000C000C000C000C000C000C000C19
:10B4A000000C000C000C003F003F000000000000FA
:10B4B0000000800180018001800180018001800105
:10B4C00080018001806180618073003F001E000068
:10B4D000000000000000C06080610063006600663C
:10B4E000006C0078007C006600660063806180610B
:10B4F000C06000000000000000000060006000600C
:10B50000006000600060006000600060006000603B
:10B510000060807F807F0000000000000000C0719C
:10B52000C071C07BC07AC06AC06AC06EC064C060AF
:10B53000C060C060C060C060C0600000000000006B
:10B54000000080718071807980798079806D806D54
:10B55000806D80658067806780678063806300009E
:10B56000000000000000001E003F00338061806189
:10B570008061806180618061806180610033003F13
:10B58000001E0000000000000000007E007F8063BD
:10B590008061806180618063007F007E0060006068
:10B5A0000060006000600000000000000000001E5D
:10B5B000003F0033806180618061806180618061D3
:10B5C000806580670033803F401E0000000000005F
:10B5D0000000007E007F8063806180618063007F67
:10B5E000007E00660063006380618061C0600000CF
:10B5F000000000000000000E001F8031803100308C
:10B600000038001E00078003806180618031003FA8
:10B61000001E0000000000000000C0FFC0FF000C82
:10B62000000C000C000C000C000C000C000C000CBA
:10B63000000C000C000C0000000000000000806105
:10B6400080618061806180618061806180618061F2
:10B65000806180618073003F001E000000000000D8
:10B660000000C060C060C060803180318031001B4C
:10B67000001B001B001B000E000E000E000400004B
:10B68000000000000000C0C0C0C0C0C0C0C0C0C03A
:10B69000C0CC804C804C805E805280528073806130
:10B6A00080610000000000000000C0C08060806178
:10B6B0000033003B001E000C000C001E001F003B6E
:10B6C00080718061C0C00000000000000000C0C0A8
:10B6D0008061806100330033001E001E000C000CEE
:10B6E000000C000C000C000C000C0000000000001E
:10B6F0000000803F803F8001000300030006000C33
:10B70000000C0018001800300060807F807F00006F
:10B7100000000000000F000F000C000C000C000CDB
:10B72000000C000C000C000C000C000C000C000CB9
:10B73000000C000C000F000F00000018001800188B
:10B74000000C000C000C000C0006000600060006B1
:10B75000000300030003000000000000001E001EA4
:10B7600000060006000600060006000600060006A9
:10B77000000600060006000600060006001E001E69
:10B780000000000C000C001E00120033003380612A
:10B7900080610000000000000000000000000000C8
:10B7A0000000000000000000000000000000000099
:10B7B0000000000000000000000000000000000089
:10B7C00000000000E0FF0000000000380018000C3E
:10B7D0000000000000000000000000000000000069
:10B7E0000000000000000000000000000000000059
:10B7F000000000000000001F803F80618001801F6A
:10B80000803F80618063807FC038000000000000BE
:10B8100000000060006000600060006E007F8073C8
:10B8200080618061806180618073007F006E0000B4
:10B830000000000000000000000000000000001EEA
:10B84000003F807380610060006080618073003F12
:10B85000001E000000000000000080018001800147
:10B860008001801D803F8073806180618061806184
:10B870008073803F801D0000000000000000000079
:10B88000000000000000001E003F00738061807F08
:10B89000807F00608071003F001E000000000000FB
:10B8A0000000C007C00F000C000C807F807F000CE0
:10B8B000000C000C000C000C000C000C000C000034
:10B8C000000000000000000000000000801D803F1C
:10B8D000807380618061806180618073803F801DA2
:10B8E00080018063007F003E000000600060006017
:10B8F0000060006F807F8071806180618061806105
:10B90000806180618061000000000000000000068E
:10B91000000600000000003E003E00060006000693
:10B9200000060006000600060006000000000000F9
:10B930000006000600000000003E003E0006000673
:10B940000006000600060006000600060006004687
:10B95000007E003C000000600060006000608061CC
:10B9600000630066006C007C007600630063806109
:10B97000C0600000000000000000003E003E000625
:10B980000006000600060006000600060006000687
:10B990000006000600060000000000000000000095
:10B9A00000000000000080DDC0FFC0CEC0CCC0CCD5
:10B9B000C0CCC0CCC0CCC0CCC0CC000000000000CB
:10B9C00000000000000000000000006F807F807118
:10B9D0008061806180618061806180618061000040
:10B9E0000000000000000000000000000000001E39
:10B9F000003F807380618061806180618073003F5F
:10BA0000001E000000000000000000000000000018
:10BA1000006E007F807380618061806180618073CF
:10BA2000007F006E006000600060006000000000A9
:10BA300000000000801D803F807380618061806114
:10BA400080618073803F801D8001800180018001C2
:10BA5000000000000000000000000067803F003987
:10BA60000030003000300030003000300030000086
:10BA70000000000000000000000000000000001EA8
:10BA8000803F80610060007F803F80018061007F97
:10BA9000001E000000000000000000000008001868
:10BAA0000018007F007F0018001800180018001808
:10BAB0000018801F800F0000000000000000000040
:10BAC0000000000000008061806180618061806111
:10BAD000806180618063807F803D00000000000005
:10BAE00000000000000000000000C06080318031D4
:10BAF0008031001B001B001B000E000E0006000022
:10BB0000000000000000000000000000000080DDD8
:10BB100080DD80DD0055005500550077007700225C
:10BB200000220000000000000000000000000000F3
:10BB30000000806100330033001E000C000C001E6A
:10BB400000330033806100000000000000000000AE
:10BB50000000000080618061803100330033001BF1
:10BB6000001B001B000E000E000E001C007C00706D
:10BB700000000000000000000000C07FC07F8001C6
:10BB800000030006000C00180030C07FC07F0000DA
:10BB90000000000080038007000600060006000683
:10BBA0000006000E001C001C000E00060006000629
:10BBB0000006000680078003000600060006000657
:10BBC0000006000600060006000600060006000645
:10BBD0000006000600060006000600060038003CCD
:10BBE000000C000C000C000C000C000E00070007FD
:10BBF000000E000C000C000C000C000C003C003887
:10BC0000000000000000000000000000000080387C
:10BC1000807F0047000000000000000000000000DE
:10BC20000000000000000000000000000000000014
:10BC30000000000000000000000000000000000004
:10BC400000000000000000000000000000000000F4
:10BC50000000000000000000E003E003E003E00358
:10BC6000E003E003E003E003C003C003C001C00140
:10BC7000C001C001C001000000000000E003E003BB
:10BC8000E003000000000000000000003C1E3C1E1D
:10BC90003C1E3C1E3C1E3C1E3C1E000000000000E2
:10BCA0000000000000000000000000000000000094
:10BCB0000000000000000000000000000000000084
:10BCC000CE01CE03DE039E039C039C07FF3FFF7F54
:10BCD0003807380F780F780F780EFFFFFFFFF01E40
:10BCE000F01CE01CE03CE03DE039000000000000FA
:10BCF00000000000FC03FE0FEE1FE01EE01EE01E31
:10BD0000E01EE01FE00FE007F003FC01FE01FE0172
:10BD1000FE01FE01FE01FE01FE3DFC3FF00FE001D1
:10BD2000E001000000000000033E07F78FE78EE708
:10BD30009EE3BCE3B8E7F8E7F0F7E03FC001FF039C
:10BD4000FF07F307F30FF31EF33CF338F3787FF0AC
:10BD50003FE000000000000000000000E007F80FD6
:10BD6000780F781F781F781F780FF00FE00F801F73
:10BD7000C37FC3FBE7F3F7F1F7F0FFF07FF03EF886
:10BD80007F7CFF3FEF1F000000000000000000006C
:10BD9000E003E003E003E003E003C003C0010000B0
:10BDA0000000000000000000000000000000000093
:10BDB0000000000000000000000000000000000083
:10BDC000000000003F007C00F001E001C003C0075C
:10BDD00080078007800F000F000F000F000F000F7B
:10BDE000000F800F80078007C007C003E001F0014B
:10BDF0007C003F000F000000007E001FC007C00352
:10BE0000E001F001F000F000F80078007800780020
:10BE1000780078007800F800F000F000F001E00110
:10BE2000C003C007001F007E00780000E003C003CD
:10BE3000C001CE39FF3F7F3F20037003F807780F22
:10BE40003C1F380600000000000000000000000059
:10BE500000000000000000000000000000000000E2
:10BE6000000000000000000000000000C001C00150
:10BE7000C001C001C001C001C001FFFFFFFFC00140
:10BE8000C001C001C001C001C001000000000000ED
:10BE900000000000000000000000000000000000A2
:10BEA0000000000000000000000000000000000092
:10BEB000000000000000E003E003E003E003E00115
:10BEC000E001E001C001800300000000000000006C
:10BED0000000000000000000000000000000FE3F25
:10BEE000FE3F000000000000000000000000000015
:10BEF0000000000000000000000000000000000042
:10BF00000000000000000000000000000000000031
:10BF10000000000000000000000000000000E0033E
:10BF2000E003E003E0030000000000000000000068
:10BF30000F000F001E001E003C003C00780078003F
:10BF4000F000F000E001E001C003C00380078007BB
:10BF5000000F000F001E001E003C003C007800781F
:10BF600000F00000F007F80F7C1F3E3E1E3C1F7CD7
:10BF70001F7C0F780F780F780F780F780F780F7875
:10BF80001F7C1F7C1E3C3E3E7C1FF80FF00700000C
:10BF90000000000000000000F000F007F03FF03F5C
:10BFA000F001F001F001F001F001F001F001F00109
:10BFB000F001F001F001F001F001F001F001FF3FAC
:10BFC000FF3F00000000000000000000E00FF83F0D
:10BFD0007C3C3C003E003E003E003C003C007C00BF
:10BFE000F800F001E003C0078007000F001E003ECC
:10BFF000003CFE3FFE3F000000000000000000008B
:10C00000F00FF81F7C1C3E003E003E003C003C0050
:10C01000F800F00FF80F7C003E001E001E001E000E
:10C020001E003E007C1CF81FE01F00000000000006
:10C03000000000007800F800F800F801F803F807A5
:10C04000F807780F781E781E783C78787878FFFFAC
:10C05000FFFF780078007800780078007800000012
:10C060000000000000000000FC1FFC1FFC1F001E61
:10C07000001E001E001E001EE01FF81FFC007C00BA
:10C080003E003E001E003E003E003C007C1CF81FAF
:10C09000E01F00000000000000000000FC01FE079F
:10C0A0008E0F001F001E003E003C003CF83DFC3F90
:10C0B0003E7F1F7E0F3C0F3C0F3C0F3C0F3E1F1E70
:10C0C0003E1FFC0FF0030000000000000000000015
:10C0D000FF3FFF3FFF3F0F001E001E003C003800E7
:10C0E0007800F000F000E001E001C003C003800729
:10C0F000800F800F000F001F001F000000000000D5
:10C1000000000000F807FC0F3E1F1E1E1E3E1E3ED4
:10C110001E1E3C1FF80FF007F80FFC1E3E3E1F3C92
:10C120001F7C0F7C0F7C1F3C3E3FFC1FF007000074
:10C130000000000000000000F007F80F7C1E3E3CED
:10C140001E3C1F7C1F7C1F7C1F7C1F3C3F3EFF1F33
:10C15000EF071F001E001E003E003C00F838F03FB5
:10C16000E01F0000000000000000000000000000D0
:10C170000000000000000000E003E003E003E00333
:10C180000000000000000000000000000000E003CC
:10C19000E003E003E00300000000000000000000F6
:10C1A000000000000000000000000000E003E003C9
:10C1B000E003E003000000000000000000000000B9
:10C1C0000000E003E003E003E003E001E001E00140
:10C1D000C003800300000000000000000000000019
:10C1E00003000F003F00FC00F003C00F003F00FE03
:10C1F000003FC00FF003FC003F000F0003000000F1
:10C20000000000000000000000000000000000002E
:10C21000000000000000000000000000FFFFFFFF22
:10C22000000000000000FFFFFFFF00000000000012
:10C2300000000000000000000000000000000000FE
:10C24000000000000000000000E000F8007E801FF9
:10C25000E007F8017E001F007E00F801E007801F64
:10C26000007E00F800E00000000000000000000078
:10C27000F01FFC3F3E381F381F381E001E003C00D8
:10C280007800F000E001C003C003C007C007000051
:10C2900000000000C007C007C00700000000000049
:10C2A00000000000F803FE0F1E1F0F3E7F3CFF78CA
:10C2B000EF79C773C7F38FF38FF38FF39FF39FF378
:10C2C000FF73FF7BF779003C1C1FFC0FF803000095
:10C2D0000000000000000000000000000000E0037B
:10C2E000E003F007F007F007780F780F7C0E3C1E94
:10C2F0003C1E3E3CFE3FFF3F1F780F780FF007F0DB
:10C3000007F0000000000000000000000000000036
:10C310000000F83FFC3F3E3C1E3C1E3C1E3C3E3CA9
:10C320007C3CF03FF83F7E3C1F3C1F3C0F3C0F3CE9
:10C330001F3CFE3FF83F000000000000000000002E
:10C34000000000000000FF01FF07871F003E003CC7
:10C35000007C00780078007800780078007C007C11
:10C36000003E003F831FFF07FF01000000000000A8
:10C3700000000000000000000000F07FFC7F7E78DD
:10C380001F781F780F780F780F780F780F780F7855
:10C390000F780F781F781E787E78F87FE07F000096
:10C3A0000000000000000000000000000000FF3F4F
:10C3B000FF3F003E003E003E003E003E003EFE3F8E
:10C3C000FE3F003E003E003E003E003E003EFF3F7E
:10C3D000FF3F00000000000000000000000000001F
:10C3E0000000FF1FFF1F001E001E001E001E001E7B
:10C3F000001EFF1FFF1F001E001E001E001E001E4D
:10C40000001E001E001E00000000000000000000D2
:10C41000000000000000FE03FF0F871F003E007CAD
:10C42000007C007800F800F87FF87FF80F780F7C28
:10C430000F7C0F3E8F1FFF0FFE0300000000000067
:10C44000000000000000000000001F7C1F7C1F7C1B
:10C450001F7C1F7C1F7C1F7C1F7CFF7FFF7F1F7C3E
:10C460001F7C1F7C1F7C1F7C1F7C1F7C1F7C00008F
:10C470000000000000000000000000000000FF3F7E
:10C48000FF3FE003E003E003E003E003E003E00339
:10C49000E003E003E003E003E003E003E003FF3F29
:10C4A000FF3F00000000000000000000000000004E
:10C4B0000000FC1FFC1F7C007C007C007C007C00DA
:10C4C0007C007C007C007C007C007C007800780094
:10C4D000F838F03FC03F00000000000000000000FE
:10C4E0000000000000001F3C1E3C3C3C783CF03C3F
:10C4F000E03DE03FC03F803FC03FE03FF03DF03CCB
:10C50000783C7C3C3E3C1F3C0F3C0000000000009F
:10C5100000000000000000000000003E003E003E61
:10C52000003E003E003E003E003E003E003E003E1B
:10C53000003E003E003E003E003EFF3FFF3F000049
:10C5400000000000000000000000000000001FF8D4
:10C550001FFC1FFC3FFE3FFE3FFE7FFF77FF77FF84
:10C56000F7F7E7F7E7F3E7F3C7F307F007F007F0AC
:10C5700007F00000000000000000000000000000C4
:10C5800000000F7C0F7C0F7E0F7F0F7F8F7F8F7FD0
:10C59000CF7FEF7BEF79FF79FF78FF787F783F7867
:10C5A0003F781F781F7800000000000000000000A6
:10C5B000000000000000F007FC1F3E3E1F7C0F78CB
:10C5C0000F780FF80FF80FF80FF80FF80FF80F7833
:10C5D0000F781F7C3E3EFC1FF007000000000000AB
:10C5E00000000000000000000000FC3FFF3F1F3E75
:10C5F0000F3E0F3E0F3E0F3E1F3E3F3EFC3FF03FC3
:10C60000003E003E003E003E003E003E003E000078
:10C610000000000000000000000000000000F00723
:10C62000FC1F3E3E1F7C0F780F780FF80FF80FF8B5
:10C630000FF80FF80FF80F780F781F7C3E3EFC1FA5
:10C64000F8077C003F000F0003000000000000001E
:10C650000000F03FFC3F7E3C3E3C1E3C1E3C3E3C0E
:10C660003C3CFC3CF03FE03FF03DF83C7C3C3E3C39
:10C670001E3C1F3C0F3C00000000000000000000BA
:10C68000000000000000FC07FE1F0E3E003C003CC6
:10C69000003C003EC01FF80FFE037F001F000F008C
:10C6A0000F001F203E3CFC3FF01F00000000000078
:10C6B00000000000000000000000FFFFFFFFE0039B
:10C6C000E003E003E003E003E003E003E003E00352
:10C6D000E003E003E003E003E003E003E003000025
:10C6E00000000000000000000000000000000F7CBF
:10C6F0000F7C0F7C0F7C0F7C0F7C0F7C0F7C0F7CE2
:10C700000F7C0F7C0F7C0F7C1E3C1E3C3E3EFC1FB2
:10C71000F007000000000000000000000000000022
:10C72000000007F007F007F80F780F7C1E3C1E3C56
:10C730001E3E3C1E3C1F781F780FF80FF007F007D5
:10C74000F007E003E003000000000000000000002C
:10C7500000000000000003E003F003F007F0E7F33F
:10C76000E7F3E7F3E773F77BF77FFF7F7F7F7F7F59
:10C770007E7F7E3F3E3E3E3E3E3E0000000000008B
:10C780000000000000000000000007F80F7C1E3EC3
:10C790003E3E3C1FF80FF007E007E003E003F00720
:10C7A000F80F7C0F7C1E3E3C1F780F780FF00000C6
:10C7B000000000000000000000000000000007F87A
:10C7C00007780F7C1E3C1E3E3C1F780FF80FF007C9
:10C7D000E003E003E003E003E003E003E003E00341
:10C7E000E003000000000000000000000000000066
:10C7F0000000FF7FFF7F0F001F003E007C00F8005D
:10C80000F000E001E003C007800F000F001E003EB3
:10C81000007CFF7FFF7F00000000000000000000A0
:10C82000FF07800780078007800780078007800751
:10C8300080078007800780078007800780078007C0
:10C840008007800780078007800780078007FF0731
:10C85000FF07000000780078003C003C001E001E2E
:10C86000000F000F80078007C003C003E001E00154
:10C87000F000F000780078003C003C001E001E0034
:10C880000F000F0007000000F07FF000F000F00044
:10C89000F000F000F000F000F000F000F000F00018
:10C8A000F000F000F000F000F000F000F000F00008
:10C8B000F000F000F000F07FF07F0000C000C00149
:10C8C000C001E003E003F007F0077807780F380FA6
:10C8D0003C1E3C1E1E3C1E3C0F380F7807780000A3
:10C8E0000000000000000000000000000000000048
:10C8F0000000000000000000000000000000000038
:10C900000000000000000000000000000000000027
:10C9100000000000000000000000FFFFFFFF00001B
:10C9200000000000F0000000000000000000000017
:10C9300000000000000000000000000000000000F7
:10C9400000000000000000000000000000000000E7
:10C9500000000000000000000000000000000000D7
:10C9600000000000F80FFC3F7C3C3E003E003E0013
:10C97000FE07FE1F3E3E3E7C3E783E7C7E7CFF3FB7
:10C98000CF1F00000000000000000000003C003C41
:10C99000003C003C003C003CF83DFE3F3E3F1F3E5B
:10C9A0000F3C0F3C0F3C0F3C0F3C0F3C1F3C1E3C10
:10C9B0003E3FFC3FF03B0000000000000000000094
:10C9C000000000000000000000000000FE03FF0F58
:10C9D000871F003E003E003C007C007C007C003C49
:10C9E000003E003E871FFF0FFE0300000000000016
:10C9F000000000001F001F001F001F001F001F007D
:10CA0000FF07FF1F3F3E1F3C1F7C1F7C1F7C1F78C2
:10CA10001F781F7C1F7C3F3C7F3EFF1FDF0F000005
:10CA20000000000000000000000000000000000006
:10CA300000000000F803FC0F3E1F1E3E1F3C1F7C41
:10CA4000FF7FFF7F007C007C003C003E071FFF0F44
:10CA5000FE0300000000000000000000FF01E103F1
:10CA6000C003C007C007C007FF7FFF7FC007C00724
:10CA7000C007C007C007C007C007C007C007C0077E
:10CA8000C007C007C0070000000000000000000051
:10CA9000000000000000000000000000EF07FF1F82
:10CAA0007F3E1F3C1F7C1F7C1F781F781F781F7CD8
:10CAB0001F7C3F3C7F3EFF1FDF0F1E001E001E003D
:10CAC0007C38F83F003C003C003C003C003C003C13
:10CAD000FC3DFE3F9E3F1F3F1F3E1F3C1F3C1F3C37
:10CAE0001F3C1F3C1F3C1F3C1F3C1F3C1F3C0000C9
:10CAF0000000000000000000F001F0010000000054
:10CB000000000000E07FE07FE001E001E001E001E3
:10CB1000E001E001E001E001E001E001E001E0010D
:10CB2000E00100000000000000000000F800F80034
:10CB30000000000000000000F83FF83FF800F80097
:10CB4000F800F800F800F800F800F800F800F80025
:10CB5000F800F800F800F800F800F000F071E07F4D
:10CB6000003C003C003C003C003C003C1F3C3E3C88
:10CB70007C3CF83CF03DE03DC03FC03FE03FF03D35
:10CB8000F83C7C3C3E3C1F3C1F3C00000000000089
:10CB900000000000F07FF001F001F001F001F00171
:10CBA000F001F001F001F001F001F001F001F001FD
:10CBB000F001F001F001F001F001F001F0010000DE
:10CBC0000000000000000000000000000000000065
:10CBD000000000009EF7FFFFFFFFFFFFE7FBE7F904
:10CBE000C7F1C7F1C7F1C7F1C7F1C7F1C7F1C7F185
:10CBF000C7F100000000000000000000000000007D
:10CC00000000000000000000FC3DFE3F9E3F1F3F73
:10CC10001F3E1F3C1F3C1F3C1F3C1F3C1F3C1F3C3A
:10CC20001F3C1F3C1F3C00000000000000000000F3
:10CC3000000000000000000000000000F007FC1FE2
:10CC40003E3E1F3C1F7C0F780F780F780F780F78CF
:10CC50001F7C1F3C3E3EFC1FF00700000000000050
:10CC600000000000000000000000000000000000C4
:10CC7000F83DFE3F3E3F1F3E0F3C0F3C0F3C0F3C3C
:10CC80000F3C0F3C1F3C1E3E3E3FFC3FF83F003C2C
:10CC9000003C003C003C003C0000000000000000A4
:10CCA00000000000EE07FE1F7E3E1E3C1E7C1E782C
:10CCB0001E781E781E781E781E7C3E7C7E3EFE1FEF
:10CCC000DE0F1E001E001E001E001E0000000000E1
:10CCD00000000000000000007F1FFF1FE71FC71FAC
:10CCE000871F001F001F001F001F001F001F001FC5
:10CCF000001F001F001F00000000000000000000D7
:10CD0000000000000000000000000000FC07FE1F03
:10CD10000E1E003E003E003FE01FFC07FE003E00EE
:10CD20001E001E003E3CFC3FF01F00000000000003
:10CD3000000000000000000000008007800780075E
:10CD4000FF7FFF7F800780078007800780078007BD
:10CD50008007800780078007C007FF03FF010000EE
:10CD600000000000000000000000000000000000C3
:10CD7000000000001E3C1E3C1E3C1E3C1E3C1E3C97
:10CD80001E3C1E3C1E3C1E3C3E3C7E3CFE3EFE1FAE
:10CD9000DE0F0000000000000000000000000000A6
:10CDA000000000000000000007F00F780F781E3C24
:10CDB0001E3C1E3E3C1E3C1E780F780FF00FF00705
:10CDC000F007E003E00300000000000000000000A6
:10CDD00000000000000000000000000003F0E3F18C
:10CDE000E3F3E7F3F7F3F7F3F77F777F7F7F7F7F57
:10CDF0007F7F3E3E3E3E3E3E3E3E00000000000045
:10CE00000000000000000000000000000000000022
:10CE10000F7C1E3E3C3E3C1FF80FF007F007E0037E
:10CE2000F007F807F80F7C1E3E3E1F3C1F780000FD
:10CE300000000000000000000000000000000000F2
:10CE40000000000007F80F780F7C1E3C1E3C3C1EC3
:10CE50003C1E3C1F780FF80FF007F007E003E003DB
:10CE6000C003C003C0038007800F007F00000000E4
:10CE70000000000000000000FF3FFF3F1F003E00D9
:10CE80007C00F800F001E003C007800F001F001EC7
:10CE9000003CFF7FFF7F000000000000000000005A
:10CEA000FE01E003C003C003C003C003E001E001D2
:10CEB000E001C001C003803F803FC003C001E0012A
:10CEC000E001E001C003C003C003C003E003FE01B2
:10CED0007E000000C001C001C001C001C001C0014E
:10CEE000C001C001C001C001C001C001C001C0013A
:10CEF000C001C001C001C001C001C001C001C0012A
:10CF0000C001C001C0010000C03FE003E001E0013A
:10CF1000E001E001C001C003C003C001E001FE0068
:10CF2000FE00E001C001C003C003C001E001E00158
:10CF3000E001E001E003C03F003F0000000000000E
:10CF400000000000000000000000000000000000E1
:10CF50000000073FC77FE773FFF17EF0000000008D
:10CF600000000000000000000000000000000000C1
:10CF700000000000000000000000000000000000B1
:10CF80000000000000100010001000100010001041
:10CF90000000001000000000002800280028000009
:10CFA0000000000000000000000000000024002439
:10CFB000007C00240048007C00480048000000007D
:10CFC0000038005400500038001400540054003859
:10CFD00000100000002000540058003000280054C9
:10CFE00000140008000000000010002800280010B5
:10CFF0000034004800480034000000000010001019
:10D000000010000000000000000000000000000010
:10D010000008001000200020002000200020002038
:10D020000010000800200010000800080008000898
:10D030000008000800100020001000380010002830
:10D0400000000000000000000000000000000000E0
:10D0500000100010007C0010001000000000000014
:10D0600000000000000000000000000000000010B0
:10D070000010001000000000000000000000003858
:10D0800000000000000000000000000000000000A0
:10D090000000000000000010000000000008000870
:10D0A0000010001000100010002000200000000000
:10D0B0000038004400440054004400440044003858
:10D0C00000000000001000300050001000100010A0
:10D0D000001000100000000000380044004400046C
:10D0E000000800100020007C000000000038004410
:10D0F0000004001800040004004400380000000090
:10D1000000080018002800280048007C00080008DB
:10D1100000000000007C0040004000780004000493
:10D12000004400380000000000380044004000784F
:10D13000004400440044003800000000007C00046B
:10D140000008001000100020002000200000000057
:10D1500000380044004400380044004400440038D3
:10D16000000000000038004400440044003C00047B
:10D170000044003800000000000000000010000023
:10D18000000000000000001000000000000000008F
:10D19000000000100000000000000010001000104F
:10D1A00000000000000C003000400030000C0000C7
:10D1B00000000000000000000000007C0000007C77
:10D1C00000000000000000000000000000600018E7
:10D1D0000004001800600000000000000038004457
:10D1E0000004000800100010000000100000000003
:10D1F00000380044004C0054005C004000400038FF
:10D200000000000000100028002800280028007CF2
:10D21000004400440000000000780044004400780E
:10D22000004400440044007800000000003800443E
:10D230000040004000400040004400380000000072
:10D24000007000480044004400440044004800705E
:10D2500000000000007C00400040007C00400040D6
:10D260000040007C00000000007C0040004000788E
:10D270000040004000400040000000000038004432
:10D2800000400040005C0044004400380000000002
:10D29000004400440044007C004400440044004436
:10D2A00000000000003800100010001000100010F6
:10D2B0000010003800000000000400040004000416
:10D2C000000400040044003800000000004400484E
:10D2D000005000600050004800480044000000007A
:10D2E0000040004000400040004000400040007C02
:10D2F000000000000044006C006C00540044004436
:10D300000044004400000000004400640064005435
:10D310000054004C004C0044000000000038004461
:10D320000044004400440044004400380000000071
:10D330000078004400440044007800400040004071
:10D340000000000000380044004400440044004451
:10D3500000540038000400000078004400440044F9
:10D3600000780048004800440000000000380044F5
:10D3700000400030000800040044003800000000B5
:10D38000007C0010001000100010001000100010B1
:10D3900000000000004400440044004400440044F5
:10D3A000004400380000000000440044004400280D
:10D3B0000028002800100010000000000044004475
:10D3C000005400540054006C0028002800000000A5
:10D3D0000044002800280010001000280028004405
:10D3E0000000000000440044002800280010001045
:10D3F0000010001000000000007C00040008001075
:10D40000001000200040007C000000000018001008
:10D410000010001000100010001000100010001884
:10D42000002000200010001000100010000800086C
:10D43000000000000030001000100010001000106C
:10D4400000100010001000300010002800280044D8
:10D4500000000000000000000000000000000000CC
:10D46000000000000000000000000000000000FEBE
:10D47000002000100000000000000000000000007C
:10D48000000000000000000000380044003C0044A0
:10D49000004C0034000000000040004000580064D0
:10D4A0000044004400640058000000000000000038
:10D4B00000380044004000400044003800000000F4
:10D4C000000400040034004C00440044004C0034CC
:10D4D000000000000000000000380044007C004014
:10D4E0000044003800000000000C0010007C001018
:10D4F00000100010001000100000000000000000EC
:10D500000034004C00440044004C00340004007817
:10D5100000400040005800640044004400440044BF
:10D52000000000000010000000700010001000104B
:10D53000001000100000000000100000007000103B
:10D540000010001000100010001000E0004000402B
:10D5500000480050006000500048004400000000F7
:10D5600000700010001000100010001000100010DB
:10D570000000000000000000007800540054005437
:10D580000054005400000000000000000058006437
:10D59000004400440044004400000000000000007B
:10D5A00000380044004400440044003800000000FB
:10D5B000000000000058006400440044006400586B
:10D5C00000400040000000000034004C00440044D3
:10D5D000004C003400040004000000000058006407
:10D5E000004000400040004000000000000000003B
:10D5F00000380044003000080044003800000000FB
:10D6000000200020007800200020002000200018CA
:10D6100000000000000000000044004400440044FA
:10D62000004C0034000000000000000000440044F2
:10D630000028002800280010000000000000000062
:10D64000005400540054006C002800280000000022
:10D6500000000000004400280010001000280044D2
:10D6600000000000000000000044004400280028E2
:10D67000001000100010006000000000007C000896
:10D68000001000200040007C000000000018001086
:10D6900000100010002000200010001000100018E2
:10D6A00000100010001000100010001000100010FA
:10D6B00000100010003000100010001000080008DA
:10D6C0000010001000100030000000000000007486
:10D6D000004C0000000000000000000006050304EC
:10D6E0000406030074E7000850E7000859E7000843
:10D6F00062E700087DE700086BE7000811E7000813
:10D700002CE70008FFE600081AE700083EE70008DB
:10D7100035E7000808E7000823E7000847E70008A6
:10D720007FE6000808000004100000021800000650
:10D730002000000128000005300000033800000729
:10D74000400080004800800450008002580080069D
:10D750006000800168008005700080037800800709
:10D76000880040049000400298004006A00040015C
:10D77000A8004005B0004003B8004007C800C0043E
:10D78000D000C002D800C006E000C001E800C0051B
:10D79000F000C003F800C0070801200410012002B7
:10D7A0001801200628012005300120033801200738
:10D7B0004801A0045001A0025801A0066001A00188
:10D7C0006801A0057001A0037801A007880160042A
:10D7D0009001600298016006A8016005B001600335
:10D7E000B8016007C801E004D001E002D801E006FA
:10D7F000E801E005F001E003F801E0070802100489
:10D800001802100628021005300210033802100713
:10D810004802900450029002580290066802900557
:10D820007002900378029007880250049802500614
:10D83000A8025005B0025003B8025007C802D00435
:10D84000D802D006E802D005F002D003F802D007D3
:10D850000803300418033006280330053803300766
:10D860004803B0045803B0066803B0057003B00362
:10D870007803B0078803700498037006A803700546
:10D88000B8037007C803F004D803F006E803F005F6
:10D89000F803F007180408062804080538040807E8
:10D8A00048048804580488066804880578048807B2
:10D8B00098044806A8044805B8044807D804C806D0
:10D8C000E804C805F804C80718052806380528071D
:10D8D0005805A8066805A8057805A80798056806EC
:10D8E000B8056807D805E806F805E80738061807F8
:10D8F0005806980678069807B8065807F806D80715
:10D900007807B8070001000092E7000824D7000854
:10D91000F000000000010001000100010001000111
:10D9200001010101010102010201020103010301E0
:10D9300004010401050106010601070108010901AE
:10D9400009010A010B010C010D010E010F0111016A
:10D950001201130114011601170118011A011C010B
:10D960001D011F01210122012401260128012A0194
:10D970002C012E0130013301350137013A013C0100
:10D980003F014101440147014A014D01500153014A
:10D9900056015A015D016101640168016C01700169
:10D9A000740178017C018001850189018E01930158
:10D9B00098019D01A201A801AD01B301B901BF0108
:10D9C000C501CB01D201D801DF01E601EE01F5016D
:10D9D000FD0105020D0215021E02270230023A0265
:10D9E00043024D02580262026D02780284029002E4
:10D9F0009C02A902B602C402D202E002EF02FE02B9
:10DA000000030003000300030003000300030003FE
:10DA100000030003000300030003000300030003EE
:10DA2000000300030003000300030003FE02EF02F3
:10DA3000E002D202C402B602A9029C029002840251
:10DA400078026D02620258024D0243023A0230022D
:10DA500026021E0215020D020502FD01F501EE016E
:10DA6000E601DF01D801D201CB01C501BF01B90137
:10DA7000B301AD01A801A2019D01980193018E019E
:10DA80008901850180017C017801740170016C01BC
:10DA90006801640161015D015A01560153015001A1
:10DAA0004D014A014701440141013F013C013A0156
:10DAB00037013501330130012E012C012A012801E3
:10DAC00026012401220121011F011D011C011A014F
:10DAD00018011701160114011301120111010F01A0
:10DAE0000E010D010C010B010A01090109010801D8
:10DAF00007010601060105010401040103010301F8
:10DB00000201020102010101010101010001000104
:10DB10000001000109090D0919092C0948096A09C0
:10DB20009609C809010A430A8C0ADD0A340B930BD3
:10DB3000FA0B670CDC0C570DDA0D630EF30E8A0F2F
:10DB40002710CB1076112612DD129A135E142615BB
:10DB5000F515CA16A41783186819531A421B361CE8
:10DB60002F1D2D1E2F1F36204121502263237A2482
:10DB70009525B326D527FA28222A4E2B7C2CAD2DAD
:10DB8000E02E16304E318932C533033543368537A2
:10DB9000C8380C3A513B973CDE3D263F6E40B741BA
:10DBA000004348449145D94621486749AD4AF34B63
:10DBB000374D7A4EBC4FFC503A527753B254EB5526
:10DBC000225756588859B75AE35B0D5D335E565F4E
:10DBD00075609161AA62BF63D064DE65E766ED6738
:10DBE000EE68EC69E46AD96BC86CB36D996E7A6FB4
:10DBF00056702D71FF71CC72937355741175C87581
:10DC000079762577CA776A7805799979287AB07A0A
:10DC1000337BB07B277C977C027D677DC57D1D7E35
:10DC20006F7EBB7E017F407F797FAC7FD87FFE7F98
:10DC3000FF7FFF7FFF7FFF7FFE7FD87FAC7F797FF5
:10DC4000407F017FBB7E6F7E1D7EC57D677D027D2F
:10DC5000977C277CB07B337BB07A287A99790579D9
:10DC60006A78CA7725777976C87511755574937374
:10DC7000CC72FF712D7156707A6F996EB36DC86C4E
:10DC8000D96BE46AEC69EE68ED67E766DE65D0643F
:10DC9000BF63AA6291617560565F335E0D5DE35BA1
:10DCA000B75A885956582257EB55B25477533A52BF
:10DCB000FC50BC4F7A4E374DF34BAD4A6749214873
:10DCC000D946914548440043B7416E40263FDE3D6A
:10DCD000973C513B0C3AC8387B3743360335DE332B
:10DCE00089324E311630E02EAD2D7C2C4E2B222A5F
:10DCF000FA28D527B32695257A246323502241217B
:10DD000036202F1F2D1E2F1D361C421B531A68193B
:10DD10008318A41700000000920E493CB10AC93CC8
:10DD20002BC3163D2EFB483D752B7B3D04A9963D2C
:10DD300080B6AF3D36BDC83D2FBCE13D73B2FA3D64
:10DD400087CF093E8340163EB5AB223EA2102F3E40
:10DD5000CF6E3B3EC2C5473E0115543E135C603E4C
:10DD60007F9A6C3ECCCF783EC07D823E938E883EBB
:10DD7000229A8E3E32A0943E86A09A3EE59AA03E1C
:10DD8000128FA63ED47CAC3EEF63B23E2A44B83E2E
:10DD9000491DBE3E15EFC33E53B9C93ECA7BCF3EB7
:10DDA0004136D53E80E8DA3E4F92E03E7533E63E9E
:10DDB000BBCBEB3EEA5AF13ECBE0F63E275DFC3EA4
:10DDC000E4E7003F3D9C033F824B063F9BF5083F45
:10DDD0006B9A0B3FDA390E3FCDD3103F2A68133FC1
:10DDE000D9F6153FC07F183FC6021B3FD17F1D3FAC
:10DDF000CBF61F3F9967223F25D2243F5636273F57
:10DE00001594293F4AEB2B3FDE3B2E3FBB85303F2D
:10DE1000C9C8323FF304353F233A373F4268393FA0
:10DE20003B8F3B3FF9AE3D3F67C73F3F70D8413F17
:10DE300001E2433F03E4453F65DE473F12D1493FDE
:10DE4000F8BB4B3F029F4D3F207A4F3F3D4D513F26
:10DE50004918533F31DB543FE595563F5348583FEF
:10DE60006AF2593F1A945B3F532D5D3F05BE5E3FFA
:10DE70002146603F97C5613F5A3C633F59AA643FC2
:10DE8000880F663FD86B673F3CBF683FA7096A3F72
:10DE90000C4B6B3F5E836C3F93B26D3F9ED86E3FE1
:10DEA00073F56F3F0809713F5213723F4714733F78
:10DEB000DD0B743F0BFA743FC6DE753F07BA763F41
:10DEC000C58B773FF853783F9812793F9DC7793FCC
:10DED00002737A3FBE147B3FCDAC7B3F283B7C3F37
:10DEE000C9BF7C3FAC3A7D3FCCAB7D3F23137E3F27
:10DEF000B0707E3F6DC47E3F580E7F3F6D4E7F3FBA
:10DF0000AB847F3F0FB17F3F97D37F3F43EC7F3F91
:10DF100011FB7F3F0000803F11FB7F3F43EC7F3FC1
:10DF200097D37F3F0FB17F3FAB847F3F6D4E7F3FE5
:10DF3000580E7F3F6DC47E3FB0707E3F23137E3FFF
:10DF4000CCAB7D3FAC3A7D3FC9BF7C3F283B7C3F9B
:10DF5000CDAC7B3FBE147B3F02737A3F9DC7793FB8
:10DF60009812793FF853783FC58B773F07BA763FD1
:10DF7000C6DE753F0BFA743FDD0B743F4714733FE9
:10DF80005213723F0809713F73F56F3F9ED86E3F81
:10DF900093B26D3F5E836C3F0C4B6B3FA7096A3FAA
:10DFA0003CBF683FD86B673F880F663F59AA643F04
:10DFB0005A3C633F97C5613F2146603F05BE5E3FC7
:10DFC000532D5D3F1A945B3F6AF2593F5348583FC7
:10DFD000E595563F31DB543F4918533F3D4D513F86
:10DFE000207A4F3F029F4D3FF8BB4B3F12D1493F34
:10DFF00065DE473F03E4453F01E2433F70D8413FC0
:10E0000067C73F3FF9AE3D3F3B8F3B3F4268393FDB
:10E01000233A373FF304353FC9C8323FBB85303F11
:10E02000DE3B2E3F4AEB2B3F1594293F5636273FC8
:10E0300025D2243F9967223FCBF61F3FD17F1D3F5A
:10E04000C6021B3FC07F183FD9F6153F2A68133F11
:10E05000CDD3103FDA390E3F6B9A0B3F9BF5083F4B
:10E06000824B063F3D9C033FE4E7003F275DFC3EBB
:10E07000CBE0F63EEA5AF13EBBCBEB3E7533E63ED3
:10E080004F92E03E80E8DA3E4136D53ECA7BCF3E35
:10E0900053B9C93E15EFC33E491DBE3E2A44B83EA2
:10E0A000EF63B23ED47CAC3E128FA63EE59AA03E12
:10E0B00086A09A3E32A0943E229A8E3E938E883E4F
:10E0C000C07D823ECCCF783E7F9A6C3E135C603E32
:10E0D0000115543EC2C5473ECF6E3B3EA2102F3EB7
:10E0E000B5AB223E8340163E87CF093E73B2FA3D60
:10E0F0002FBCE13D36BDC83D80B6AF3D04A9963D7D
:10E10000752B7B3D2EFB483D2BC3163DB10AC93C08
:10E11000920E493C00000000920E49BCB10AC9BCF5
:10E120002BC316BD2EFB48BD752B7BBD04A996BD28
:10E1300080B6AFBD36BDC8BD2FBCE1BD73B2FABD60
:10E1400087CF09BE834016BEB5AB22BEA2102FBE3C
:10E15000CF6E3BBEC2C547BE011554BE135C60BE48
:10E160007F9A6CBECCCF78BEC07D82BE938E88BEB7
:10E17000229A8EBE32A094BE86A09ABEE59AA0BE18
:10E18000128FA6BED47CACBEEF63B2BE2A44B8BE2A
:10E19000491DBEBE15EFC3BE53B9C9BECA7BCFBEB3
:10E1A0004136D5BE80E8DABE4F92E0BE7533E6BE9A
:10E1B000BBCBEBBEEA5AF1BECBE0F6BE275DFCBEA0
:10E1C000E4E700BF3D9C03BF824B06BF9BF508BF41
:10E1D0006B9A0BBFDA390EBFCDD310BF2A6813BFBD
:10E1E000D9F615BFC07F18BFC6021BBFD17F1DBFA8
:10E1F000CBF61FBF996722BF25D224BF563627BF53
:10E20000159429BF4AEB2BBFDE3B2EBFBB8530BF29
:10E21000C9C832BFF30435BF233A37BF426839BF9C
:10E220003B8F3BBFF9AE3DBF67C73FBF70D841BF13
:10E2300001E243BF03E445BF65DE47BF12D149BFDA
:10E24000F8BB4BBF029F4DBF207A4FBF3D4D51BF22
:10E25000491853BF31DB54BFE59556BF534858BFEB
:10E260006AF259BF1A945BBF532D5DBF05BE5EBFF6
:10E27000214660BF97C561BF5A3C63BF59AA64BFBE
:10E28000880F66BFD86B67BF3CBF68BFA7096ABF6E
:10E290000C4B6BBF5E836CBF93B26DBF9ED86EBFDD
:10E2A00073F56FBF080971BF521372BF471473BF74
:10E2B000DD0B74BF0BFA74BFC6DE75BF07BA76BF3D
:10E2C000C58B77BFF85378BF981279BF9DC779BFC8
:10E2D00002737ABFBE147BBFCDAC7BBF283B7CBF33
:10E2E000C9BF7CBFAC3A7DBFCCAB7DBF23137EBF23
:10E2F000B0707EBF6DC47EBF580E7FBF6D4E7FBFB6
:10E30000AB847FBF0FB17FBF97D37FBF43EC7FBF8D
:10E3100011FB7FBF000080BF11FB7FBF43EC7FBFBD
:10E3200097D37FBF0FB17FBFAB847FBF6D4E7FBFE1
:10E33000580E7FBF6DC47EBFB0707EBF23137EBFFB
:10E34000CCAB7DBFAC3A7DBFC9BF7CBF283B7CBF97
:10E35000CDAC7BBFBE147BBF02737ABF9DC779BFB4
:10E36000981279BFF85378BFC58B77BF07BA76BFCD
:10E37000C6DE75BF0BFA74BFDD0B74BF471473BFE5
:10E38000521372BF080971BF73F56FBF9ED86EBF7D
:10E3900093B26DBF5E836CBF0C4B6BBFA7096ABFA6
:10E3A0003CBF68BFD86B67BF880F66BF59AA64BF00
:10E3B0005A3C63BF97C561BF214660BF05BE5EBFC3
:10E3C000532D5DBF1A945BBF6AF259BF534858BFC3
:10E3D000E59556BF31DB54BF491853BF3D4D51BF82
:10E3E000207A4FBF029F4DBFF8BB4BBF12D149BF30
:10E3F00065DE47BF03E445BF01E243BF70D841BFBC
:10E4000067C73FBFF9AE3DBF3B8F3BBF426839BFD7
:10E41000233A37BFF30435BFC9C832BFBB8530BF0D
:10E42000DE3B2EBF4AEB2BBF159429BF563627BFC4
:10E4300025D224BF996722BFCBF61FBFD17F1DBF56
:10E44000C6021BBFC07F18BFD9F615BF2A6813BF0D
:10E45000CDD310BFDA390EBF6B9A0BBF9BF508BF47
:10E46000824B06BF3D9C03BFE4E700BF275DFCBEB7
:10E47000CBE0F6BEEA5AF1BEBBCBEBBE7533E6BECF
:10E480004F92E0BE80E8DABE4136D5BECA7BCFBE31
:10E4900053B9C9BE15EFC3BE491DBEBE2A44B8BE9E
:10E4A000EF63B2BED47CACBE128FA6BEE59AA0BE0E
:10E4B00086A09ABE32A094BE229A8EBE938E88BE4B
:10E4C000C07D82BECCCF78BE7F9A6CBE135C60BE2E
:10E4D000011554BEC2C547BECF6E3BBEA2102FBEB3
:10E4E000B5AB22BE834016BE87CF09BE73B2FABD5C
:10E4F0002FBCE1BD36BDC8BD80B6AFBD04A996BD79
:10E50000752B7BBD2EFB48BD2BC316BDB10AC9BC04
:10E51000920E49BC000000805200540020202020B0
:10E52000427574746F6E2031004C6F6E6742757463
:10E53000746F6E2031004C6F6E67427574746F6E2D
:10E540002033004C6F6E67427574746F6E20380014
:10E5500042616E64202D20004D6F6465202D2000E7
:10E56000566F6C756D65202D200053746570202DDD
:10E570000056464F20410056464F2042004C534221
:10E58000005553420020414D0020464D0020435786
:10E590000031306D0032306D0033306D0034306D3D
:10E5A000003136306D0038306D0031326D0031355C
:10E5B0006D0031376D002B3130002B3230002B33A2
:10E5C00030002B3430002D5333003135002D5335BE
:10E5D000002D5337002D5339004E6F2041434B20FF
:10E5E00028446973636F6E6E6563742900457272A7
:10E5F0006F722053493533353100446174612057BF
:10E6000072697465005265672057726974650053BA
:10E610007461727420466C61670049324320426C19
:10E620006F636B00416464722054696D656F75742B
:10E6300000526573657276656420310046696C74BA
:10E640006572203100736935333531005265736569
:10E650007276656420320046696C746572203200FF
:10E6600046696C74657220330046696C746572206B
:10E67000340046696C7465722035004147430020C0
:10E68000312E35207365630052657365727665645B
:10E690000054726573686F6C640042616C616E63F4
:10E6A000650052616E67650052656C656173650057
:10E6B00050686173650042616E64776964746800D4
:10E6C0004261636B0041747461636B0057617465F0
:10E6D0007266616C6C0043616C6962726174696F2F
:10E6E0006E004D6963204C696D697465720042610A
:10E6F0006E642D506173732046696C7465720020DE
:10E7000031322E30206D73003139322E30206D734E
:10E71000002020332E30206D73002032342E302024
:10E720006D73003338342E30206D73002020362E68
:10E7300030206D73002039362E30206D7300203468
:10E74000382E30206D73003736382E30206D730030
:10E750002020302E31206D73002020302E32206D8D
:10E7600073002020302E34206D73002020312E3590
:10E77000206D730020302E3035206D730020203046
:10E780002E38206D730050616C6C6574004578699B
:10E790007400FF7F0000F67F2403D87F4706A77F21
:10E7A0006A09627F8B0C097FAB0F9D7EC8121D7EAC
:10E7B000E2158A7DF818E37C0B1C297C191F5D7B10
:10E7C00023227D7A28258A79262884781F2B6C7746
:10E7D000112E4176FB300475DE33B573BA365572AF
:10E7E0008C39E270563C5F6F173FCA6DCE41246C86
:10E7F0007A446D6A1C47A668B449CF663F4CE8640A
:10E80000BF4EF2623351EC609B53D75EF555B45C5A
:10E810004258825A825A4258B45CF555D75E9B538F
:10E82000EC603351F262BF4EE8643F4CCF66B449AE
:10E83000A6681C476D6A7A44246CCE41CA6D173FA6
:10E840005F6F563CE2708C395572BA36B573DE3361
:10E850000475FB304176112E6C771F2B84782628A7
:10E860008A7928257D7A23225D7B191F297C0B1C40
:10E87000E37CF8188A7DE2151D7EC8129D7EAB0FE1
:10E88000097F8B0C627F6A09A77F4706D87F240324
:10E89000F67F0000FF7FDBFCF67FB8F9D87F95F6A6
:10E8A000A77F74F3627F54F0097F37ED9D7E1DEAE8
:10E8B0001D7E07E78A7DF4E3E37CE6E0297CDCDD6E
:10E8C0005D7BD7DA7D7AD9D78A79E0D48478EED1A6
:10E8D0006C7704CF417621CC047545C9B57373C6F6
:10E8E0005572A9C3E270E8C05F6F31BECA6D85BBC7
:10E8F000246CE3B86D6A4BB6A668C0B3CF6640B16E
:10E90000E864CCAEF26264ACEC600AAAD75EBDA744
:10E91000B45C7DA5825A4BA3425828A1F555139F9C
:10E920009B530D9D3351179BBF4E30993F4C5997C8
:10E93000B44992951C47DB937A443592CE41A0901E
:10E94000173F1D8F563CAA8D8C394A8CBA36FB8AEC
:10E95000DE33BE89FB309388112E7B871F2B758693
:10E96000262882852825A2842322D683191F1C836A
:10E970000B1C7582F818E281E2156281C812F680DC
:10E98000AB0F9D808B0C58806A0927804706098051
:10E990002403008000000980DBFC2780B8F9588040
:10E9A00095F69D8074F3F68054F0628137EDE28134
:10E9B0001DEA758207E71C83F4E3D683E6E0A284B0
:10E9C000DCDD8285D7DA7586D9D77B87E0D493885A
:10E9D000EED1BE8904CFFB8A21CC4A8C45C9AA8DD1
:10E9E00073C61D8FA9C3A090E8C0359231BEDB93DA
:10E9F00085BB9295E3B859974BB63099C0B3179B36
:10EA000040B10D9DCCAE139F64AC28A10AAA4BA3C4
:10EA1000BDA77DA57DA5BDA74BA30AAA28A164AC6F
:10EA2000139FCCAE0D9D40B1179BC0B330994BB630
:10EA30005997E3B8929585BBDB9331BE3592E8C018
:10EA4000A090A9C31D8F73C6AA8D45C94A8C21CC3D
:10EA5000FB8A04CFBE89EED19388E0D47B87D9D7D7
:10EA60007586D7DA8285DCDDA284E6E0D683F4E31E
:10EA70001C8307E775821DEAE28137ED628154F05D
:10EA8000F68074F39D8095F65880B8F92780DBFCFA
:10EA90000980000029006600B6001B0192011B02DC
:10EAA000B70263032104EF04CD05B906B407BC081F
:10EAB000D209F30A210C590D9C0EE80F3E119C124D
:10EAC00002147015E4165F18DF19651BEF1C7E1E1B
:10EAD0001120A6213E23D92475261228B0294F2BB8
:10EAE000ED2C8B2E2830C4315E33F7348D3621382F
:10EAF000B2393F3BCA3C513ED43F5341CE424544DC
:10EB0000B74524478B48ED49494BA04CF04D3A4F4F
:10EB10007E50BB51F25222544B556E5689579E5827
:10EB2000AC59B35AB45BAF5CA35D915E7B5F5F6031
:10EB300040611D62F862D363AE6490657D667E6756
:10EB40009A68DB694B6BF86CEF6E4271037448771F
:10EB5000997A487DE47E997FDF7FFF7F0000010086
:10EB6000010002000200030003000400040005008D
:10EB7000050006000600070007000800080009005D
:10EB800009000A000A000B000B000C000C000D002D
:10EB90000D000E000E000F000F000F000F080E10EA
:10EBA0000E180E200D280D300D380C400C480C505E
:10EBB0000B580B600B680A700A780A800988099064
:10EBC000099808A008A808B007B807C007C806D069
:10EBD00006D806E005E805F005F804F804F804F89E
:10EBE00004F803F803F803F803F802F802F802F84F
:10EBF00002F801F801F801F801F800F800F800F84F
:10EC000000F800F820F840F840F860F880F880F844
:10EC1000A0F8C0F8C0F8E0F800F900F920F940F9D0
:10EC200040F960F980F980F9A0F9C0F9C0F9E0F97C
:10EC300000FA00FA20FA40FA40FA60FA80FA80FA04
:10EC4000A0FAC0FAC0FAE0FA00FB00FB20FB40FB90
:10EC500040FB60FB80FB80FBA0FBC0FBC0FBE0FB3C
:10EC600000FC00FC20FC40FC40FC60FC80FC80FCC4
:10EC7000A0FCC0FCC0FCE0FC00FD00FD20FD40FD50
:10EC800040FD60FD80FD80FDA0FDC0FDC0FDE0FDFC
:10EC900000FE00FE20FE40FE40FE60FE80FE80FE84
:10ECA000A0FEC0FEC0FEE0FE00FF00FF02FF04FF6A
:10ECB00006FF09FF0BFF0DFF0FFF11FF14FF16FFEB
:10ECC00018FF1AFF1DFF1FFF21FF23FF26FF28FF4C
:10ECD0002AFF2CFF2FFF31FF33FF36FF38FF3AFFAB
:10ECE0003CFF3FFF41FF43FF45FF48FF4AFF4CFF0A
:10ECF0004EFF51FF53FF55FF57FF5AFF5CFF5DFF6B
:10ED00005FFF61FF63FF65FF67FF69FF6BFF6DFFDB
:10ED10006FFF71FF73FF75FF77FF79FF7BFF7DFF4B
:10ED20007FFF81FF83FF85FF87FF89FF8BFF8DFFBB
:10ED30008FFF91FF93FF95FF97FF99FF9BFF9DFF2B
:10ED40009FFFA1FFA3FFA5FFA7FFA9FFABFFADFF9B
:10ED5000AFFFB1FFB3FFB5FFB7FFFFFF80ED0008C6
:10ED600000000020A001000028010008A8EE000813
:10ED7000A0010020582600008401000800000000C7
:10ED8000225C1B2074041A88041A94041AA4041A1E
:10ED9000B4041ACC0441230B1213C8AE2408101A71
:10EDA0001324BC2408070A1370CF1308F015400180
:10EDB000B6E61B08D6041ACC041A7B041AE2041A1D
:10EDC000EE041A8804138DE714088EE51B087D04F1
:10EDD0001A81041A86041A8A041AC01C1A45041AD5
:10EDE000B0045A9A2C29141AA2041A8634290C1A2F
:10EDF000C5041AA8045A911CE9101A3C041A5704B5
:10EE00001A60041A69045A72181A31045A4C0C24F4
:10EE100080841E23093D1B127AB912F4101080C39E
:10EE2000C901F401F00AF00A881388136412281348
:10EE30005D14130103320164090308228012FF12DA
:10EE40003C2A671571320214389C1C14B0633714C5
:10EE5000502F6C14C87E9A14C0ACD8181270F214DB
:10EE600001D03F4401F0B47C0120E0B2019C2414A5
:10EE70001464371AB424142C7F9A1424ADD81AD4ED
:10EE800024180A3440440154B57C018424211D0116
:10EE9000010102011907290B390149091302017205
:08EEA0006412327C09010C90A0
:04000005080000ED02
:00000001FF
